#pragma once
#include <stdint.h>
#include <pgmspace.h>
#define CN_FONT_W 12
#define CN_FONT_H 12
#define CN_FONT_BYTES_PER_GLYPH 24
#define CN_FONT_COUNT 4800
typedef struct { uint16_t unicode; uint8_t bits[24]; } CnGlyph;
static const CnGlyph CN_GLYPHS[] PROGMEM = {
  {0x0027, {0x00,0x00,0x00,0x00,0x04,0x00,0x04,0x00,0x04,0x00,0x00,0x00,0x00,0x00,0x00,0x00,0x00,0x00,0x00,0x00,0x00,0x00,0x00,0x00}},
  {0x00B7, {0x00,0x00,0x00,0x00,0x00,0x00,0x00,0x00,0x00,0x00,0x00,0x00,0x04,0x00,0x04,0x00,0x00,0x00,0x00,0x00,0x00,0x00,0x00,0x00}},
  {0x2014, {0x00,0x00,0x00,0x00,0x00,0x00,0x00,0x00,0x00,0x00,0x00,0x00,0x00,0x00,0xFF,0xF0,0x00,0x00,0x00,0x00,0x00,0x00,0x00,0x00}},
  {0x2026, {0x00,0x00,0x00,0x00,0x00,0x00,0x00,0x00,0x00,0x00,0x00,0x00,0x00,0x00,0x00,0x00,0x00,0x00,0x00,0x00,0x26,0xC0,0x00,0x00}},
  {0x3001, {0x00,0x00,0x00,0x00,0x00,0x00,0x00,0x00,0x00,0x00,0x00,0x00,0x00,0x00,0x00,0x00,0x00,0x00,0x00,0x00,0x40,0x00,0x20,0x00}},
  {0x3002, {0x00,0x00,0x00,0x00,0x00,0x00,0x00,0x00,0x00,0x00,0x00,0x00,0x00,0x00,0x00,0x00,0x00,0x00,0x60,0x00,0x50,0x00,0x60,0x00}},
  {0x300A, {0x00,0x00,0x00,0x00,0x00,0xA0,0x00,0xE0,0x01,0x40,0x01,0xC0,0x02,0x80,0x02,0x80,0x02,0x80,0x01,0xC0,0x01,0x40,0x00,0xE0}},
  {0x300B, {0x00,0x00,0x00,0x00,0x50,0x00,0x30,0x00,0x28,0x00,0x38,0x00,0x14,0x00,0x14,0x00,0x14,0x00,0x38,0x00,0x28,0x00,0x30,0x00}},
  {0x3010, {0x00,0x00,0x00,0x00,0x01,0xC0,0x01,0xC0,0x01,0x80,0x01,0x80,0x01,0x00,0x01,0x00,0x01,0x00,0x01,0x80,0x01,0x80,0x01,0xC0}},
  {0x3011, {0x00,0x00,0x00,0x00,0x38,0x00,0x38,0x00,0x18,0x00,0x08,0x00,0x08,0x00,0x08,0x00,0x08,0x00,0x18,0x00,0x18,0x00,0x38,0x00}},
  {0x3437, {0x00,0x00,0x1F,0xC0,0x20,0x40,0x24,0x40,0x64,0x40,0x64,0x40,0xA7,0xE0,0x20,0x20,0x2F,0xE0,0x20,0x20,0x20,0x20,0x21,0xE0}},
  {0x343D, {0x00,0x00,0x2F,0xC0,0x28,0x40,0x6C,0xC0,0x4B,0xC0,0xCB,0x40,0xCB,0x40,0x4B,0x40,0x4B,0xC0,0x5C,0xF0,0x74,0xB0,0x70,0x20}},
  {0x3448, {0x00,0x00,0x32,0x00,0x3F,0xF0,0x24,0x00,0x6D,0x00,0x69,0x00,0xAF,0xF0,0x21,0x00,0x25,0x60,0x29,0x20,0x39,0x30,0x37,0x00}},
  {0x3469, {0x00,0x00,0x3F,0xE0,0x2A,0xA0,0x2A,0xA0,0x6F,0xE0,0xE2,0x00,0xA7,0xE0,0x28,0x60,0x32,0x40,0x21,0x80,0x27,0x00,0x2C,0x00}},
  {0x34E5, {0x00,0x00,0x10,0x20,0xD4,0xA0,0x54,0xA0,0x10,0xA0,0x7C,0xA0,0x04,0xA0,0x04,0xA0,0x7C,0xA0,0x04,0x20,0x04,0x20,0xFC,0xE0}},
  {0x3509, {0x00,0x00,0x7F,0x60,0x41,0x60,0x7F,0x60,0x48,0x60,0x7F,0x60,0x69,0x60,0x7F,0x60,0x6D,0x20,0xEF,0x20,0xB9,0x20,0xA3,0x60}},
  {0x358A, {0x00,0x00,0x77,0xE0,0x50,0x20,0x50,0x20,0x57,0xE0,0x50,0x20,0x57,0xE0,0x50,0x40,0x7F,0xF0,0x56,0x40,0x02,0x40,0x01,0xC0}},
  {0x359E, {0x00,0x00,0x77,0xE0,0x54,0x20,0x54,0x20,0x57,0xE0,0x50,0x80,0x5F,0xE0,0x59,0x20,0x7B,0xE0,0x5E,0x60,0x08,0x20,0x08,0xE0}},
  {0x37E5, {0x00,0x00,0x06,0x00,0x7F,0xE0,0x0D,0x00,0x19,0x80,0x3F,0xE0,0x04,0x00,0xFF,0xF0,0x3E,0xC0,0x1F,0x20,0x3F,0x80,0x3C,0x00}},
  {0x384E, {0x00,0x00,0x21,0x00,0x22,0x40,0x7F,0xE0,0x29,0x00,0x2F,0xF0,0x2A,0x40,0x2F,0x30,0x3A,0xC0,0x33,0x60,0x21,0x80,0x26,0x00}},
  {0x392D, {0x00,0x00,0x20,0xE0,0x2F,0x00,0x71,0x00,0xEF,0xF0,0xA2,0x80,0x2C,0x60,0x3C,0x70,0x24,0x40,0x24,0x40,0x2C,0x40,0x28,0x40}},
  {0x396A, {0x00,0x00,0x21,0x20,0x25,0x40,0x7F,0xF0,0xA3,0xC0,0xAD,0x20,0x22,0x00,0x2F,0xF0,0x24,0x40,0x27,0x80,0x23,0xC0,0x2C,0x20}},
  {0x39CF, {0x00,0x00,0x2F,0xE0,0x28,0x20,0xFE,0x60,0x2A,0xA0,0x29,0xA0,0x79,0xA0,0xE9,0xA0,0x2A,0xE0,0x2C,0x20,0x28,0x20,0xC8,0xE0}},
  {0x39DB, {0x00,0x00,0x49,0x00,0x4B,0xF0,0x4E,0x80,0x00,0x40,0x7F,0xE0,0x02,0x00,0x7F,0xE0,0x02,0x00,0xFF,0xF0,0x02,0x00,0x1C,0x00}},
  {0x39DF, {0x00,0x00,0x21,0xF0,0x27,0x00,0xF1,0x00,0x21,0x00,0x2D,0x00,0x71,0x00,0xE1,0x00,0x25,0x00,0x2D,0x00,0x29,0x00,0xC9,0xF0}},
  {0x3B64, {0x00,0x00,0x21,0x00,0x27,0xE0,0xF5,0x20,0x24,0x20,0x64,0xC0,0x74,0x00,0xE7,0xE0,0xA0,0x20,0x2F,0xE0,0x20,0x20,0x21,0xE0}},
  {0x3DB6, {0x00,0x00,0x20,0x80,0x27,0xF0,0xB5,0x10,0xB3,0x80,0x62,0xA0,0x26,0xC0,0x26,0xC0,0x7A,0x40,0x52,0x60,0xC3,0xB0,0x82,0x00}},
  {0x46D3, {0x00,0x00,0x5B,0x00,0x5B,0xF0,0x5D,0x80,0x44,0x60,0xFF,0xF0,0x3F,0xC0,0x00,0x00,0x3F,0xC0,0x7F,0xE0,0x40,0x20,0x7F,0xE0}},
  {0x4E00, {0x00,0x00,0x00,0x00,0x00,0x00,0x00,0x00,0x00,0x00,0x00,0x00,0xFF,0xF0,0x00,0x00,0x00,0x00,0x00,0x00,0x00,0x00,0x00,0x00}},
  {0x4E01, {0x00,0x00,0xFF,0xF0,0x02,0x00,0x02,0x00,0x02,0x00,0x02,0x00,0x02,0x00,0x02,0x00,0x02,0x00,0x02,0x00,0x02,0x00,0x1E,0x00}},
  {0x4E02, {0x00,0x00,0xFF,0xF0,0x10,0x00,0x10,0x00,0x30,0x00,0x3F,0xC0,0x00,0x40,0x00,0x40,0x00,0x40,0x00,0x40,0x00,0x40,0x07,0x80}},
  {0x4E03, {0x00,0x00,0x08,0x00,0x08,0x00,0x08,0x00,0x0F,0xF0,0xFC,0x00,0x08,0x00,0x08,0x00,0x08,0x20,0x08,0x20,0x0C,0x20,0x07,0xE0}},
  {0x4E04, {0x00,0x00,0x06,0x00,0x06,0x00,0x06,0x00,0x06,0x00,0x06,0x00,0x06,0x00,0x06,0x00,0x06,0x00,0x06,0x00,0x06,0x00,0xFF,0xF0}},
  {0x4E05, {0x00,0x00,0xFF,0xF0,0x06,0x00,0x06,0x00,0x06,0x00,0x06,0x00,0x06,0x00,0x06,0x00,0x06,0x00,0x06,0x00,0x06,0x00,0x06,0x00}},
  {0x4E06, {0x00,0x00,0xFF,0xF0,0x06,0x00,0x06,0x00,0x06,0x00,0x04,0x00,0x04,0x00,0x0C,0x00,0x08,0x00,0x18,0x00,0x30,0x00,0x40,0x00}},
  {0x4E07, {0x00,0x00,0xFF,0xF0,0x08,0x00,0x08,0x00,0x08,0x00,0x0F,0xC0,0x18,0x40,0x18,0x40,0x10,0x40,0x30,0x40,0x60,0xC0,0xC7,0x80}},
  {0x4E08, {0x00,0x00,0x01,0x00,0x01,0x00,0xFF,0xF0,0x01,0x00,0x21,0x00,0x11,0x00,0x1B,0x00,0x0E,0x00,0x0E,0x00,0x39,0x80,0xE0,0x70}},
  {0x4E09, {0x00,0x00,0x7F,0xE0,0x00,0x00,0x00,0x00,0x00,0x00,0x00,0x00,0x3F,0xC0,0x00,0x00,0x00,0x00,0x00,0x00,0x00,0x00,0xFF,0xF0}},
  {0x4E0A, {0x04,0x00,0x04,0x00,0x04,0x00,0x04,0x00,0x04,0x00,0x07,0xE0,0x04,0x00,0x04,0x00,0x04,0x00,0x04,0x00,0x04,0x00,0xFF,0xF0}},
  {0x4E0B, {0x00,0x00,0xFF,0xF0,0x04,0x00,0x04,0x00,0x04,0x00,0x07,0x00,0x05,0x80,0x04,0xC0,0x04,0x20,0x04,0x00,0x04,0x00,0x04,0x00}},
  {0x4E0C, {0x00,0x00,0xFF,0xF0,0x10,0x80,0x10,0x80,0x10,0x80,0x10,0x80,0x10,0x80,0x10,0x80,0x30,0x80,0x20,0x80,0x60,0x80,0x40,0x80}},
  {0x4E0D, {0x00,0x00,0xFF,0xF0,0x02,0x00,0x06,0x00,0x0C,0x00,0x0F,0x00,0x1E,0xC0,0x36,0x60,0x66,0x30,0x86,0x00,0x06,0x00,0x06,0x00}},
  {0x4E0E, {0x00,0x00,0x30,0x00,0x30,0x00,0x3F,0xF0,0x20,0x00,0x20,0x00,0x3F,0xE0,0x00,0x20,0xFF,0xA0,0x00,0x20,0x00,0x60,0x07,0xC0}},
  {0x4E0F, {0x00,0x00,0xFF,0xF0,0x04,0x00,0x44,0x00,0x47,0xE0,0x44,0x20,0x44,0x20,0x7F,0xE0,0x00,0x20,0x00,0x20,0x00,0x20,0x03,0xC0}},
  {0x4E10, {0x00,0x00,0xFF,0xF0,0x04,0x00,0x27,0xE0,0x64,0x00,0x64,0x00,0x7F,0xE0,0x00,0x20,0x00,0x20,0x00,0x20,0x00,0x60,0x03,0xC0}},
  {0x4E11, {0x00,0x00,0x7F,0xC0,0x08,0x40,0x08,0x40,0x08,0x40,0x08,0x40,0x7F,0xC0,0x08,0x40,0x18,0x40,0x10,0x40,0x10,0xC0,0xFF,0xF0}},
  {0x4E12, {0x00,0x00,0x7F,0xE0,0x0C,0x20,0x0C,0x60,0x78,0x60,0x1E,0x60,0x1F,0x60,0x10,0x40,0x20,0x40,0x43,0xC0,0x00,0x00,0xFF,0xF0}},
  {0x4E13, {0x00,0x00,0x04,0x00,0x0C,0x00,0x7F,0xE0,0x08,0x00,0xFF,0xF0,0x10,0x00,0x3F,0xE0,0x00,0xC0,0x19,0x80,0x07,0x00,0x01,0x80}},
  {0x4E14, {0x00,0x00,0x3F,0xC0,0x20,0x40,0x20,0x40,0x3F,0xC0,0x20,0x40,0x20,0x40,0x3F,0xC0,0x20,0x40,0x20,0x40,0x20,0x40,0xFF,0xF0}},
  {0x4E15, {0x00,0x00,0xFF,0xF0,0x06,0x00,0x04,0x00,0x0E,0x00,0x1F,0x00,0x36,0xC0,0x66,0x60,0x86,0x10,0x06,0x00,0x06,0x00,0xFF,0xF0}},
  {0x4E16, {0x00,0x00,0x04,0x40,0x24,0x40,0x24,0x40,0xFF,0xF0,0x24,0x40,0x24,0x40,0x24,0x40,0x27,0xC0,0x24,0x40,0x20,0x00,0x3F,0xE0}},
  {0x4E17, {0x00,0x00,0x06,0x00,0x26,0x40,0x26,0x40,0x26,0x40,0xFF,0xF0,0x26,0x40,0x26,0x40,0x26,0x40,0x26,0x40,0x3F,0xC0,0x20,0x40}},
  {0x4E18, {0x00,0x00,0x03,0xC0,0x3E,0x00,0x20,0x00,0x20,0x00,0x20,0x00,0x3F,0xE0,0x21,0x00,0x21,0x00,0x21,0x00,0x21,0x00,0xFF,0xF0}},
  {0x4E19, {0x00,0x00,0xFF,0xF0,0x06,0x00,0x7F,0xE0,0x44,0x20,0x46,0x20,0x4F,0x20,0x59,0xA0,0x70,0xA0,0x40,0x20,0x40,0x20,0x41,0xC0}},
  {0x4E1A, {0x00,0x00,0x09,0x00,0x09,0x00,0x49,0x20,0x49,0x20,0x69,0x60,0x29,0x40,0x29,0x40,0x29,0x40,0x09,0x00,0x09,0x00,0xFF,0xF0}},
  {0x4E1B, {0x00,0x00,0x11,0x80,0x11,0x80,0x11,0x80,0x11,0x80,0x11,0x80,0x19,0x80,0x25,0xC0,0x22,0x40,0x46,0x20,0x44,0x30,0xFF,0xF0}},
  {0x4E1C, {0x00,0x00,0x18,0x00,0x10,0x00,0xFF,0xF0,0x32,0x00,0x22,0x00,0x62,0x00,0x7F,0xE0,0x32,0x80,0x22,0x60,0x42,0x30,0x9E,0x00}},
  {0x4E1D, {0x00,0x00,0x10,0x80,0x31,0x80,0x2D,0x20,0x4A,0x40,0x73,0x80,0x21,0x00,0x73,0xC0,0x18,0xE0,0x00,0x00,0x00,0x00,0xFF,0xF0}},
  {0x4E1E, {0x00,0x00,0x7F,0xC0,0x01,0x80,0x02,0x00,0x7B,0x20,0x1B,0x40,0x12,0x80,0x22,0xC0,0x46,0x60,0x8C,0x30,0x00,0x00,0xFF,0xF0}},
  {0x4E20, {0x00,0x00,0x09,0x00,0x09,0x20,0x79,0xE0,0x09,0x80,0x09,0x00,0x19,0x20,0x79,0x20,0x49,0xE0,0x08,0x00,0x00,0x00,0xFF,0xF0}},
  {0x4E21, {0x00,0x00,0xFF,0xF0,0x04,0x00,0x04,0x00,0x7F,0xE0,0x44,0x20,0x54,0xA0,0x54,0xA0,0x5F,0xA0,0x40,0x20,0x40,0x20,0x40,0xE0}},
  {0x4E22, {0x00,0x00,0x03,0xE0,0x7E,0x00,0x06,0x00,0x7F,0xE0,0x06,0x00,0xFF,0xF0,0x08,0x00,0x18,0x00,0x10,0x80,0x30,0xC0,0x7F,0xE0}},
  {0x4E24, {0x00,0x00,0xFF,0xF0,0x09,0x00,0x7F,0xE0,0x49,0x20,0x49,0x20,0x59,0x20,0x56,0xA0,0x72,0x60,0x64,0x20,0x40,0x20,0x40,0xE0}},
  {0x4E25, {0x00,0x00,0xFF,0xF0,0x29,0x60,0x09,0x00,0x09,0x00,0x7F,0xF0,0x40,0x00,0x40,0x00,0x40,0x00,0x40,0x00,0x40,0x00,0x80,0x00}},
  {0x4E27, {0x00,0x00,0x06,0x00,0x7F,0xE0,0x26,0x40,0x36,0xC0,0x16,0x80,0xFF,0xF0,0x24,0x60,0x22,0xC0,0x23,0x00,0x3C,0xC0,0x30,0x70}},
  {0x4E28, {0x00,0x00,0x06,0x00,0x06,0x00,0x06,0x00,0x06,0x00,0x06,0x00,0x06,0x00,0x06,0x00,0x06,0x00,0x06,0x00,0x06,0x00,0x06,0x00}},
  {0x4E29, {0x00,0x00,0x01,0x00,0x09,0x00,0x09,0x00,0x09,0x00,0x09,0x00,0x09,0x00,0x0B,0x00,0x0F,0x00,0x09,0x00,0x01,0x00,0x01,0x00}},
  {0x4E2A, {0x00,0x00,0x06,0x00,0x0E,0x00,0x09,0x00,0x10,0x80,0x66,0x60,0xC6,0x30,0x06,0x00,0x06,0x00,0x06,0x00,0x06,0x00,0x06,0x00}},
  {0x4E2B, {0x00,0x00,0x40,0x20,0x20,0x40,0x10,0x80,0x09,0x00,0x06,0x00,0x06,0x00,0x06,0x00,0x06,0x00,0x06,0x00,0x06,0x00,0x06,0x00}},
  {0x4E2C, {0x00,0x00,0x01,0x00,0x09,0x00,0x0D,0x00,0x05,0x00,0x01,0x00,0x03,0x00,0x07,0x00,0x19,0x00,0x11,0x00,0x01,0x00,0x01,0x00}},
  {0x4E2D, {0x06,0x00,0x06,0x00,0x06,0x00,0x7F,0xE0,0x46,0x20,0x46,0x20,0x46,0x20,0x7F,0xE0,0x06,0x00,0x06,0x00,0x06,0x00,0x06,0x00}},
  {0x4E2E, {0x00,0x00,0xFF,0xC0,0x18,0x40,0x18,0x40,0x18,0x40,0xFF,0x40,0x18,0x40,0x18,0x40,0xFF,0x40,0x18,0x50,0x18,0x70,0x18,0x20}},
  {0x4E2F, {0x00,0x00,0x06,0x80,0x07,0x80,0x0E,0x00,0x36,0xC0,0x07,0x80,0x1E,0x20,0x06,0xC0,0x07,0x80,0x1E,0x00,0x26,0x00,0x06,0x00}},
  {0x4E30, {0x00,0x00,0x06,0x00,0x06,0x00,0x7F,0xE0,0x06,0x00,0x06,0x00,0x7F,0xE0,0x06,0x00,0x06,0x00,0xFF,0xF0,0x06,0x00,0x06,0x00}},
  {0x4E31, {0x00,0x00,0x09,0x00,0x49,0x20,0x49,0x20,0x49,0x20,0x49,0x20,0x79,0xE0,0x59,0x00,0x11,0x00,0x31,0x00,0x61,0x00,0x41,0x00}},
  {0x4E32, {0x00,0x00,0x06,0x00,0x7F,0xE0,0x66,0x60,0x7F,0xE0,0x06,0x00,0x7F,0xE0,0x46,0x20,0x7F,0xE0,0x46,0x20,0x06,0x00,0x06,0x00}},
  {0x4E33, {0x00,0x00,0x09,0x00,0x7F,0xE0,0x49,0x20,0x7F,0xE0,0x09,0x00,0x7F,0xE0,0x49,0x20,0x7F,0xE0,0x19,0x00,0x31,0x00,0x21,0x00}},
  {0x4E34, {0x00,0x00,0x12,0x00,0x52,0x00,0x57,0xF0,0x55,0x00,0x58,0x80,0x57,0xE0,0x54,0xA0,0x54,0xA0,0x54,0xA0,0x57,0xE0,0x14,0x20}},
  {0x4E35, {0x00,0x00,0x09,0x00,0x29,0x40,0x09,0x40,0xFF,0xF0,0x10,0x80,0x09,0x80,0x7F,0xE0,0x06,0x00,0xFF,0xF0,0x06,0x00,0x06,0x00}},
  {0x4E36, {0x00,0x00,0x00,0x00,0x00,0x00,0x00,0x00,0x00,0x00,0x30,0x00,0x18,0x00,0x18,0x00,0x0C,0x00,0x00,0x00,0x00,0x00,0x00,0x00}},
  {0x4E37, {0x00,0x00,0x00,0x00,0x20,0x40,0x30,0xC0,0x18,0x80,0x09,0x00,0x00,0x00,0x00,0x00,0x00,0x00,0x00,0x00,0x00,0x00,0x00,0x00}},
  {0x4E38, {0x00,0x00,0x08,0x00,0x08,0x00,0xFF,0x80,0x08,0x80,0x48,0x80,0x38,0x80,0x18,0x80,0x16,0x90,0x30,0x90,0x60,0xB0,0xC0,0xE0}},
  {0x4E39, {0x00,0x00,0x3F,0xC0,0x20,0x40,0x24,0x40,0x22,0x40,0x20,0x40,0xFF,0xF0,0x20,0x40,0x20,0x40,0x20,0x40,0x40,0x40,0x43,0xC0}},
  {0x4E3A, {0x00,0x00,0x24,0x00,0x14,0x00,0x04,0x00,0x7F,0xE0,0x04,0x20,0x0E,0x20,0x09,0x20,0x18,0xA0,0x10,0x20,0x20,0x60,0x43,0xC0}},
  {0x4E3B, {0x00,0x00,0x04,0x00,0x02,0x00,0x7F,0xE0,0x06,0x00,0x06,0x00,0x06,0x00,0x7F,0xE0,0x06,0x00,0x06,0x00,0x06,0x00,0xFF,0xF0}},
  {0x4E3C, {0x00,0x00,0x10,0x80,0x10,0x80,0x7F,0xE0,0x14,0x80,0x16,0x80,0x10,0x80,0xFF,0xF0,0x10,0x80,0x20,0x80,0x60,0x80,0x40,0x80}},
  {0x4E3D, {0x00,0x00,0xFF,0xF0,0x00,0x00,0x7B,0xE0,0x4A,0x20,0x6B,0xA0,0x5A,0xA0,0x5A,0x60,0x4A,0x20,0x4A,0x20,0x4A,0x20,0x7A,0xE0}},
  {0x4E3E, {0x00,0x00,0x04,0x40,0x26,0x00,0xFF,0xF0,0x16,0x80,0x36,0x80,0x7F,0xC0,0xC6,0x30,0x06,0x00,0x7F,0xE0,0x06,0x00,0x06,0x00}},
  {0x4E3F, {0x00,0x00,0x03,0x00,0x03,0x00,0x03,0x00,0x03,0x00,0x03,0x00,0x03,0x00,0x02,0x00,0x02,0x00,0x06,0x00,0x0C,0x00,0x18,0x00}},
  {0x4E40, {0x00,0x00,0x00,0x00,0x08,0x00,0x3C,0x00,0x64,0x00,0x06,0x00,0x02,0x00,0x03,0x00,0x01,0x80,0x00,0xC0,0x00,0x60,0x00,0x20}},
  {0x4E41, {0x00,0x00,0x7F,0x00,0x01,0x00,0x01,0x00,0x01,0x00,0x01,0x00,0x01,0x80,0x00,0x80,0x00,0x80,0x00,0xC0,0x00,0x60,0x00,0x30}},
  {0x4E42, {0x00,0x00,0x20,0x40,0x20,0x40,0x20,0xC0,0x10,0x80,0x10,0x80,0x09,0x00,0x0F,0x00,0x06,0x00,0x0F,0x80,0x78,0xE0,0xE0,0x60}},
  {0x4E43, {0x00,0x00,0x7F,0xC0,0x10,0xC0,0x10,0x80,0x11,0x80,0x11,0xE0,0x10,0x20,0x10,0x20,0x30,0x20,0x20,0x20,0x60,0x20,0xC3,0xC0}},
  {0x4E44, {0x00,0x00,0x01,0x00,0x01,0x00,0x01,0x00,0x11,0x00,0x0D,0x00,0x07,0x00,0x03,0x80,0x06,0xC0,0x44,0x20,0x58,0x00,0x70,0x00}},
  {0x4E45, {0x00,0x00,0x08,0x00,0x18,0x00,0x1F,0x80,0x31,0x00,0x61,0x00,0x42,0x00,0x07,0x00,0x05,0x00,0x18,0x80,0x30,0x40,0xC0,0x30}},
  {0x4E46, {0x00,0x00,0x01,0x00,0x11,0x00,0x33,0x00,0x22,0x00,0x6E,0x00,0x77,0x00,0x05,0x00,0x08,0x80,0x18,0xC0,0x70,0x60,0x40,0x30}},
  {0x4E47, {0x00,0x00,0x03,0xE0,0x7F,0xC0,0x04,0x00,0x04,0x00,0x07,0xF0,0xFF,0x00,0x04,0x00,0x04,0x20,0x04,0x20,0x04,0x20,0x03,0xE0}},
  {0x4E48, {0x00,0x00,0x04,0x00,0x04,0x00,0x08,0x80,0x11,0x00,0x33,0x00,0x62,0x00,0xC4,0x80,0x0C,0x40,0x18,0x60,0x37,0xE0,0x7C,0x30}},
  {0x4E49, {0x00,0x00,0x04,0x00,0x26,0x40,0x22,0x40,0x30,0xC0,0x10,0x80,0x19,0x80,0x09,0x00,0x06,0x00,0x0E,0x00,0x39,0xC0,0xE0,0x70}},
  {0x4E4A, {0x00,0x00,0x03,0xE0,0x7F,0x00,0x00,0x00,0x30,0xC0,0x10,0x80,0x19,0x00,0x00,0x00,0x00,0x00,0x00,0x00,0x00,0x00,0x00,0x00}},
  {0x4E4B, {0x00,0x00,0x04,0x00,0x02,0x00,0x7F,0xE0,0x00,0xC0,0x01,0x80,0x03,0x00,0x06,0x00,0x18,0x00,0x30,0x00,0x78,0x00,0x8F,0xF0}},
  {0x4E4C, {0x00,0x00,0x04,0x00,0x3F,0xC0,0x20,0x40,0x20,0xC0,0x23,0x80,0x3F,0xE0,0x00,0x20,0x00,0x20,0xFF,0xA0,0x00,0x60,0x03,0xC0}},
  {0x4E4D, {0x00,0x00,0x10,0x00,0x10,0x00,0x3F,0xF0,0x24,0x00,0x44,0x00,0x87,0xE0,0x04,0x00,0x04,0x00,0x07,0xE0,0x04,0x00,0x04,0x00}},
  {0x4E4E, {0x00,0x00,0x03,0xE0,0x7E,0x00,0x06,0x00,0x26,0x40,0x16,0x80,0x06,0x00,0xFF,0xF0,0x06,0x00,0x06,0x00,0x06,0x00,0x1C,0x00}},
  {0x4E4F, {0x00,0x00,0x01,0xE0,0x7F,0x00,0x04,0x00,0x02,0x00,0x7F,0xE0,0x00,0xC0,0x03,0x00,0x0C,0x00,0x30,0x00,0x70,0x00,0x8F,0xF0}},
  {0x4E50, {0x00,0x00,0x03,0xC0,0x3E,0x00,0x62,0x00,0x62,0x00,0x42,0x00,0x7F,0xE0,0x02,0x00,0x32,0xC0,0x62,0x60,0xC6,0x30,0x1C,0x00}},
  {0x4E51, {0x00,0x00,0x03,0xE0,0x7E,0x00,0x06,0x00,0x1F,0x60,0x37,0xC0,0xC7,0x80,0x1E,0x80,0x36,0x40,0x66,0x30,0x86,0x00,0x06,0x00}},
  {0x4E52, {0x00,0x00,0x01,0xC0,0x3F,0x80,0x20,0x00,0x20,0x00,0x3F,0xE0,0x21,0x80,0x21,0x80,0xFF,0xF0,0x08,0x00,0x30,0x00,0x40,0x00}},
  {0x4E53, {0x00,0x00,0x07,0xC0,0x3E,0x00,0x20,0x00,0x20,0x00,0x3F,0xE0,0x21,0x80,0x21,0x80,0xFF,0xF0,0x01,0x00,0x00,0xC0,0x00,0x20}},
  {0x4E54, {0x00,0x00,0x01,0xE0,0x7E,0x00,0x04,0x00,0xFF,0xF0,0x09,0x00,0x18,0x80,0x38,0xC0,0xD0,0xB0,0x10,0x80,0x30,0x80,0x40,0x80}},
  {0x4E55, {0x00,0x00,0x01,0xF0,0x7F,0x00,0x41,0x00,0x7F,0xE0,0x41,0x00,0x7F,0xF0,0x41,0x00,0x5F,0xE0,0x51,0x20,0xD1,0xE0,0x81,0x00}},
  {0x4E56, {0x00,0x00,0x03,0xE0,0x7F,0xE0,0x06,0x00,0xFF,0xF0,0x06,0x80,0x16,0xA0,0x76,0xC0,0x16,0x80,0xF6,0x90,0x16,0xE0,0x06,0x00}},
  {0x4E58, {0x00,0x00,0x01,0xE0,0x7E,0x00,0x06,0x00,0xFF,0xF0,0x16,0x80,0x76,0xE0,0x16,0x80,0x7F,0xE0,0x1F,0x80,0x36,0xC0,0xC6,0x30}},
  {0x4E59, {0x00,0x00,0x7F,0xC0,0x01,0x80,0x03,0x00,0x06,0x00,0x0C,0x00,0x18,0x00,0x30,0x20,0x60,0x20,0x40,0x20,0x40,0x20,0x7F,0xC0}},
  {0x4E5A, {0x00,0x00,0x08,0x00,0x08,0x00,0x08,0x00,0x08,0x00,0x08,0x00,0x08,0x00,0x08,0x00,0x08,0x20,0x08,0x20,0x0C,0x20,0x07,0xE0}},
  {0x4E5B, {0x00,0x00,0x00,0x00,0x7F,0xE0,0x00,0x20,0x00,0x60,0x00,0x40,0x00,0x00,0x00,0x00,0x00,0x00,0x00,0x00,0x00,0x00,0x00,0x00}},
  {0x4E5C, {0x00,0x00,0x20,0x00,0x20,0x00,0x21,0xC0,0x3F,0x40,0xF0,0x40,0x20,0x40,0x20,0x40,0x23,0xD0,0x20,0x10,0x30,0x30,0x1F,0xE0}},
  {0x4E5D, {0x00,0x00,0x08,0x00,0x08,0x00,0xFF,0x80,0x08,0x80,0x08,0x80,0x08,0x80,0x18,0x80,0x10,0x90,0x30,0x90,0x60,0xB0,0xC0,0xE0}},
  {0x4E5E, {0x00,0x00,0x10,0x00,0x3F,0xE0,0x20,0x00,0x40,0x00,0x7F,0xC0,0x03,0x80,0x06,0x00,0x18,0x20,0x30,0x20,0x20,0x20,0x3F,0xC0}},
  {0x4E5F, {0x00,0x00,0x06,0x00,0x26,0x00,0x27,0xE0,0x3E,0x20,0xE6,0x60,0x26,0x60,0x26,0x40,0x27,0xD0,0x26,0x10,0x20,0x30,0x3F,0xE0}},
  {0x4E60, {0x00,0x00,0x7F,0xE0,0x00,0x20,0x38,0x20,0x04,0x20,0x00,0x20,0x01,0xE0,0x07,0x60,0x38,0x60,0x60,0x60,0x00,0x40,0x07,0xC0}},
  {0x4E61, {0x00,0x00,0x04,0x00,0x08,0xC0,0x31,0x80,0x7F,0x00,0x1C,0x60,0x38,0x40,0x03,0xC0,0x01,0x80,0x03,0x00,0x1C,0x00,0x70,0x00}},
  {0x4E62, {0x00,0x00,0x11,0x00,0x11,0x00,0x55,0x00,0x55,0x00,0x55,0x00,0x55,0x00,0x55,0x00,0x55,0x10,0x55,0x10,0x5D,0x10,0x65,0xE0}},
  {0x4E63, {0x00,0x00,0x11,0x00,0x31,0x00,0x21,0x00,0x45,0x00,0x49,0x00,0xF9,0x00,0x11,0x00,0x31,0x00,0x25,0x10,0x5D,0x10,0x62,0xE0}},
  {0x4E64, {0x00,0x00,0xFF,0xF0,0x04,0x00,0x07,0x80,0x04,0xE0,0x04,0x00,0x7F,0xC0,0x03,0x00,0x1C,0x00,0x30,0x30,0x40,0x20,0x7F,0xE0}},
  {0x4E65, {0x00,0x00,0x7F,0xE0,0x20,0x00,0x10,0x80,0x01,0x00,0x7F,0xC0,0x03,0x80,0x0E,0x00,0x18,0x10,0x60,0x30,0x40,0x20,0x3F,0xE0}},
  {0x4E66, {0x00,0x00,0x04,0x40,0x04,0x20,0x7F,0xC0,0x04,0x40,0x04,0x40,0xFF,0xE0,0x04,0x20,0x04,0x20,0x04,0x20,0x05,0xC0,0x04,0x00}},
  {0x4E67, {0x00,0x00,0x31,0x00,0x0D,0x00,0x39,0x00,0x0F,0xF0,0xFD,0x00,0x00,0x00,0x7F,0x80,0x07,0x00,0x38,0x30,0x60,0x20,0x7F,0xE0}},
  {0x4E68, {0x00,0x00,0x11,0x00,0x29,0x00,0x25,0x00,0x5D,0x00,0xE3,0x00,0x01,0x00,0x7D,0x00,0x45,0x00,0x45,0x10,0x7D,0x10,0x44,0xE0}},
  {0x4E69, {0x00,0x00,0x11,0x00,0x11,0x00,0x1F,0x00,0x11,0x00,0x11,0x00,0x11,0x00,0x7D,0x00,0x45,0x10,0x45,0x10,0x7D,0xB0,0x44,0xE0}},
  {0x4E6A, {0x00,0x00,0xF7,0xC0,0x15,0x40,0x35,0x40,0x25,0x40,0x27,0xC0,0x65,0x40,0x45,0x40,0x47,0xC0,0xC4,0x50,0xC0,0x30,0x7F,0xE0}},
  {0x4E6B, {0x00,0x00,0x20,0x00,0x7D,0xE0,0x25,0x20,0x65,0x20,0x59,0xE0,0x00,0x00,0x7F,0x80,0x07,0x00,0x38,0x30,0x60,0x20,0x7F,0xE0}},
  {0x4E6C, {0x00,0x00,0x7F,0xE0,0x40,0x00,0x7F,0xC0,0x40,0x40,0x7F,0xE0,0x00,0x00,0x7F,0x80,0x07,0x00,0x38,0x30,0x60,0x20,0x7F,0xE0}},
  {0x4E6D, {0x00,0x00,0xFF,0xF0,0x10,0x00,0x3F,0xC0,0x60,0x40,0x3F,0xC0,0x00,0x00,0x7F,0x80,0x07,0x00,0x38,0x30,0x60,0x20,0x7F,0xE0}},
  {0x4E6E, {0x00,0x00,0x79,0xE0,0x45,0x20,0x7D,0x20,0x49,0x20,0x31,0xE0,0x40,0x00,0x7F,0x80,0x07,0x00,0x38,0x30,0x60,0x20,0x7F,0xE0}},
  {0x4E6F, {0x00,0x00,0x7F,0xE0,0x22,0x40,0x12,0x80,0xFF,0xF0,0x02,0x00,0x1C,0x00,0x00,0x00,0x7F,0x80,0x0C,0x00,0x60,0x20,0x7F,0xE0}},
  {0x4E70, {0x00,0x00,0x7F,0xE0,0x11,0x20,0x19,0x40,0x2B,0x00,0x32,0x00,0xFF,0xF0,0x06,0x00,0x05,0x00,0x08,0x80,0x30,0x60,0x60,0x20}},
  {0x4E71, {0x00,0x00,0x1D,0x00,0x71,0x00,0x11,0x00,0xFF,0x00,0x11,0x00,0x11,0x00,0x7D,0x00,0x45,0x10,0x45,0x10,0x7D,0xB0,0x44,0xE0}},
  {0x4E72, {0x00,0x00,0x44,0x00,0x6F,0xE0,0x09,0x20,0x23,0x80,0x4C,0x60,0x08,0x00,0x7F,0x80,0x07,0x00,0x38,0x30,0x60,0x20,0x7F,0xE0}},
  {0x4E73, {0x00,0x00,0x0F,0x00,0x71,0x00,0x15,0x00,0x45,0x00,0x7F,0x00,0x0D,0x00,0x11,0x00,0x1F,0x10,0xF1,0x10,0x11,0xB0,0x70,0xE0}},
  {0x4E74, {0x00,0x00,0x20,0x60,0x7B,0x00,0x22,0x00,0xFB,0xF0,0x24,0x40,0x64,0x40,0x00,0x40,0x7F,0x80,0x0C,0x00,0x60,0x20,0x7F,0xE0}},
  {0x4E75, {0x00,0x00,0x11,0x00,0xFD,0x00,0x45,0x00,0x09,0x00,0xFD,0x00,0x11,0x00,0x11,0x00,0xFD,0x10,0x11,0x10,0x11,0x10,0x10,0xE0}},
  {0x4E76, {0x00,0x00,0x00,0x40,0x7F,0xE0,0x06,0x00,0x7F,0xE0,0x46,0x20,0x7F,0xE0,0x00,0x00,0x7F,0xC0,0x0E,0x00,0x60,0x20,0x7F,0xE0}},
  {0x4E77, {0x00,0x00,0x21,0x00,0x15,0x60,0x65,0x30,0x19,0x40,0x33,0x80,0x4C,0x00,0x00,0x00,0x7F,0x80,0x0C,0x00,0x60,0x20,0x7F,0xE0}},
  {0x4E78, {0x00,0x00,0x13,0xE0,0x52,0x20,0x5A,0xA0,0xFA,0x20,0x5F,0xF0,0x5A,0xA0,0x5B,0xE0,0x58,0x70,0x40,0xD0,0x40,0x10,0x7F,0xE0}},
  {0x4E7A, {0x00,0x00,0x7B,0xE0,0x42,0x00,0x7B,0xF0,0x4A,0x40,0xFC,0x40,0x00,0x40,0x7F,0x80,0x07,0x00,0x38,0x20,0x60,0x20,0x7F,0xE0}},
  {0x4E7B, {0x00,0x00,0x20,0x80,0xF9,0x40,0x46,0x30,0x79,0xC0,0x48,0x00,0x79,0xC0,0x00,0x00,0x7F,0x80,0x0E,0x00,0x60,0x20,0x7F,0xE0}},
  {0x4E7C, {0x00,0x00,0x21,0x00,0x0F,0xE0,0x61,0x00,0x07,0xE0,0x21,0x00,0x4F,0xE0,0x00,0x00,0x7F,0x80,0x0E,0x00,0x60,0x20,0x7F,0xE0}},
  {0x4E7D, {0x00,0x00,0x04,0x00,0x3F,0x60,0x04,0x80,0xE7,0xE0,0x00,0x40,0x3F,0xC0,0x20,0x40,0x73,0x80,0x1E,0x20,0x60,0x20,0x7F,0xE0}},
  {0x4E7F, {0x00,0x00,0x0E,0x80,0x70,0x80,0x54,0x80,0x14,0x80,0x78,0x80,0x24,0x80,0x7E,0x80,0x10,0x90,0x54,0x90,0xD2,0x90,0x30,0xE0}},
  {0x4E80, {0x00,0x00,0x1F,0x80,0x21,0x00,0x7F,0xC0,0xE4,0x40,0x7F,0xC0,0x44,0x40,0x7F,0xC0,0x44,0x40,0x7F,0xD0,0x04,0x10,0x03,0xE0}},
  {0x4E83, {0x00,0x00,0x4A,0x80,0x0A,0x80,0xFE,0x80,0x3C,0x80,0x4A,0x80,0x44,0x80,0x7F,0x80,0xFC,0x80,0x2F,0x90,0x64,0x90,0xC4,0xE0}},
  {0x4E84, {0x00,0x00,0x10,0x80,0x7E,0x80,0x10,0x80,0xFE,0x80,0x82,0x80,0x7E,0x80,0x42,0x80,0x7E,0x90,0x42,0x90,0x2C,0xB0,0xFE,0xE0}},
  {0x4E85, {0x00,0x00,0x00,0x80,0x00,0x80,0x00,0x80,0x00,0x80,0x00,0x80,0x00,0x80,0x00,0x80,0x00,0x80,0x00,0x80,0x00,0x80,0x07,0x80}},
  {0x4E86, {0x00,0x00,0x7F,0xE0,0x00,0x60,0x01,0x80,0x03,0x00,0x02,0x00,0x02,0x00,0x02,0x00,0x02,0x00,0x02,0x00,0x06,0x00,0x1C,0x00}},
  {0x4E87, {0x00,0x00,0x10,0x00,0x3F,0xF0,0x22,0x20,0x42,0x60,0x82,0x00,0x02,0x00,0x02,0x00,0x02,0x00,0x02,0x00,0x06,0x00,0x1C,0x00}},
  {0x4E88, {0x00,0x00,0x7F,0xC0,0x00,0xC0,0x1B,0x00,0x06,0x00,0xFF,0xE0,0x02,0x20,0x02,0x60,0x02,0x00,0x02,0x00,0x06,0x00,0x1C,0x00}},
  {0x4E89, {0x00,0x00,0x10,0x00,0x3F,0x80,0x61,0x00,0xFF,0xC0,0x04,0x40,0xFF,0xF0,0x04,0x40,0x7F,0xC0,0x04,0x00,0x04,0x00,0x1C,0x00}},
  {0x4E8A, {0x00,0x00,0x06,0x00,0xFF,0xF0,0x26,0xC0,0x16,0x80,0x7F,0xE0,0x06,0x20,0xFF,0xF0,0x06,0x20,0x7F,0xE0,0x06,0x00,0x1C,0x00}},
  {0x4E8B, {0x06,0x00,0xFF,0xF0,0x06,0x00,0x3F,0xC0,0x26,0x40,0x7F,0xE0,0x06,0x20,0xFF,0xF0,0x06,0x20,0x7F,0xE0,0x06,0x00,0x1C,0x00}},
  {0x4E8C, {0x00,0x00,0x00,0x00,0x00,0x00,0x7F,0xE0,0x00,0x00,0x00,0x00,0x00,0x00,0x00,0x00,0x00,0x00,0x00,0x00,0xFF,0xF0,0x00,0x00}},
  {0x4E8D, {0x00,0x00,0x7F,0xE0,0x00,0x00,0x00,0x00,0xFF,0xF0,0x02,0x00,0x02,0x00,0x02,0x00,0x02,0x00,0x02,0x00,0x02,0x00,0x1E,0x00}},
  {0x4E8E, {0x00,0x00,0x7F,0xE0,0x02,0x00,0x02,0x00,0x02,0x00,0xFF,0xF0,0x02,0x00,0x02,0x00,0x02,0x00,0x02,0x00,0x06,0x00,0x1C,0x00}},
  {0x4E8F, {0x00,0x00,0x7F,0xE0,0x00,0x00,0x00,0x00,0xFF,0xF0,0x10,0x00,0x30,0x00,0x3F,0xC0,0x00,0x40,0x00,0x40,0x00,0x40,0x07,0x80}},
  {0x4E90, {0x00,0x00,0x7F,0xE0,0x08,0x00,0x18,0x00,0xFF,0xF0,0x10,0x00,0x10,0x00,0x3F,0xC0,0x00,0x40,0x00,0x40,0x00,0x40,0x07,0x80}},
  {0x4E91, {0x00,0x00,0x7F,0xE0,0x00,0x00,0x00,0x00,0x00,0x00,0xFF,0xF0,0x0C,0x00,0x08,0x00,0x11,0x00,0x30,0x80,0x27,0xE0,0x78,0x20}},
  {0x4E92, {0x00,0x00,0x7F,0xE0,0x30,0x00,0x30,0x00,0x3F,0xC0,0x20,0x40,0x20,0x40,0x20,0x40,0x3F,0xC0,0x00,0xC0,0x00,0xC0,0xFF,0xF0}},
  {0x4E93, {0x00,0x00,0x7F,0xE0,0x00,0x00,0x00,0x00,0xFF,0xF0,0x10,0x80,0x10,0x80,0x10,0x80,0x10,0x80,0x30,0x80,0x60,0x80,0x40,0x80}},
  {0x4E94, {0x00,0x00,0x7F,0xE0,0x08,0x00,0x08,0x00,0x08,0x00,0x7F,0xC0,0x18,0x40,0x18,0x40,0x10,0x40,0x10,0x40,0x10,0x40,0xFF,0xF0}},
  {0x4E95, {0x10,0x80,0x10,0x80,0x10,0x80,0x7F,0xE0,0x10,0x80,0x10,0x80,0x10,0x80,0xFF,0xF0,0x10,0x80,0x10,0x80,0x20,0x80,0x40,0x80}},
  {0x4E96, {0x00,0x00,0x7F,0xE0,0x00,0x00,0x00,0x00,0x00,0x00,0xFF,0xF0,0x00,0x00,0x00,0x00,0x7F,0xE0,0x00,0x00,0x00,0x00,0xFF,0xF0}},
  {0x4E97, {0x00,0x00,0x06,0x00,0x46,0x20,0x46,0x20,0x7F,0xE0,0x00,0x00,0x00,0x00,0x7F,0xE0,0x00,0x00,0x00,0x00,0x00,0x00,0xFF,0xF0}},
  {0x4E98, {0x00,0x00,0x7F,0xE0,0x00,0x00,0x3F,0xC0,0x20,0x40,0x20,0x40,0x3F,0xC0,0x20,0x40,0x20,0x40,0x3F,0xC0,0x00,0x00,0xFF,0xF0}},
  {0x4E9A, {0x00,0x00,0x7F,0xE0,0x09,0x00,0x49,0x20,0x49,0x20,0x69,0x60,0x29,0x40,0x29,0x40,0x29,0x40,0x09,0x00,0x09,0x00,0xFF,0xF0}},
  {0x4E9B, {0x00,0x00,0x09,0x00,0x49,0x20,0x4F,0x40,0x49,0x80,0x49,0x10,0x7D,0x30,0xE1,0xE0,0x00,0x00,0x3F,0xC0,0x00,0x00,0x7F,0xE0}},
  {0x4E9C, {0x00,0x00,0x7F,0xE0,0x09,0x00,0x09,0x00,0x7F,0xE0,0x49,0x20,0x49,0x20,0x49,0x20,0x7F,0xE0,0x09,0x00,0x09,0x00,0xFF,0xF0}},
  {0x4E9F, {0x00,0x00,0x7F,0xC0,0x01,0x80,0x06,0x00,0x7F,0xE0,0x5F,0x20,0x5E,0xC0,0x76,0xC0,0x46,0xA0,0x1D,0x20,0x00,0x00,0xFF,0xF0}},
  {0x4EA0, {0x00,0x00,0x04,0x00,0x06,0x00,0x02,0x00,0xFF,0xF0,0x00,0x00,0x00,0x00,0x00,0x00,0x00,0x00,0x00,0x00,0x00,0x00,0x00,0x00}},
  {0x4EA1, {0x00,0x00,0x04,0x00,0x02,0x00,0xFF,0xF0,0x20,0x00,0x20,0x00,0x20,0x00,0x20,0x00,0x20,0x00,0x20,0x00,0x20,0x00,0x3F,0xE0}},
  {0x4EA2, {0x00,0x00,0x04,0x00,0x06,0x00,0xFF,0xF0,0x00,0x00,0x1F,0x80,0x10,0x80,0x10,0x80,0x10,0x80,0x20,0x90,0x60,0x90,0x40,0xE0}},
  {0x4EA3, {0x00,0x00,0x04,0x00,0x02,0x00,0xFF,0xF0,0x08,0x80,0x08,0x80,0x18,0x80,0x10,0x80,0x10,0x80,0x30,0x80,0x60,0x80,0xC0,0x80}},
  {0x4EA4, {0x00,0x00,0x04,0x00,0x02,0x00,0xFF,0xF0,0x00,0x00,0x00,0x00,0x39,0x80,0x69,0x60,0x0F,0x00,0x06,0x00,0x19,0x80,0x60,0x60}},
  {0x4EA5, {0x00,0x00,0x04,0x00,0x06,0x00,0xFF,0xF0,0x19,0x80,0x31,0x00,0x7E,0x40,0x04,0xC0,0x11,0x80,0x43,0x00,0x0C,0xC0,0x30,0x20}},
  {0x4EA6, {0x00,0x00,0x04,0x00,0x02,0x00,0xFF,0xF0,0x09,0x00,0x69,0x40,0x49,0x20,0x49,0x20,0x91,0x10,0x11,0x00,0x21,0x00,0x47,0x00}},
  {0x4EA7, {0x00,0x00,0x06,0x00,0xFF,0xF0,0x10,0x80,0x09,0x80,0x7F,0xE0,0x40,0x00,0x40,0x00,0x40,0x00,0x40,0x00,0x40,0x00,0x80,0x00}},
  {0x4EA8, {0x00,0x00,0x06,0x00,0xFF,0xF0,0x20,0x40,0x3F,0xC0,0x20,0x40,0x00,0x00,0x7F,0xE0,0x01,0xC0,0x02,0x00,0x02,0x00,0x1C,0x00}},
  {0x4EA9, {0x04,0x00,0x02,0x00,0xFF,0xF0,0x00,0x00,0x7F,0xE0,0x46,0x20,0x46,0x20,0x7F,0xE0,0x46,0x20,0x46,0x20,0x7F,0xE0,0x40,0x20}},
  {0x4EAA, {0x00,0x00,0x06,0x00,0x7F,0xF0,0x29,0x40,0x69,0x60,0x33,0x00,0x00,0x00,0x7F,0xC0,0x00,0x40,0x00,0x40,0x00,0x60,0x00,0x30}},
  {0x4EAB, {0x04,0x00,0xFF,0xF0,0x00,0x00,0x3F,0xC0,0x20,0x40,0x3F,0xC0,0x00,0x00,0x7F,0xC0,0x02,0x00,0xFF,0xF0,0x06,0x00,0x1C,0x00}},
  {0x4EAC, {0x00,0x00,0x04,0x00,0xFF,0xF0,0x00,0x00,0x3F,0xC0,0x20,0x40,0x3F,0xC0,0x02,0x40,0x12,0x00,0x62,0xC0,0xC6,0x20,0x0C,0x00}},
  {0x4EAD, {0x00,0x00,0x04,0x00,0xFF,0xF0,0x00,0x00,0x3F,0xC0,0x20,0x40,0xFF,0xF0,0x80,0x10,0x3F,0xC0,0x02,0x00,0x02,0x00,0x0C,0x00}},
  {0x4EAE, {0x00,0x00,0x04,0x00,0x7F,0xF0,0x20,0x40,0x3F,0xC0,0x00,0x00,0x7F,0xE0,0x40,0x20,0x1F,0x00,0x11,0x00,0x31,0x90,0xE0,0xE0}},
  {0x4EAF, {0x00,0x00,0x04,0x00,0xFF,0xF0,0x00,0x00,0x3F,0xC0,0x20,0x40,0x3F,0xC0,0x7F,0xE0,0x40,0x20,0x7F,0xE0,0x40,0x20,0x7F,0xE0}},
  {0x4EB0, {0x00,0x00,0x04,0x00,0xFF,0xF0,0x00,0x00,0x3F,0xC0,0x20,0x40,0x3F,0xC0,0x20,0x40,0x3F,0xC0,0x12,0x80,0x66,0x60,0x0C,0x20}},
  {0x4EB2, {0x00,0x00,0x06,0x00,0x7F,0xE0,0x10,0x80,0x11,0x80,0xFF,0xF0,0x02,0x00,0x7F,0xE0,0x02,0x00,0x32,0x80,0x66,0x40,0x5C,0x20}},
  {0x4EB3, {0x00,0x00,0x04,0x00,0xFF,0xF0,0x20,0x40,0x3F,0xC0,0x00,0x00,0x7F,0xE0,0x41,0xE0,0x3C,0x00,0x07,0xF0,0xFE,0x00,0x07,0xE0}},
  {0x4EB4, {0x00,0x00,0x04,0x00,0xFF,0xF0,0x20,0x40,0x3F,0xC0,0x7F,0xF0,0x44,0x00,0x3F,0xC0,0x08,0x00,0x7F,0x90,0x10,0x90,0x60,0xE0}},
  {0x4EB5, {0x00,0x00,0x04,0x00,0xFF,0xF0,0x21,0x00,0x7F,0xC0,0x36,0x40,0x76,0x50,0x25,0x50,0x68,0x20,0x00,0x00,0x1F,0xC0,0x7E,0xE0}},
  {0x4EB6, {0x00,0x00,0x04,0x00,0x7F,0xE0,0x00,0x00,0x7F,0xE0,0x49,0x20,0x4F,0x20,0x40,0x20,0x7F,0xE0,0x20,0x40,0x20,0x40,0xFF,0xF0}},
  {0x4EB8, {0x00,0x00,0x23,0x60,0xFF,0xE0,0x02,0xA0,0x7A,0xA0,0x4B,0xE0,0x7A,0xA0,0x7B,0xE0,0x30,0x80,0xFF,0xF0,0x20,0x80,0x60,0x80}},
  {0x4EB9, {0x00,0x00,0x04,0x00,0xFF,0xF0,0x00,0x60,0x7F,0xE0,0x4F,0x20,0x7F,0xE0,0x7F,0xE0,0x20,0x40,0x3F,0xC0,0x20,0x40,0xFF,0xF0}},
  {0x4EBA, {0x00,0x00,0x06,0x00,0x06,0x00,0x06,0x00,0x06,0x00,0x06,0x00,0x0F,0x00,0x09,0x00,0x19,0x80,0x30,0xC0,0x60,0x60,0xC0,0x30}},
  {0x4EBB, {0x00,0x00,0x04,0x00,0x0C,0x00,0x08,0x00,0x18,0x00,0x38,0x00,0x78,0x00,0x58,0x00,0x18,0x00,0x18,0x00,0x18,0x00,0x18,0x00}},
  {0x4EBC, {0x00,0x00,0x06,0x00,0x04,0x00,0x06,0x00,0x06,0x00,0x0A,0x00,0x09,0x00,0x11,0x80,0x20,0xC0,0x40,0x60,0x00,0x00,0xFF,0xF0}},
  {0x4EBD, {0x00,0x00,0x06,0x00,0x0E,0x00,0x09,0x00,0x10,0x80,0x20,0x60,0xC0,0x30,0x00,0x00,0x10,0x00,0x0C,0x00,0x07,0x00,0x01,0x80}},
  {0x4EBF, {0x00,0x00,0x10,0x00,0x2F,0xE0,0x20,0x60,0x60,0xC0,0x61,0x80,0xE3,0x00,0xA2,0x00,0x24,0x10,0x28,0x10,0x28,0x30,0x2F,0xE0}},
  {0x4EC0, {0x00,0x00,0x11,0x00,0x31,0x00,0x21,0x00,0x61,0x00,0x6F,0xF0,0xE1,0x00,0xA1,0x00,0x21,0x00,0x21,0x00,0x21,0x00,0x21,0x00}},
  {0x4EC1, {0x00,0x00,0x10,0x00,0x20,0x00,0x2F,0xE0,0x60,0x00,0x60,0x00,0xE0,0x00,0xA0,0x00,0x20,0x00,0x20,0x00,0x20,0x00,0x2F,0xF0}},
  {0x4EC2, {0x00,0x00,0x22,0x00,0x22,0x00,0x2F,0xE0,0x62,0x20,0xE2,0x20,0xA2,0x20,0x22,0x20,0x22,0x20,0x24,0x20,0x2C,0x20,0x31,0xE0}},
  {0x4EC3, {0x00,0x00,0x1F,0xF0,0x20,0x80,0x20,0x80,0x60,0x80,0xE0,0x80,0xA0,0x80,0x20,0x80,0x20,0x80,0x20,0x80,0x20,0x80,0x27,0x80}},
  {0x4EC4, {0x00,0x00,0x7F,0xF0,0x62,0x00,0x62,0x00,0x63,0x00,0x63,0x00,0x43,0x00,0x47,0x00,0x44,0x80,0x4C,0xC0,0x58,0x60,0xB0,0x30}},
  {0x4EC5, {0x00,0x00,0x10,0x00,0x2F,0xE0,0x24,0x20,0x64,0x20,0xE4,0x40,0xA6,0x40,0x22,0x80,0x21,0x80,0x23,0x80,0x26,0x60,0x38,0x30}},
  {0x4EC6, {0x00,0x00,0x12,0x00,0x32,0x00,0x22,0x00,0x63,0x80,0xE2,0xC0,0xA2,0x60,0x22,0x30,0x22,0x00,0x22,0x00,0x22,0x00,0x22,0x00}},
  {0x4EC7, {0x26,0x00,0x26,0x00,0x26,0x00,0x6F,0xC0,0x66,0x40,0xE4,0x40,0xA4,0x40,0x24,0x40,0x24,0x50,0x2C,0x50,0x28,0x50,0x30,0x60}},
  {0x4EC8, {0x00,0x00,0x16,0x80,0x26,0x80,0x26,0xC0,0x64,0xC0,0x64,0x40,0xA4,0x40,0x24,0x40,0x24,0x40,0x2C,0x60,0x28,0x20,0x30,0x00}},
  {0x4EC9, {0x00,0x00,0x17,0xC0,0x24,0x40,0x24,0x40,0x64,0x40,0xE4,0x40,0xA4,0x40,0x24,0x40,0x2C,0x50,0x28,0x50,0x28,0x50,0x30,0x60}},
  {0x4ECA, {0x00,0x00,0x06,0x00,0x0E,0x00,0x09,0x00,0x10,0x80,0x64,0x60,0xC2,0x30,0x00,0x00,0x7F,0xC0,0x00,0xC0,0x01,0x00,0x02,0x00}},
  {0x4ECB, {0x00,0x00,0x06,0x00,0x0E,0x00,0x09,0x00,0x10,0x80,0x60,0x60,0xD0,0xB0,0x10,0x80,0x10,0x80,0x10,0x80,0x30,0x80,0x60,0x80}},
  {0x4ECC, {0x00,0x00,0x06,0x00,0x04,0x00,0x06,0x00,0x19,0xC0,0x70,0x60,0x46,0x00,0x06,0x00,0x06,0x00,0x09,0x00,0x30,0xC0,0xE0,0x70}},
  {0x4ECD, {0x00,0x00,0x3F,0xC0,0x24,0x40,0x24,0x40,0x64,0x80,0xE4,0xE0,0xA4,0x20,0x24,0x20,0x24,0x20,0x2C,0x20,0x28,0x20,0x31,0xE0}},
  {0x4ECE, {0x00,0x00,0x31,0x00,0x31,0x00,0x31,0x00,0x21,0x00,0x31,0x00,0x39,0x80,0x2B,0x80,0x26,0x80,0x46,0x40,0x4C,0x60,0x88,0x30}},
  {0x4ECF, {0x00,0x00,0x11,0x00,0x31,0x00,0x21,0x00,0x62,0x00,0x62,0x00,0xA6,0xC0,0x24,0x40,0x2C,0x60,0x28,0x20,0x3F,0xE0,0x20,0x30}},
  {0x4ED0, {0x00,0x00,0x06,0x00,0x0F,0x00,0x19,0x80,0x70,0xE0,0xC6,0x30,0x06,0x00,0x06,0x00,0xFF,0xF0,0x06,0x00,0x06,0x00,0x06,0x00}},
  {0x4ED1, {0x00,0x00,0x06,0x00,0x0F,0x00,0x19,0x80,0x20,0x40,0xF0,0x30,0x30,0x80,0x37,0x00,0x3C,0x40,0x30,0x40,0x30,0x40,0x1F,0xC0}},
  {0x4ED2, {0x00,0x00,0x06,0x00,0x0F,0x00,0x09,0x80,0x30,0xC0,0x60,0x60,0xCE,0x30,0x03,0x80,0x00,0x00,0x38,0x00,0x07,0x00,0x01,0x80}},
  {0x4ED3, {0x00,0x00,0x06,0x00,0x0F,0x00,0x19,0x80,0x60,0x40,0xC0,0x30,0x3F,0x80,0x20,0x80,0x20,0x80,0x23,0xA0,0x30,0x20,0x1F,0xC0}},
  {0x4ED4, {0x00,0x00,0x17,0xE0,0x30,0x60,0x20,0xC0,0x60,0x80,0xE0,0x80,0xAF,0xF0,0x20,0x80,0x20,0x80,0x20,0x80,0x21,0x80,0x27,0x00}},
  {0x4ED5, {0x00,0x00,0x11,0x00,0x11,0x00,0x21,0x00,0x21,0x00,0x6F,0xF0,0xE1,0x00,0xA1,0x00,0x21,0x00,0x21,0x00,0x21,0x00,0x0F,0xF0}},
  {0x4ED6, {0x00,0x00,0x11,0x00,0x29,0x00,0x29,0xE0,0x6F,0xA0,0xFD,0x20,0xA9,0x20,0x29,0xE0,0x29,0x00,0x29,0x10,0x2C,0x30,0x27,0xE0}},
  {0x4ED7, {0x00,0x00,0x10,0x80,0x20,0x80,0x3F,0xF0,0x68,0x80,0xE4,0x80,0xA4,0x80,0x27,0x80,0x23,0x00,0x23,0x00,0x2C,0xC0,0x38,0x30}},
  {0x4ED8, {0x00,0x00,0x10,0x40,0x20,0x40,0x20,0x40,0x6F,0xF0,0x60,0x40,0xE4,0x40,0xA4,0x40,0x22,0x40,0x20,0x40,0x20,0x40,0x23,0xC0}},
  {0x4ED9, {0x00,0x00,0x11,0x00,0x21,0x00,0x29,0x20,0x69,0x20,0x69,0x20,0xE9,0x20,0xA9,0x20,0x29,0x20,0x29,0x20,0x2F,0xE0,0x20,0x20}},
  {0x4EDA, {0x00,0x00,0x06,0x00,0x0F,0x00,0x19,0x80,0x30,0xC0,0xE0,0x70,0x06,0x00,0x46,0x20,0x46,0x20,0x46,0x20,0x46,0x20,0x7F,0xE0}},
  {0x4EDB, {0x00,0x00,0x10,0x40,0x3F,0xC0,0x21,0x00,0x61,0x00,0xE3,0xF0,0xAF,0x00,0x21,0x00,0x21,0x10,0x21,0x10,0x21,0x30,0x21,0xE0}},
  {0x4EDC, {0x00,0x00,0x10,0x00,0x3F,0xE0,0x21,0x00,0x61,0x00,0x61,0x00,0xA1,0x00,0x21,0x00,0x21,0x00,0x21,0x00,0x21,0x00,0x2F,0xF0}},
  {0x4EDD, {0x00,0x00,0x06,0x00,0x0E,0x00,0x09,0x00,0x10,0x80,0x60,0x60,0xC0,0x30,0x3F,0xC0,0x06,0x00,0x06,0x00,0x06,0x00,0x7F,0xE0}},
  {0x4EDE, {0x00,0x00,0x1F,0xE0,0x21,0x20,0x29,0x20,0x69,0x20,0xEB,0x20,0xAA,0x20,0x22,0x20,0x22,0x20,0x26,0x20,0x24,0x20,0x29,0xC0}},
  {0x4EDF, {0x00,0x00,0x10,0x60,0x3F,0xE0,0x21,0x80,0x61,0x80,0x61,0x80,0xEF,0xF0,0xA1,0x80,0x21,0x80,0x21,0x80,0x21,0x80,0x21,0x80}},
  {0x4EE0, {0x00,0x00,0x17,0xE0,0x31,0x00,0x21,0x00,0x61,0x00,0x61,0x00,0xEF,0xF0,0x21,0x00,0x21,0x00,0x21,0x00,0x21,0x00,0x21,0x00}},
  {0x4EE1, {0x00,0x00,0x16,0x00,0x24,0x00,0x27,0xF0,0x68,0x00,0xEF,0xE0,0xA0,0xC0,0x21,0x00,0x22,0x10,0x24,0x10,0x24,0x30,0x27,0xE0}},
  {0x4EE2, {0x00,0x00,0x14,0x00,0x34,0x00,0x27,0xE0,0x68,0x20,0x68,0x20,0xA2,0x20,0x23,0x20,0x21,0x20,0x20,0x20,0x20,0x20,0x23,0xC0}},
  {0x4EE3, {0x00,0x00,0x12,0x80,0x32,0x40,0x22,0x20,0x63,0xF0,0x7F,0x00,0xE3,0x00,0xA1,0x00,0x21,0x00,0x21,0x90,0x20,0xF0,0x20,0x60}},
  {0x4EE4, {0x00,0x00,0x06,0x00,0x0F,0x00,0x19,0x80,0x24,0x40,0xC2,0x30,0x00,0x00,0x7F,0xC0,0x00,0xC0,0x01,0x00,0x1E,0x00,0x03,0x00}},
  {0x4EE5, {0x00,0x00,0x48,0x40,0x4C,0x40,0x44,0x40,0x46,0x40,0x40,0x40,0x40,0x40,0x40,0x80,0x4C,0xC0,0x79,0x60,0x42,0x20,0x0C,0x10}},
  {0x4EE6, {0x00,0x00,0x11,0x00,0x21,0x00,0x21,0x00,0x65,0x60,0x65,0x20,0xED,0x20,0x29,0x20,0x29,0x10,0x21,0x00,0x21,0x00,0x27,0x00}},
  {0x4EE7, {0x00,0x00,0x04,0x00,0x07,0xE0,0x04,0x00,0x04,0x00,0xFF,0xF0,0x04,0x00,0x04,0x00,0x06,0x00,0x0B,0x00,0x30,0xC0,0xE0,0x70}},
  {0x4EE8, {0x00,0x00,0x30,0x00,0x2F,0xE0,0x20,0x00,0x60,0x00,0x60,0x00,0xE7,0xE0,0xA0,0x00,0x20,0x00,0x20,0x00,0x20,0x00,0x2F,0xF0}},
  {0x4EE9, {0x00,0x00,0x11,0x00,0x11,0x00,0x21,0x00,0x21,0x00,0x61,0xE0,0xE1,0x00,0x21,0x00,0x21,0x00,0x21,0x00,0x21,0x00,0x3F,0xF0}},
  {0x4EEA, {0x00,0x00,0x13,0x00,0x39,0x20,0x2D,0x20,0x64,0x60,0x64,0x40,0xE6,0x40,0xA2,0x80,0x21,0x80,0x23,0x80,0x26,0x60,0x38,0x30}},
  {0x4EEB, {0x00,0x00,0x11,0x00,0x33,0x00,0x22,0x40,0x26,0xC0,0x64,0x80,0xE9,0x00,0xB2,0x40,0x26,0x40,0x2C,0x20,0x2F,0xE0,0x20,0x10}},
  {0x4EEC, {0x00,0x00,0x04,0x00,0x25,0xE0,0x20,0x20,0x68,0x20,0x68,0x20,0xE8,0x20,0xA8,0x20,0x28,0x20,0x28,0x20,0x28,0x20,0x28,0xE0}},
  {0x4EED, {0x00,0x00,0x1F,0xE0,0x22,0x20,0x22,0x20,0x6A,0x20,0xE6,0x20,0xA6,0x60,0x23,0x60,0x26,0xE0,0x24,0x70,0x2C,0x40,0x29,0xC0}},
  {0x4EEE, {0x00,0x00,0x10,0x20,0x3F,0xE0,0x2C,0x00,0x6F,0xE0,0xEE,0x20,0xA9,0x20,0x29,0x40,0x29,0xC0,0x29,0xC0,0x2B,0x60,0x34,0x10}},
  {0x4EEF, {0x00,0x00,0x11,0x00,0x31,0x00,0x25,0x40,0x6D,0x20,0xE9,0x30,0xB9,0x00,0x21,0x60,0x20,0xC0,0x21,0x80,0x26,0x00,0x38,0x00}},
  {0x4EF0, {0x00,0x00,0x2E,0x00,0x29,0xE0,0x69,0x20,0x69,0x20,0xE9,0x20,0xA9,0x20,0x29,0x20,0x29,0x20,0x2F,0x20,0x2D,0xE0,0x21,0x00}},
  {0x4EF1, {0x00,0x00,0x11,0x00,0x23,0x80,0x24,0xC0,0x6C,0x60,0x71,0x30,0xE0,0x00,0x2F,0xC0,0x20,0x40,0x20,0xC0,0x20,0x80,0x21,0x00}},
  {0x4EF2, {0x00,0x00,0x31,0x00,0x21,0x00,0x2F,0xE0,0x69,0x20,0x69,0x20,0xE9,0x20,0xA9,0x20,0x2F,0xE0,0x29,0x20,0x21,0x00,0x21,0x00}},
  {0x4EF3, {0x00,0x00,0x29,0x00,0x29,0x00,0x29,0x00,0x69,0x20,0x6F,0xE0,0xE9,0xC0,0xE9,0x80,0x29,0x10,0x29,0x10,0x2B,0xB0,0x2C,0xE0}},
  {0x4EF4, {0x00,0x00,0x17,0xE0,0x34,0x20,0x24,0x20,0x67,0xE0,0xE4,0x20,0xA4,0x20,0x27,0xE0,0x24,0x20,0x2C,0x20,0x28,0x20,0x28,0xE0}},
  {0x4EF5, {0x00,0x00,0x16,0x00,0x24,0x00,0x27,0xE0,0x6D,0x00,0xE9,0x00,0xA1,0x00,0x2F,0xF0,0x21,0x00,0x21,0x00,0x21,0x00,0x21,0x00}},
  {0x4EF6, {0x00,0x00,0x30,0x80,0x24,0x80,0x24,0x80,0x6F,0xE0,0x68,0x80,0xE8,0x80,0xA0,0x80,0x2F,0xF0,0x20,0x80,0x20,0x80,0x20,0x80}},
  {0x4EF7, {0x00,0x00,0x21,0x00,0x23,0x80,0x26,0xC0,0x6C,0x60,0x78,0x30,0xE4,0x40,0xA4,0x40,0x24,0x40,0x24,0x40,0x2C,0x40,0x28,0x40}},
  {0x4EF8, {0x00,0x00,0x21,0xE0,0x2F,0x00,0x21,0x00,0x61,0x00,0xFF,0xF0,0xA1,0x00,0x23,0x80,0x22,0x80,0x24,0x40,0x2C,0x60,0x38,0x00}},
  {0x4EF9, {0x00,0x00,0x11,0x00,0x21,0x00,0x2F,0xE0,0x61,0x00,0xEF,0xE0,0x21,0x00,0x21,0x00,0x3F,0xF0,0x21,0x00,0x21,0x00,0x21,0x00}},
  {0x4EFA, {0x00,0x00,0x06,0x00,0x09,0x00,0x30,0xC0,0x60,0x70,0x3F,0xC0,0x20,0x00,0x20,0x00,0x3F,0xC0,0x20,0x00,0x20,0x00,0x3F,0xE0}},
  {0x4EFB, {0x00,0x00,0x10,0xE0,0x3F,0x80,0x21,0x80,0x61,0x80,0x61,0x80,0xEF,0xF0,0xA1,0x80,0x21,0x80,0x21,0x80,0x21,0x80,0x2F,0xF0}},
  {0x4EFC, {0x00,0x00,0x3F,0xE0,0x21,0x00,0x21,0x00,0x61,0x00,0x61,0x00,0xAF,0xE0,0x21,0x00,0x21,0x00,0x21,0x00,0x21,0x00,0x3F,0xF0}},
  {0x4EFD, {0x00,0x00,0x16,0x80,0x24,0x80,0x28,0x40,0x70,0x60,0xE0,0x30,0xEF,0xC0,0x26,0x40,0x24,0x40,0x24,0x40,0x28,0x40,0x33,0x80}},
  {0x4EFE, {0x00,0x00,0x3F,0xF0,0x24,0x00,0x24,0x00,0x67,0xE0,0x64,0x20,0xAC,0x20,0x28,0x20,0x2F,0xE0,0x20,0x60,0x20,0x40,0x3F,0xF0}},
  {0x4EFF, {0x00,0x00,0x31,0x00,0x21,0x00,0x2F,0xF0,0x66,0x00,0x66,0x00,0xE7,0xE0,0xA4,0x20,0x24,0x20,0x24,0x20,0x28,0x20,0x39,0xC0}},
  {0x4F00, {0x00,0x00,0x10,0x80,0x22,0xC0,0x24,0x40,0x64,0x60,0x68,0x30,0xA1,0x00,0x22,0x00,0x22,0x40,0x24,0x40,0x2D,0xE0,0x2E,0x20}},
  {0x4F01, {0x00,0x00,0x06,0x00,0x0F,0x00,0x19,0x80,0x62,0x60,0xC2,0x30,0x22,0x00,0x23,0xC0,0x22,0x00,0x22,0x00,0x22,0x00,0x7F,0xE0}},
  {0x4F02, {0x00,0x00,0x21,0x00,0x2F,0xF0,0x21,0x00,0x61,0x00,0xEF,0xE0,0xA9,0x20,0x29,0x20,0x29,0x20,0x29,0x60,0x21,0x00,0x21,0x00}},
  {0x4F03, {0x00,0x00,0x2F,0xE0,0x20,0x40,0x63,0x80,0x61,0x80,0xFF,0xF0,0xA1,0x30,0x21,0x20,0x21,0x00,0x21,0x00,0x21,0x00,0x27,0x00}},
  {0x4F04, {0x00,0x00,0x3F,0xE0,0x21,0x20,0x21,0x20,0x6F,0xE0,0xE9,0x00,0xA9,0x00,0x2F,0xF0,0x21,0x10,0x21,0x30,0x21,0x60,0x21,0x00}},
  {0x4F05, {0x00,0x00,0x21,0x00,0x2F,0xE0,0x21,0x00,0x69,0x20,0xE9,0x20,0xA9,0x20,0x2F,0xE0,0x21,0x00,0x21,0x10,0x21,0x10,0x21,0xE0}},
  {0x4F06, {0x00,0x00,0x24,0x00,0x24,0x00,0x2F,0xF0,0x6A,0xA0,0x72,0xA0,0xA6,0xA0,0x25,0xA0,0x29,0x20,0x32,0x20,0x26,0x20,0x29,0xE0}},
  {0x4F08, {0x00,0x00,0x21,0x00,0x21,0x80,0x20,0x80,0x66,0x00,0x6E,0x20,0xAE,0x20,0x3E,0x10,0x36,0x00,0x26,0x60,0x22,0x40,0x23,0xC0}},
  {0x4F09, {0x00,0x00,0x11,0x00,0x31,0x00,0x2F,0xE0,0x60,0x00,0x67,0xC0,0xE4,0x40,0xA4,0x40,0x24,0x40,0x24,0x50,0x28,0x50,0x30,0x60}},
  {0x4F0A, {0x00,0x00,0x1F,0xE0,0x22,0x20,0x22,0x20,0x7F,0xF0,0xE2,0x20,0xA2,0x20,0x2F,0xE0,0x26,0x00,0x24,0x00,0x2C,0x00,0x28,0x00}},
  {0x4F0B, {0x00,0x00,0x3F,0xC0,0x24,0x40,0x24,0x40,0x64,0x80,0xE6,0xE0,0xA6,0x20,0x27,0x60,0x2D,0xC0,0x28,0xC0,0x3B,0x60,0x36,0x30}},
  {0x4F0C, {0x00,0x00,0x2F,0xF0,0x28,0x00,0x28,0x00,0x6B,0xE0,0x6A,0x20,0xAA,0x20,0x2A,0x20,0x2A,0xC0,0x3A,0x10,0x32,0x10,0x33,0xE0}},
  {0x4F0D, {0x00,0x00,0x3F,0xE0,0x22,0x00,0x22,0x00,0x62,0x00,0xEF,0xE0,0xA6,0x20,0x24,0x20,0x24,0x20,0x24,0x20,0x24,0x20,0x3F,0xF0}},
  {0x4F0E, {0x00,0x00,0x31,0x00,0x3F,0xF0,0x21,0x00,0x61,0x00,0xEF,0xE0,0xA4,0x60,0x26,0x40,0x22,0x80,0x21,0x80,0x26,0xC0,0x28,0x30}},
  {0x4F0F, {0x11,0x00,0x31,0x40,0x21,0x60,0x21,0x20,0x61,0x00,0x7F,0xF0,0xE1,0x00,0xA3,0x80,0x22,0x80,0x26,0xC0,0x2C,0x60,0x38,0x30}},
  {0x4F10, {0x00,0x00,0x12,0x80,0x12,0x40,0x22,0x00,0x2F,0xF0,0x63,0x00,0xE1,0x20,0xA1,0x60,0x21,0xC0,0x21,0x90,0x27,0x90,0x28,0x60}},
  {0x4F11, {0x00,0x00,0x11,0x00,0x31,0x00,0x21,0x00,0x7F,0xF0,0x63,0x80,0xE3,0x80,0xA5,0x40,0x2D,0x40,0x29,0x20,0x31,0x10,0x21,0x00}},
  {0x4F12, {0x00,0x00,0x20,0x20,0x2F,0xE0,0x2C,0x00,0x6C,0x00,0xEF,0xF0,0xA8,0x80,0x28,0x80,0x28,0x80,0x28,0x80,0x38,0x80,0x30,0x80}},
  {0x4F13, {0x00,0x00,0x3F,0xF0,0x21,0x00,0x23,0x00,0x63,0x00,0xE7,0x40,0xA5,0x60,0x29,0x20,0x39,0x10,0x21,0x00,0x21,0x00,0x21,0x00}},
  {0x4F14, {0x00,0x00,0x3F,0xE0,0x28,0x20,0x60,0x00,0x67,0x80,0xE4,0x80,0x24,0x80,0x24,0x80,0x24,0x80,0x2C,0x90,0x28,0xD0,0x30,0x70}},
  {0x4F15, {0x00,0x00,0x11,0x00,0x21,0x00,0x2F,0xE0,0x61,0x00,0x61,0x00,0xFF,0xF0,0x23,0x00,0x22,0x80,0x26,0xC0,0x2C,0x60,0x38,0x30}},
  {0x4F16, {0x00,0x00,0x22,0x00,0x22,0x00,0x2F,0xF0,0x66,0x00,0x67,0xE0,0xA6,0x60,0x2A,0x40,0x29,0xC0,0x31,0x80,0x33,0xE0,0x2C,0x30}},
  {0x4F17, {0x00,0x00,0x06,0x00,0x0F,0x00,0x19,0x80,0x20,0xC0,0xD1,0xB0,0x11,0x80,0x11,0x80,0x39,0x80,0x27,0x40,0x66,0x60,0xC4,0x30}},
  {0x4F18, {0x00,0x00,0x12,0xC0,0x22,0x60,0x22,0x00,0x7F,0xF0,0xE3,0x00,0xA3,0x00,0x27,0x00,0x25,0x10,0x2D,0x10,0x29,0xB0,0x30,0xE0}},
  {0x4F19, {0x00,0x00,0x11,0x00,0x31,0x00,0x21,0x20,0x69,0x20,0x69,0x40,0xE5,0x40,0xA3,0x80,0x22,0x80,0x26,0xC0,0x2C,0x60,0x30,0x30}},
  {0x4F1A, {0x00,0x00,0x06,0x00,0x0B,0x00,0x11,0x80,0x60,0x60,0xDF,0xB0,0x00,0x00,0x7F,0xE0,0x08,0x00,0x19,0x80,0x30,0xC0,0x3F,0x40}},
  {0x4F1B, {0x00,0x00,0x3F,0xF0,0x2A,0x00,0x2B,0x20,0x69,0x40,0xE8,0x80,0xA9,0x80,0x29,0x40,0x2A,0x60,0x2A,0x20,0x28,0x00,0x2F,0xF0}},
  {0x4F1C, {0x00,0x00,0x22,0x00,0x2F,0xC0,0x26,0x40,0x64,0x50,0x6C,0x50,0xB8,0x60,0x21,0x00,0x3F,0xF0,0x21,0x00,0x21,0x00,0x21,0x00}},
  {0x4F1D, {0x00,0x00,0x3F,0xE0,0x20,0x00,0x20,0x00,0x60,0x00,0x6F,0xF0,0xA1,0x00,0x22,0x00,0x22,0x40,0x24,0x20,0x2C,0xE0,0x2F,0x10}},
  {0x4F1E, {0x00,0x00,0x06,0x00,0x0F,0x00,0x19,0x80,0x26,0x60,0xC6,0x70,0x26,0x80,0x16,0x80,0x06,0x00,0xFF,0xF0,0x06,0x00,0x06,0x00}},
  {0x4F1F, {0x00,0x00,0x31,0x00,0x3F,0xE0,0x21,0x00,0x6F,0xE0,0xE1,0x00,0xBF,0xE0,0x21,0x20,0x21,0x20,0x21,0xE0,0x21,0x00,0x00,0x00}},
  {0x4F20, {0x00,0x00,0x33,0x00,0x22,0x00,0x2F,0xE0,0x62,0x00,0x7F,0xF0,0xE4,0x00,0xA7,0xE0,0x20,0x60,0x24,0xC0,0x23,0x80,0x20,0xC0}},
  {0x4F21, {0x00,0x00,0x22,0x00,0x2F,0xE0,0x24,0x00,0x65,0x80,0x6D,0x80,0xAF,0xE0,0x21,0x80,0x21,0x80,0x3F,0xF0,0x21,0x80,0x21,0x80}},
  {0x4F22, {0x00,0x00,0x2F,0xF0,0x24,0x40,0x28,0x40,0x68,0x40,0xEF,0xF0,0xA1,0xC0,0x23,0x40,0x26,0x40,0x2C,0x40,0x38,0x40,0x21,0x80}},
  {0x4F23, {0x00,0x00,0x2F,0xE0,0x28,0x20,0x29,0x20,0x69,0x20,0xE9,0x20,0xA9,0x20,0x29,0x20,0x23,0x80,0x27,0x90,0x2C,0x90,0x38,0xE0}},
  {0x4F24, {0x00,0x00,0x34,0x00,0x27,0xF0,0x28,0x00,0x63,0x00,0xEF,0xE0,0xA2,0x20,0x22,0x20,0x22,0x20,0x24,0x20,0x2C,0x20,0x39,0xE0}},
  {0x4F25, {0x00,0x00,0x14,0x00,0x24,0x00,0x24,0x60,0x65,0x80,0xE4,0x00,0xAF,0xF0,0x24,0x80,0x24,0x80,0x24,0x40,0x27,0x60,0x26,0x30}},
  {0x4F26, {0x00,0x00,0x11,0x00,0x23,0x80,0x26,0xC0,0x6C,0x60,0x78,0x30,0xE4,0x40,0xA5,0x80,0x27,0x00,0x24,0x20,0x24,0x20,0x27,0xE0}},
  {0x4F27, {0x00,0x00,0x00,0x00,0x11,0x00,0x22,0x80,0x2C,0x40,0x7F,0xF0,0xE4,0x40,0xA4,0x40,0x25,0xC0,0x24,0x10,0x24,0x30,0x27,0xE0}},
  {0x4F28, {0x00,0x00,0x24,0x00,0x27,0xE0,0x28,0x20,0x6A,0x20,0xE3,0x20,0xA1,0x20,0x21,0xE0,0x2F,0x20,0x28,0x20,0x20,0x20,0x21,0xE0}},
  {0x4F29, {0x00,0x00,0x11,0x00,0x21,0x00,0x2F,0xF0,0x64,0x40,0x64,0x40,0xA6,0x40,0x22,0x80,0x23,0x80,0x23,0x80,0x2E,0xE0,0x38,0x30}},
  {0x4F2A, {0x00,0x00,0x12,0x00,0x2A,0x00,0x26,0x00,0x7F,0xE0,0x62,0x20,0xE3,0x20,0xA2,0xA0,0x24,0xA0,0x24,0x20,0x28,0x20,0x31,0xE0}},
  {0x4F2B, {0x00,0x00,0x31,0x00,0x21,0x00,0x2F,0xF0,0x68,0x30,0x68,0x30,0xE0,0x00,0xA0,0x00,0x20,0x00,0x20,0x00,0x20,0x00,0x2F,0xF0}},
  {0x4F2C, {0x00,0x00,0x37,0xE0,0x24,0x20,0x24,0x20,0x64,0x20,0xE7,0xE0,0xA5,0x00,0x2C,0x80,0x28,0x80,0x28,0x40,0x38,0x60,0x30,0x30}},
  {0x4F2D, {0x00,0x00,0x21,0x00,0x2F,0xF0,0x22,0x00,0x66,0x60,0xEC,0x40,0xAF,0x80,0x21,0x00,0x23,0x40,0x26,0x20,0x2C,0xE0,0x2F,0x10}},
  {0x4F2E, {0x00,0x00,0x28,0x00,0x29,0xE0,0x3E,0xA0,0x4A,0xA0,0xCA,0xA0,0xDA,0xA0,0x4C,0xC0,0x4C,0xC0,0x4E,0xC0,0x59,0xB0,0x73,0x10}},
  {0x4F2F, {0x00,0x00,0x31,0x00,0x21,0x00,0x2F,0xE0,0x6C,0x20,0x6C,0x20,0xEF,0xE0,0xAC,0x20,0x2C,0x20,0x2C,0x20,0x2F,0xE0,0x2C,0x20}},
  {0x4F30, {0x00,0x00,0x31,0x00,0x21,0x00,0x3F,0xF0,0x61,0x00,0xE1,0x00,0xAF,0xE0,0x28,0x20,0x28,0x20,0x28,0x20,0x2F,0xE0,0x28,0x20}},
  {0x4F31, {0x00,0x00,0x21,0x00,0x23,0x80,0x26,0xC0,0x6D,0x60,0x71,0x00,0xA5,0x40,0x2D,0x60,0x29,0x20,0x39,0x30,0x21,0x00,0x27,0x00}},
  {0x4F32, {0x00,0x00,0x3F,0xE0,0x28,0x20,0x28,0x20,0x6F,0xE0,0xE8,0x00,0xAA,0x20,0x2A,0xC0,0x2B,0x80,0x2A,0x10,0x3A,0x30,0x31,0xE0}},
  {0x4F33, {0x00,0x00,0x31,0x40,0x29,0x40,0x29,0x40,0x7F,0xF0,0xE9,0x40,0xE9,0x40,0x29,0x40,0x29,0xC0,0x29,0x00,0x28,0x00,0x2F,0xF0}},
  {0x4F34, {0x00,0x00,0x11,0x00,0x39,0x20,0x25,0x60,0x61,0x00,0x6F,0xE0,0xE1,0x00,0xA1,0x00,0x3F,0xF0,0x21,0x00,0x21,0x00,0x21,0x00}},
  {0x4F35, {0x00,0x00,0x3F,0xE0,0x2A,0xA0,0x6A,0xA0,0x6A,0xA0,0xEA,0xA0,0xAA,0xA0,0x2E,0xA0,0x2C,0x60,0x28,0x20,0x2F,0xE0,0x28,0x20}},
  {0x4F36, {0x00,0x00,0x11,0x00,0x23,0x80,0x26,0xC0,0x6F,0x60,0xF1,0x30,0xA0,0x00,0x2F,0xE0,0x20,0x40,0x24,0x80,0x23,0x80,0x20,0x80}},
  {0x4F37, {0x00,0x00,0x21,0x00,0x21,0x00,0x2F,0xE0,0x69,0x20,0x69,0x20,0xE9,0x20,0x2F,0xE0,0x29,0x20,0x29,0x20,0x2F,0xE0,0x28,0x20}},
  {0x4F38, {0x00,0x00,0x21,0x00,0x21,0x00,0x2F,0xE0,0x69,0x20,0xEF,0xE0,0xE9,0x20,0x29,0x20,0x2F,0xE0,0x21,0x20,0x21,0x00,0x21,0x00}},
  {0x4F39, {0x00,0x00,0x2F,0xE0,0x28,0x20,0x28,0x20,0x68,0x20,0x6F,0xE0,0xE8,0x20,0x28,0x20,0x2F,0xE0,0x28,0x20,0x28,0x20,0x3F,0xF0}},
  {0x4F3A, {0x00,0x00,0x3F,0xE0,0x20,0x20,0x2F,0xE0,0x60,0x20,0xE0,0x20,0xAF,0xA0,0x28,0xA0,0x2F,0xA0,0x28,0x20,0x20,0x20,0x20,0xE0}},
  {0x4F3B, {0x00,0x00,0x1F,0xE0,0x21,0x00,0x29,0x20,0x65,0x20,0x65,0x40,0xA1,0x00,0x2F,0xF0,0x21,0x00,0x21,0x00,0x21,0x00,0x21,0x00}},
  {0x4F3C, {0x00,0x00,0x22,0x20,0x2B,0x20,0x29,0x60,0x68,0x60,0x68,0x60,0xE8,0x40,0xE9,0x40,0x6B,0x40,0x6C,0xE0,0x69,0x20,0x62,0x10}},
  {0x4F3D, {0x00,0x00,0x28,0x00,0x28,0xE0,0x7E,0xA0,0x4A,0xA0,0xCA,0xA0,0xCA,0xA0,0x4A,0xA0,0x4A,0xA0,0x4A,0xA0,0x52,0xE0,0x76,0xA0}},
  {0x4F3E, {0x00,0x00,0x3F,0xF0,0x21,0x00,0x23,0x00,0x63,0x00,0xE7,0x40,0xA5,0x60,0x29,0x20,0x39,0x10,0x21,0x00,0x21,0x00,0x3F,0xF0}},
  {0x4F40, {0x00,0x00,0x2F,0xE0,0x28,0x20,0x68,0x20,0x68,0x20,0xEF,0xE0,0xA8,0x00,0x2F,0xE0,0x28,0x20,0x28,0x20,0x2F,0xE0,0x28,0x20}},
  {0x4F42, {0x00,0x00,0x2F,0xF0,0x20,0x80,0x20,0x80,0x60,0x80,0x64,0x80,0xA4,0xE0,0x24,0x80,0x24,0x80,0x24,0x80,0x24,0x80,0x2F,0xF0}},
  {0x4F43, {0x00,0x00,0x2F,0xE0,0x29,0x20,0x29,0x20,0x69,0x20,0xEF,0xE0,0xA9,0x20,0x29,0x20,0x29,0x20,0x29,0x20,0x2F,0xE0,0x28,0x20}},
  {0x4F44, {0x00,0x00,0x20,0x20,0x2C,0x20,0x3F,0xF0,0x6C,0x20,0x6C,0x20,0xEC,0x20,0x2F,0xE0,0x2C,0x20,0x2C,0x20,0x2F,0xE0,0x2C,0x20}},
  {0x4F45, {0x00,0x00,0x11,0x00,0x21,0x00,0x2F,0xE0,0x61,0x00,0x61,0x00,0xFF,0xF0,0x23,0x80,0x27,0xC0,0x2D,0x40,0x39,0x30,0x21,0x00}},
  {0x4F46, {0x00,0x00,0x10,0x00,0x3F,0xE0,0x2C,0x20,0x6C,0x20,0x6F,0xE0,0xEC,0x20,0xAC,0x20,0x2F,0xE0,0x2C,0x20,0x20,0x00,0x3F,0xF0}},
  {0x4F49, {0x00,0x00,0x21,0x00,0x21,0x00,0x2F,0xE0,0x61,0x00,0xE1,0x00,0xBF,0xF0,0x22,0x00,0x26,0x40,0x24,0x40,0x2C,0xE0,0x2F,0x20}},
  {0x4F4A, {0x00,0x00,0x21,0x80,0x2F,0xF0,0x29,0xB0,0x69,0xA0,0x69,0x80,0xEF,0xE0,0x2A,0x60,0x2B,0x40,0x29,0x80,0x3B,0xE0,0x36,0x30}},
  {0x4F4B, {0x00,0x00,0x2F,0xF0,0x22,0x30,0x22,0x20,0x66,0x20,0x6D,0xE0,0xA0,0x00,0x2F,0xE0,0x28,0x20,0x28,0x20,0x2F,0xE0,0x28,0x20}},
  {0x4F4C, {0x00,0x00,0x22,0x80,0x22,0x80,0x2A,0x80,0x6A,0xA0,0x6B,0xC0,0xEA,0x80,0x2A,0x80,0x2A,0x80,0x2A,0x90,0x2F,0x90,0x38,0xE0}},
  {0x4F4D, {0x00,0x00,0x31,0x00,0x21,0x00,0x2F,0xF0,0x60,0x00,0x68,0x20,0xE4,0x60,0xA4,0x40,0x26,0x40,0x22,0xC0,0x20,0x80,0x1F,0xF0}},
  {0x4F4E, {0x00,0x00,0x10,0xE0,0x2F,0x80,0x29,0x80,0x69,0x80,0xE8,0x80,0xEF,0xF0,0x28,0x80,0x28,0x80,0x28,0x90,0x2F,0x50,0x29,0x70}},
  {0x4F4F, {0x00,0x00,0x11,0x00,0x31,0x00,0x2F,0xE0,0x61,0x00,0x61,0x00,0xE1,0x00,0xAF,0xE0,0x21,0x00,0x21,0x00,0x21,0x00,0x2F,0xF0}},
  {0x4F50, {0x00,0x00,0x22,0x00,0x22,0x00,0x3F,0xF0,0x64,0x00,0xE4,0x00,0xEF,0xE0,0x28,0x80,0x30,0x80,0x30,0x80,0x20,0x80,0x2F,0xF0}},
  {0x4F51, {0x00,0x00,0x21,0x00,0x23,0x00,0x6F,0xF0,0x62,0x00,0xE4,0x00,0xAF,0xE0,0x3C,0x20,0x34,0x20,0x24,0x20,0x27,0xE0,0x24,0x20}},
  {0x4F52, {0x00,0x00,0x21,0x00,0x21,0x00,0x2F,0xE0,0x69,0x20,0x69,0x20,0xE9,0x20,0x3F,0xF0,0x23,0x80,0x26,0x80,0x2C,0x60,0x38,0x30}},
  {0x4F53, {0x00,0x00,0x21,0x00,0x21,0x00,0x3F,0xF0,0x63,0x80,0x67,0x80,0xE5,0x80,0xA5,0x40,0x29,0x40,0x3F,0xE0,0x31,0x10,0x21,0x00}},
  {0x4F55, {0x00,0x00,0x3F,0xF0,0x20,0x20,0x20,0x20,0x6F,0x20,0xE9,0x20,0xA9,0x20,0x29,0x20,0x2F,0x20,0x28,0x20,0x20,0x20,0x21,0xC0}},
  {0x4F56, {0x00,0x00,0x21,0x00,0x21,0x00,0x26,0x40,0x66,0x40,0x6E,0xA0,0xEE,0xB0,0x37,0x10,0x27,0x00,0x26,0x60,0x2E,0x40,0x33,0xC0}},
  {0x4F57, {0x00,0x00,0x31,0x00,0x21,0x00,0x2F,0xF0,0x68,0x10,0x64,0x00,0xE4,0x60,0xA5,0xC0,0x27,0x20,0x24,0x20,0x24,0x20,0x27,0xE0}},
  {0x4F58, {0x00,0x00,0x06,0x00,0x0F,0x00,0x39,0x80,0xF0,0xC0,0x3F,0xF0,0x00,0x00,0x7F,0xE0,0x02,0x80,0x12,0x40,0x66,0x20,0x5C,0x00}},
  {0x4F59, {0x00,0x00,0x06,0x00,0x09,0x00,0x10,0xC0,0x3F,0xF0,0x82,0x00,0x02,0x00,0x7F,0xE0,0x12,0x80,0x22,0xC0,0x66,0x60,0x5C,0x20}},
  {0x4F5B, {0x00,0x00,0x26,0x80,0x3F,0xE0,0x26,0xA0,0x66,0xA0,0xE6,0xA0,0xFF,0xE0,0x34,0xA0,0x3F,0xF0,0x24,0xB0,0x2C,0xE0,0x38,0x80}},
  {0x4F5C, {0x00,0x00,0x36,0x00,0x24,0x00,0x2F,0xF0,0x69,0x00,0x69,0x00,0xE1,0xE0,0xA1,0x00,0x21,0x00,0x21,0xF0,0x21,0x00,0x21,0x00}},
  {0x4F5D, {0x00,0x00,0x14,0x00,0x27,0xE0,0x28,0x20,0x68,0x20,0xFF,0xA0,0xA8,0xA0,0x28,0xA0,0x2F,0xA0,0x28,0x20,0x20,0x20,0x21,0xE0}},
  {0x4F5E, {0x00,0x00,0x3F,0xE0,0x20,0x00,0x2F,0xF0,0x62,0x00,0xE2,0x00,0xBF,0xF0,0x24,0x40,0x24,0xC0,0x23,0x80,0x27,0xC0,0x2C,0x20}},
  {0x4F5F, {0x00,0x00,0x14,0x00,0x27,0xE0,0x2C,0x60,0x72,0xC0,0xE1,0x80,0xA6,0xC0,0x38,0x30,0x23,0xC0,0x20,0x00,0x2F,0x00,0x21,0xC0}},
  {0x4F60, {0x00,0x00,0x12,0x00,0x34,0x00,0x27,0xF0,0x68,0x20,0x69,0x20,0xE1,0x00,0xA5,0x60,0x2D,0x20,0x29,0x10,0x21,0x00,0x27,0x00}},
  {0x4F61, {0x00,0x00,0x31,0x00,0x23,0x80,0x26,0xC0,0x6C,0x60,0x79,0x30,0xA1,0x00,0x29,0x20,0x29,0x20,0x29,0x20,0x29,0x20,0x2F,0xE0}},
  {0x4F62, {0x00,0x00,0x2F,0xF0,0x28,0x00,0x28,0x00,0x6F,0xE0,0x68,0x20,0xA8,0x20,0x28,0x20,0x2F,0xE0,0x28,0x00,0x28,0x00,0x2F,0xF0}},
  {0x4F63, {0x00,0x00,0x2F,0xE0,0x29,0x20,0x29,0x20,0x6F,0xE0,0xE9,0x20,0xA9,0x20,0x2F,0xE0,0x29,0x20,0x29,0x20,0x31,0x20,0x31,0xE0}},
  {0x4F64, {0x00,0x00,0x1F,0xF0,0x24,0x00,0x24,0x00,0x67,0xC0,0xE4,0x40,0xA6,0x40,0x2F,0x40,0x29,0x50,0x28,0x50,0x2F,0x50,0x2C,0x60}},
  {0x4F65, {0x00,0x00,0x06,0x00,0x0F,0x00,0x19,0x80,0x20,0x40,0xFF,0xF0,0x00,0x00,0x24,0x40,0x24,0x40,0x36,0xC0,0x12,0x80,0xFF,0xF0}},
  {0x4F66, {0x00,0x00,0x3F,0xF0,0x23,0x00,0x22,0x00,0x66,0x00,0x64,0x00,0xAF,0xE0,0x3C,0x20,0x34,0x20,0x24,0x20,0x27,0xE0,0x24,0x20}},
  {0x4F67, {0x00,0x00,0x12,0x00,0x23,0xE0,0x22,0x00,0x62,0x00,0xFF,0xF0,0xA3,0x00,0x23,0x80,0x22,0x60,0x22,0x20,0x22,0x00,0x22,0x00}},
  {0x4F68, {0x00,0x00,0x24,0x00,0x27,0xE0,0x28,0x20,0x7F,0xA0,0x78,0xA0,0xA8,0xA0,0x2F,0x20,0x28,0x60,0x29,0xD0,0x28,0x30,0x27,0xE0}},
  {0x4F69, {0x00,0x00,0x3F,0xE0,0x30,0x20,0x5F,0xE0,0x52,0x20,0xDF,0xE0,0xDE,0xE0,0x56,0xE0,0x56,0xE0,0x56,0xA0,0x57,0xB0,0x62,0x30}},
  {0x4F6A, {0x00,0x00,0x2F,0xE0,0x28,0x20,0x28,0x20,0x6B,0xA0,0xEA,0xA0,0xEA,0xA0,0x2A,0xA0,0x2B,0xA0,0x28,0x20,0x2F,0xE0,0x28,0x20}},
  {0x4F6B, {0x00,0x00,0x32,0x00,0x27,0xE0,0x26,0x60,0x6A,0xC0,0x63,0x80,0xE6,0xE0,0x38,0x30,0x2F,0xE0,0x28,0x20,0x28,0x20,0x2F,0xE0}},
  {0x4F6C, {0x00,0x00,0x22,0x00,0x2F,0xA0,0x22,0x60,0x62,0xC0,0xFF,0xF0,0xE3,0x00,0x6C,0x40,0x7D,0xC0,0x67,0x20,0x64,0x20,0x67,0xE0}},
  {0x4F6D, {0x00,0x00,0x36,0x00,0x27,0xE0,0x2E,0x40,0x63,0x80,0x6E,0xF0,0xA1,0x00,0x2F,0xE0,0x29,0x00,0x29,0x00,0x2F,0xE0,0x21,0x00}},
  {0x4F6E, {0x00,0x00,0x21,0x00,0x22,0x80,0x26,0x40,0x6C,0x20,0xF7,0xD0,0xA0,0x00,0x2F,0xE0,0x28,0x20,0x28,0x20,0x2F,0xE0,0x28,0x20}},
  {0x4F6F, {0x00,0x00,0x14,0x40,0x26,0xC0,0x2F,0xE0,0x61,0x00,0xEF,0xE0,0xA1,0x00,0x21,0x00,0x3F,0xF0,0x21,0x00,0x21,0x00,0x21,0x00}},
  {0x4F70, {0x00,0x00,0x3F,0xF0,0x21,0x00,0x23,0x00,0x6F,0xE0,0xEC,0x20,0xAC,0x20,0x2F,0xE0,0x2C,0x20,0x2C,0x20,0x2F,0xE0,0x2C,0x20}},
  {0x4F71, {0x00,0x00,0x06,0x00,0x0D,0x00,0x30,0xC0,0x7F,0xF0,0x00,0x00,0x7F,0xE0,0x02,0x00,0x23,0xE0,0x22,0x00,0x22,0x00,0xFF,0xF0}},
  {0x4F72, {0x00,0x00,0x22,0x00,0x27,0xE0,0x2C,0x60,0x6C,0xC0,0xE3,0x80,0xA3,0x00,0x2F,0xE0,0x24,0x20,0x24,0x20,0x24,0x20,0x27,0xE0}},
  {0x4F73, {0x00,0x00,0x31,0x00,0x2F,0xE0,0x21,0x00,0x61,0x00,0xEF,0xF0,0xA0,0x00,0x21,0x00,0x2F,0xE0,0x21,0x00,0x21,0x00,0x2F,0xF0}},
  {0x4F74, {0x00,0x00,0x3F,0xE0,0x24,0x40,0x27,0xC0,0x64,0x40,0xE7,0xC0,0xA4,0x40,0x24,0x40,0x2D,0xF0,0x3E,0x40,0x20,0x40,0x20,0x40}},
  {0x4F76, {0x00,0x00,0x31,0x00,0x3F,0xF0,0x21,0x00,0x61,0x00,0xEF,0xE0,0xA0,0x00,0x2F,0xE0,0x28,0x20,0x28,0x20,0x2F,0xE0,0x28,0x20}},
  {0x4F77, {0x00,0x00,0x2F,0xE0,0x28,0x20,0x28,0x20,0x6F,0xE0,0xE8,0x20,0xAF,0xE0,0x29,0x20,0x29,0xE0,0x28,0xC0,0x2E,0x60,0x2C,0x30}},
  {0x4F78, {0x00,0x00,0x20,0xE0,0x2F,0x80,0x21,0x00,0x6F,0xF0,0xE1,0x00,0xA1,0x00,0x2F,0xE0,0x28,0x20,0x28,0x20,0x28,0x20,0x2F,0xE0}},
  {0x4F79, {0x00,0x00,0x22,0x00,0x27,0xC0,0x28,0x40,0x7F,0xF0,0x68,0x00,0xAB,0xE0,0x2A,0x20,0x2A,0x20,0x2A,0xD0,0x3A,0x10,0x31,0xE0}},
  {0x4F7A, {0x00,0x00,0x11,0x00,0x23,0x80,0x26,0x40,0x68,0x30,0x67,0xC0,0xA1,0x00,0x21,0x00,0x2F,0xE0,0x21,0x00,0x21,0x00,0x2F,0xF0}},
  {0x4F7B, {0x00,0x00,0x12,0x80,0x22,0x80,0x22,0xA0,0x6A,0xA0,0x6E,0xC0,0xE2,0x80,0xAE,0xC0,0x3C,0xA0,0x24,0x80,0x28,0x90,0x30,0xE0}},
  {0x4F7C, {0x00,0x00,0x31,0x00,0x21,0x00,0x2F,0xF0,0x64,0x40,0x6C,0x60,0xEC,0x60,0xA6,0x80,0x23,0x80,0x23,0x00,0x26,0xC0,0x28,0x20}},
  {0x4F7D, {0x00,0x00,0x31,0x00,0x29,0xF0,0x2E,0x20,0x62,0xA0,0x60,0x80,0xAC,0x80,0x28,0xC0,0x29,0xC0,0x39,0x60,0x32,0x20,0x26,0x10}},
  {0x4F7F, {0x00,0x00,0x21,0x00,0x3F,0xF0,0x21,0x00,0x6F,0xE0,0xE9,0x20,0xEF,0xE0,0x61,0x20,0x6D,0x00,0x66,0x00,0x67,0x80,0x78,0x70}},
  {0x4F80, {0x00,0x00,0x3F,0x20,0x2A,0xA0,0x6A,0xA0,0x4A,0xA0,0xCA,0xA0,0xDF,0xA0,0x4A,0xA0,0x4A,0xA0,0x5A,0x20,0x52,0x20,0x72,0x60}},
  {0x4F81, {0x00,0x00,0x21,0x00,0x25,0x00,0x2F,0xE0,0x69,0x00,0xE1,0x00,0xBF,0xF0,0x24,0x80,0x24,0x80,0x24,0x90,0x28,0x90,0x30,0xE0}},
  {0x4F82, {0x00,0x00,0x21,0x00,0x2F,0xF0,0x28,0x00,0x68,0xE0,0x6B,0x80,0xE9,0x00,0x29,0xF0,0x2F,0x80,0x31,0x10,0x31,0x90,0x30,0xE0}},
  {0x4F83, {0x00,0x00,0x2F,0xE0,0x28,0x20,0x28,0x20,0x67,0xC0,0xE0,0x00,0xE9,0x40,0x69,0x40,0x69,0x40,0x69,0x50,0x69,0x50,0x71,0x60}},
  {0x4F84, {0x00,0x00,0x1F,0xE0,0x22,0x00,0x26,0x40,0x6C,0x60,0xEF,0xE0,0xA1,0x00,0x21,0x00,0x2F,0xE0,0x21,0x00,0x21,0x00,0x3F,0xF0}},
  {0x4F85, {0x00,0x00,0x21,0x00,0x2F,0xF0,0x22,0x40,0x64,0xC0,0x6D,0x80,0xAF,0x20,0x26,0x40,0x2C,0x80,0x29,0xC0,0x26,0x20,0x2C,0x00}},
  {0x4F88, {0x00,0x00,0x12,0x00,0x23,0xE0,0x27,0x60,0x69,0xC0,0xE3,0x00,0xAD,0x00,0x23,0xF0,0x24,0x20,0x29,0x40,0x21,0x80,0x2C,0x00}},
  {0x4F89, {0x00,0x00,0x23,0x00,0x3F,0xE0,0x26,0xC0,0x6C,0x60,0xFF,0xF0,0xE0,0x00,0x7F,0xE0,0x64,0x00,0x67,0xE0,0x60,0x40,0x63,0xC0}},
  {0x4F8A, {0x00,0x00,0x21,0x00,0x29,0x20,0x2D,0x60,0x65,0x40,0x61,0x00,0xEF,0xF0,0x22,0x80,0x26,0x80,0x24,0x90,0x2C,0x90,0x38,0xE0}},
  {0x4F8B, {0x00,0x00,0x20,0x20,0x2F,0x20,0x24,0x20,0x6F,0xA0,0x69,0xA0,0xFA,0xA0,0xB6,0xA0,0x26,0xA0,0x24,0x20,0x28,0x20,0x30,0xE0}},
  {0x4F8C, {0x00,0x00,0x07,0x00,0x1D,0x80,0xE2,0x70,0x3F,0x80,0x00,0x80,0x3F,0xC0,0x00,0x00,0xFF,0xF0,0x18,0x80,0x33,0xC0,0x7C,0x20}},
  {0x4F8E, {0x00,0x00,0x21,0x00,0x29,0x20,0x25,0x40,0x61,0x00,0xEF,0xF0,0xA3,0x80,0x23,0x80,0x25,0x40,0x29,0x60,0x39,0x30,0x21,0x00}},
  {0x4F8F, {0x00,0x00,0x21,0x00,0x2D,0x00,0x2F,0xE0,0x61,0x00,0x41,0x00,0xDF,0xF0,0xC3,0x80,0x45,0x40,0x49,0x60,0x71,0x30,0x41,0x00}},
  {0x4F90, {0x00,0x00,0x21,0x00,0x2F,0xE0,0x2A,0xA0,0x6A,0xA0,0x6A,0xA0,0xAA,0xA0,0x2A,0xA0,0x2A,0xA0,0x2A,0xA0,0x2A,0xA0,0x3F,0xF0}},
  {0x4F91, {0x00,0x00,0x22,0x00,0x2F,0xF0,0x24,0x00,0x67,0xE0,0xEC,0x20,0xB7,0xE0,0x24,0x20,0x27,0xE0,0x24,0x20,0x24,0x20,0x24,0xE0}},
  {0x4F92, {0x00,0x00,0x21,0x00,0x2F,0xF0,0x28,0x30,0x6B,0x00,0x62,0x00,0xAF,0xF0,0x24,0x40,0x26,0xC0,0x23,0x80,0x27,0xE0,0x3C,0x20}},
  {0x4F93, {0x00,0x00,0x21,0x00,0x2F,0xE0,0x21,0x20,0x7F,0xF0,0x61,0x20,0xEF,0xE0,0x21,0x00,0x2F,0xE0,0x21,0x00,0x3F,0xF0,0x21,0x00}},
  {0x4F94, {0x00,0x00,0x32,0x00,0x26,0x40,0x2C,0x60,0x6F,0xE0,0x69,0x00,0xFF,0xE0,0xA1,0x00,0x21,0x00,0x3F,0xF0,0x21,0x00,0x21,0x00}},
  {0x4F95, {0x00,0x00,0x3F,0xF0,0x21,0x00,0x23,0x00,0x6F,0xE0,0x6A,0xA0,0xAA,0xA0,0x2A,0xA0,0x2A,0xA0,0x2A,0xA0,0x2A,0x20,0x28,0xE0}},
  {0x4F97, {0x00,0x00,0x2F,0xE0,0x28,0x20,0x6F,0xE0,0x68,0x20,0xEB,0xA0,0xEA,0xA0,0x6A,0xA0,0x6B,0xA0,0x68,0x20,0x68,0x20,0x68,0xE0}},
  {0x4F98, {0x00,0x00,0x21,0x00,0x2F,0xF0,0x28,0x30,0x61,0xC0,0x6F,0x00,0xA1,0x00,0x23,0xF0,0x2F,0x00,0x21,0x10,0x21,0x30,0x21,0xE0}},
  {0x4F99, {0x00,0x00,0x20,0x80,0x20,0xA0,0x3F,0xF0,0x60,0x80,0x60,0x80,0xBF,0x80,0x24,0x80,0x24,0x80,0x24,0xD0,0x3F,0x50,0x20,0x20}},
  {0x4F9A, {0x00,0x00,0x24,0x00,0x27,0xE0,0x28,0x20,0x7F,0xA0,0x64,0xA0,0xA4,0xA0,0x27,0xA0,0x24,0xA0,0x27,0xA0,0x20,0x20,0x21,0xE0}},
  {0x4F9B, {0x00,0x00,0x14,0x40,0x24,0x40,0x2F,0xE0,0x64,0x40,0xE4,0x40,0xA4,0x40,0x3F,0xF0,0x20,0x00,0x26,0x40,0x2C,0x20,0x38,0x30}},
  {0x4F9C, {0x00,0x00,0x22,0x00,0x2F,0xE0,0x2C,0x20,0x6D,0x20,0xEC,0x20,0xBF,0xF0,0x28,0x20,0x29,0x20,0x28,0xA0,0x38,0x20,0x30,0xE0}},
  {0x4F9D, {0x00,0x00,0x23,0x00,0x21,0x00,0x3F,0xF0,0x63,0x00,0x43,0x20,0xC5,0x40,0xCD,0x80,0x7C,0x80,0x74,0x40,0x47,0x60,0x46,0x30}},
  {0x4F9E, {0x00,0x00,0x28,0xE0,0x28,0xA0,0x7E,0xA0,0x4A,0xA0,0xCA,0xA0,0x5A,0xA0,0x5A,0xA0,0x4C,0xA0,0x4C,0xA0,0x4A,0xE0,0x50,0x80}},
  {0x4F9F, {0x00,0x00,0x22,0x00,0x2F,0xF0,0x24,0x00,0x64,0x00,0xEF,0xE0,0xAC,0x60,0x3C,0x40,0x3F,0xF0,0x2C,0x40,0x2C,0xC0,0x29,0x80}},
  {0x4FA0, {0x00,0x00,0x11,0x00,0x2F,0xE0,0x21,0x20,0x69,0x60,0xE5,0x40,0xA1,0x00,0x3F,0xF0,0x23,0x80,0x22,0x80,0x2C,0x40,0x38,0x30}},
  {0x4FA1, {0x00,0x00,0x3F,0xF0,0x22,0x80,0x22,0x80,0x6F,0xE0,0xEA,0xA0,0xAA,0xA0,0x2A,0xA0,0x2A,0xA0,0x2A,0xA0,0x2F,0xE0,0x28,0x20}},
  {0x4FA2, {0x00,0x00,0x3F,0xF0,0x21,0x00,0x2F,0xE0,0x69,0x20,0x69,0x20,0xAF,0xE0,0x29,0x20,0x3F,0xF0,0x28,0x20,0x28,0x20,0x28,0x60}},
  {0x4FA3, {0x00,0x00,0x2F,0xE0,0x28,0x20,0x28,0x20,0x6F,0xE0,0xE8,0x20,0xE0,0x00,0x6F,0xE0,0x68,0x20,0x68,0x20,0x6F,0xE0,0x68,0x20}},
  {0x4FA4, {0x00,0x00,0x32,0x00,0x2F,0xE0,0x22,0x40,0x6F,0xF0,0xE3,0x00,0xAF,0xE0,0x3E,0x00,0x23,0xE0,0x20,0x20,0x20,0x60,0x23,0xC0}},
  {0x4FA5, {0x00,0x00,0x24,0x00,0x27,0xE0,0x3E,0x40,0x63,0x80,0xE3,0x90,0xE8,0x60,0x60,0x00,0x7F,0xE0,0x64,0x80,0x64,0x90,0x78,0xE0}},
  {0x4FA6, {0x00,0x00,0x11,0x00,0x21,0xF0,0x21,0x00,0x6F,0xE0,0xE9,0x20,0xA9,0x20,0x29,0x20,0x29,0x20,0x23,0x80,0x26,0x60,0x28,0x20}},
  {0x4FA7, {0x00,0x00,0x20,0x20,0x3F,0x60,0x71,0x60,0x55,0x60,0x55,0x60,0xD5,0x60,0x55,0x60,0x55,0x60,0x46,0x60,0x4B,0x20,0x50,0x60}},
  {0x4FA8, {0x00,0x00,0x10,0xE0,0x2F,0xC0,0x21,0x00,0x6F,0xF0,0xE2,0x80,0xA4,0x40,0x3C,0x70,0x24,0x40,0x24,0x40,0x24,0x40,0x28,0x40}},
  {0x4FA9, {0x00,0x00,0x11,0x00,0x22,0x80,0x24,0xC0,0x6C,0x60,0x7F,0xF0,0xE0,0x00,0xAF,0xE0,0x22,0x80,0x24,0x40,0x2C,0x60,0x2F,0xE0}},
  {0x4FAA, {0x00,0x00,0x21,0x00,0x3F,0xF0,0x64,0xC0,0x63,0x80,0xE7,0x80,0xFC,0x70,0x64,0x40,0x64,0x40,0x64,0x40,0x68,0x40,0x70,0x40}},
  {0x4FAB, {0x00,0x00,0x21,0x00,0x3F,0xF0,0x24,0x00,0x64,0x00,0xE7,0xE0,0xA2,0x00,0x3F,0xF0,0x24,0x40,0x27,0x80,0x23,0xC0,0x3C,0x20}},
  {0x4FAC, {0x00,0x00,0x21,0x00,0x21,0x00,0x2F,0xE0,0x6B,0x20,0x63,0x00,0xE5,0x20,0xEC,0xC0,0x7C,0x80,0x74,0x40,0x67,0x60,0x66,0x30}},
  {0x4FAD, {0x00,0x00,0x27,0xE0,0x24,0x20,0x24,0x20,0x6F,0xE0,0xE8,0x80,0xA8,0x40,0x3B,0x30,0x31,0x80,0x24,0x00,0x27,0x80,0x20,0xC0}},
  {0x4FAE, {0x00,0x00,0x24,0x00,0x27,0xF0,0x28,0x00,0x7F,0xE0,0xE8,0x20,0xBF,0xF0,0x28,0x20,0x29,0x20,0x28,0x20,0x2F,0xF0,0x21,0xC0}},
  {0x4FAF, {0x00,0x00,0x2F,0xE0,0x20,0x40,0x3F,0xF0,0x64,0x00,0xEF,0xE0,0xA9,0x00,0x21,0x00,0x3F,0xF0,0x22,0x80,0x24,0x40,0x38,0x30}},
  {0x4FB0, {0x00,0x00,0x2F,0xE0,0x22,0x20,0x22,0x20,0x7F,0xF0,0x62,0x20,0xEF,0xE0,0x24,0x00,0x2F,0xE0,0x3C,0x20,0x24,0x20,0x27,0xE0}},
  {0x4FB1, {0x00,0x00,0x2F,0xE0,0x28,0x20,0x28,0x20,0x6F,0xE0,0xE0,0x00,0xAF,0xE0,0x21,0x00,0x2F,0xE0,0x21,0x00,0x21,0x00,0x3F,0xF0}},
  {0x4FB2, {0x00,0x00,0x2F,0xE0,0x28,0x00,0x28,0x00,0x6B,0xE0,0x68,0x00,0xEF,0xF0,0x2A,0xA0,0x2A,0xE0,0x2A,0x40,0x33,0xE0,0x32,0x10}},
  {0x4FB3, {0x00,0x00,0x21,0x00,0x25,0x20,0x2D,0x40,0x6D,0x60,0x6F,0x60,0xFB,0x90,0x21,0x00,0x2F,0xE0,0x21,0x00,0x21,0x00,0x3F,0xF0}},
  {0x4FB4, {0x00,0x00,0x06,0x00,0x0D,0x00,0x10,0xC0,0x7F,0xF0,0x00,0x20,0x7C,0xA0,0x24,0xA0,0x7C,0xA0,0x24,0xA0,0x2E,0x20,0xF0,0xE0}},
  {0x4FB5, {0x00,0x00,0x2F,0xE0,0x20,0x20,0x6F,0xE0,0x40,0x20,0xDF,0xF0,0xD0,0x10,0x4F,0xC0,0x44,0x40,0x43,0x80,0x43,0x80,0x5C,0x60}},
  {0x4FB8, {0x00,0x00,0x3F,0xF0,0x20,0x00,0x20,0x00,0x6F,0xE0,0x68,0x20,0xE8,0x20,0xAF,0xE0,0x20,0x00,0x24,0x40,0x22,0x40,0x3F,0xF0}},
  {0x4FB9, {0x00,0x00,0x20,0x60,0x3D,0xC0,0x24,0x40,0x68,0x40,0xEF,0xE0,0xA4,0x40,0x24,0x40,0x2C,0x40,0x2D,0xF0,0x2C,0x00,0x33,0xF0}},
  {0x4FBA, {0x00,0x00,0x21,0x00,0x29,0x20,0x2F,0xE0,0x63,0x80,0xE6,0xC0,0xB9,0x30,0x20,0x00,0x2F,0xE0,0x20,0x40,0x20,0x80,0x21,0x00}},
  {0x4FBB, {0x00,0x00,0x24,0x40,0x26,0x80,0x2F,0xE0,0x68,0x20,0x68,0x20,0xE8,0x20,0x2F,0xE0,0x22,0x80,0x26,0x90,0x2C,0x90,0x38,0xE0}},
  {0x4FBC, {0x00,0x00,0x21,0x00,0x2F,0xE0,0x21,0x00,0x6F,0xF0,0xE8,0x10,0xA7,0xC0,0x21,0x80,0x3F,0xF0,0x21,0x00,0x21,0x00,0x27,0x00}},
  {0x4FBD, {0x00,0x00,0x2F,0xE0,0x29,0x20,0x2F,0xE0,0x69,0x20,0x69,0x20,0xAF,0xE0,0x20,0x00,0x2F,0xE0,0x22,0x20,0x24,0x20,0x39,0xE0}},
  {0x4FBE, {0x00,0x00,0x22,0x00,0x2F,0xE0,0x22,0xC0,0x7F,0xF0,0x63,0x00,0xEF,0xC0,0x78,0xC0,0x61,0x80,0x7F,0xF0,0x61,0x00,0x67,0x00}},
  {0x4FBF, {0x00,0x00,0x3F,0xF0,0x21,0x00,0x2F,0xE0,0x69,0x20,0xEF,0xE0,0xA9,0x20,0x2F,0xE0,0x21,0x00,0x27,0x00,0x27,0x80,0x38,0x70}},
  {0x4FC0, {0x00,0x00,0x10,0xE0,0x2F,0x20,0x29,0x20,0x65,0x40,0xE2,0x00,0x3F,0xF0,0x24,0x40,0x26,0xC0,0x23,0x80,0x27,0xE0,0x3C,0x30}},
  {0x4FC3, {0x00,0x00,0x2F,0xE0,0x28,0x20,0x28,0x20,0x67,0xE0,0xE1,0x00,0xE9,0x00,0x69,0xE0,0x69,0x00,0x7D,0x00,0x73,0x00,0x01,0xF0}},
  {0x4FC4, {0x00,0x00,0x20,0x80,0x27,0xC0,0x7C,0xA0,0x44,0x80,0xFF,0xF0,0xC4,0x80,0x4F,0xA0,0x7C,0xE0,0x44,0xD0,0x47,0xD0,0x5C,0x60}},
  {0x4FC5, {0x00,0x00,0x21,0x40,0x21,0x20,0x3F,0xF0,0x61,0x00,0xE9,0x20,0xED,0xE0,0x23,0x80,0x2D,0xC0,0x31,0x60,0x23,0x30,0x2E,0x00}},
  {0x4FC6, {0x00,0x00,0x11,0x00,0x22,0x80,0x2C,0x60,0x7F,0xF0,0x61,0x00,0xA1,0x00,0x2F,0xE0,0x21,0x00,0x29,0x60,0x39,0x30,0x27,0x00}},
  {0x4FC7, {0x00,0x00,0x3F,0xF0,0x2C,0x40,0x7C,0x40,0x74,0x40,0x64,0x40,0xED,0xF0,0x3C,0x40,0x34,0x40,0x24,0x40,0x24,0x40,0x3B,0xF0}},
  {0x4FC8, {0x00,0x00,0x15,0x00,0x2F,0xE0,0x29,0x00,0x69,0x00,0xFF,0xF0,0x60,0x00,0x6F,0xE0,0x68,0x20,0x68,0x20,0x6F,0xE0,0x68,0x20}},
  {0x4FC9, {0x00,0x00,0x3F,0xE0,0x22,0x00,0x2F,0xE0,0x64,0x20,0x64,0x20,0xFF,0xF0,0x20,0x00,0x2F,0xE0,0x28,0x20,0x2F,0xE0,0x28,0x20}},
  {0x4FCA, {0x00,0x00,0x12,0x00,0x22,0x40,0x24,0x60,0x6F,0xE0,0xE4,0x40,0xBA,0x20,0x27,0xC0,0x2E,0x40,0x23,0x80,0x23,0x80,0x2C,0x30}},
  {0x4FCC, {0x00,0x00,0x21,0x40,0x21,0x20,0x3F,0xF0,0x61,0x00,0x6F,0xE0,0xE9,0x20,0x6F,0xE0,0x69,0x20,0x6F,0xE0,0x69,0x20,0x69,0xE0}},
  {0x4FCD, {0x00,0x00,0x21,0x00,0x2F,0xE0,0x68,0x20,0x6F,0xE0,0xE8,0x20,0xEF,0xE0,0x6B,0x20,0x69,0x60,0x69,0x80,0x6E,0x60,0x68,0x30}},
  {0x4FCE, {0x00,0x00,0x27,0xE0,0x24,0x20,0x74,0x20,0x5F,0xE0,0x84,0x20,0x24,0x20,0x27,0xE0,0x24,0x20,0x54,0x20,0x4C,0x20,0x8F,0xF0}},
  {0x4FCF, {0x00,0x00,0x29,0x20,0x2D,0x20,0x65,0x40,0x6F,0xE0,0xE8,0x20,0xEF,0xE0,0x68,0x20,0x6F,0xE0,0x68,0x20,0x68,0x20,0x68,0xE0}},
  {0x4FD0, {0x00,0x00,0x27,0x20,0x3C,0xA0,0x24,0xA0,0x7F,0xA0,0x64,0xA0,0xEE,0xA0,0xAD,0xA0,0x34,0xA0,0x34,0x20,0x24,0x20,0x24,0xE0}},
  {0x4FD1, {0x00,0x00,0x2F,0xE0,0x24,0xC0,0x63,0x80,0x6F,0xE0,0xE9,0x20,0xEF,0xE0,0x69,0x20,0x6F,0xE0,0x69,0x20,0x69,0x20,0x69,0xE0}},
  {0x4FD2, {0x00,0x00,0x21,0x00,0x3F,0xE0,0x28,0x20,0x60,0x00,0x6F,0xE0,0xE0,0x00,0x2F,0xE0,0x22,0x80,0x24,0x90,0x2C,0x90,0x38,0xE0}},
  {0x4FD3, {0x00,0x00,0x3F,0xF0,0x24,0x20,0x2D,0x20,0x6B,0x40,0x6B,0x40,0xED,0x20,0x60,0x00,0x6F,0xE0,0x61,0x00,0x61,0x00,0x7F,0xF0}},
  {0x4FD5, {0x00,0x00,0x21,0x00,0x3F,0xF0,0x38,0x30,0x61,0x00,0x61,0x00,0xFF,0xF0,0x23,0x80,0x25,0x40,0x29,0x60,0x31,0x30,0x21,0x00}},
  {0x4FD6, {0x00,0x00,0x3F,0xF0,0x21,0x00,0x23,0x00,0x65,0x40,0x79,0x30,0xE0,0x00,0x2F,0xE0,0x28,0x20,0x28,0x20,0x2F,0xE0,0x28,0x20}},
  {0x4FD7, {0x00,0x00,0x10,0x00,0x24,0x40,0x29,0x20,0x63,0x80,0xE6,0xC0,0xE8,0x20,0x7F,0xE0,0x6C,0x60,0x6C,0x60,0x6C,0x60,0x6F,0xC0}},
  {0x4FD8, {0x00,0x00,0x10,0xE0,0x2F,0x20,0x29,0x60,0x60,0x40,0xEF,0xE0,0xA0,0xC0,0x21,0x80,0x3F,0xF0,0x21,0x00,0x21,0x00,0x27,0x00}},
  {0x4FD9, {0x00,0x00,0x14,0x60,0x23,0xC0,0x2E,0xE0,0x62,0x00,0xEF,0xF0,0xA5,0x00,0x3F,0xE0,0x39,0x20,0x29,0x20,0x29,0x60,0x21,0x00}},
  {0x4FDA, {0x00,0x00,0x2F,0xE0,0x29,0x20,0x6F,0xE0,0x69,0x20,0xE9,0x20,0xAF,0xE0,0x21,0x00,0x21,0x00,0x2F,0xE0,0x21,0x00,0x3F,0xF0}},
  {0x4FDB, {0x00,0x00,0x12,0x00,0x27,0xC0,0x28,0x80,0x6F,0xE0,0x69,0x20,0xA9,0x20,0x2F,0xE0,0x23,0x00,0x23,0x90,0x2D,0x90,0x38,0xE0}},
  {0x4FDC, {0x00,0x00,0x11,0x00,0x2F,0xE0,0x29,0x20,0x6F,0xE0,0xE9,0x20,0xA9,0x20,0x3F,0xF0,0x24,0x00,0x27,0xE0,0x20,0x60,0x23,0xC0}},
  {0x4FDD, {0x00,0x00,0x2F,0xE0,0x28,0x20,0x28,0x20,0x6F,0xE0,0x49,0x00,0xC1,0x00,0xDF,0xF0,0x43,0x80,0x45,0x40,0x49,0x20,0x71,0x10}},
  {0x4FDF, {0x00,0x00,0x22,0x00,0x26,0x40,0x2C,0x60,0x6F,0xE0,0x64,0x00,0xEF,0xE0,0xB1,0x00,0x3F,0xF0,0x23,0x80,0x26,0x40,0x38,0x30}},
  {0x4FE1, {0x00,0x00,0x31,0x00,0x3F,0xF0,0x20,0x00,0x6F,0xE0,0xE0,0x00,0xAF,0xE0,0x20,0x00,0x2F,0xE0,0x28,0x20,0x28,0x20,0x2F,0xE0}},
  {0x4FE2, {0x00,0x00,0x36,0x00,0x27,0xE0,0x2E,0x40,0x63,0x80,0x6F,0xE0,0xE9,0x80,0x2E,0x40,0x23,0x80,0x2E,0xE0,0x23,0x80,0x3C,0x00}},
  {0x4FE3, {0x00,0x00,0x2F,0xE0,0x28,0x20,0x28,0x20,0x6F,0xE0,0xE0,0x00,0xEF,0xE0,0x21,0x00,0x3F,0xF0,0x23,0x80,0x24,0xC0,0x38,0x30}},
  {0x4FE4, {0x00,0x00,0x24,0xC0,0x2F,0xE0,0x21,0x20,0x61,0x20,0x6F,0xE0,0xE9,0x00,0x6F,0xF0,0x63,0x30,0x65,0x20,0x79,0xE0,0x61,0x00}},
  {0x4FE6, {0x00,0x00,0x23,0x00,0x2F,0xE0,0x62,0x00,0x6F,0xE0,0xE2,0x00,0xFF,0xF0,0x64,0x40,0x6F,0xF0,0x7A,0x40,0x72,0x40,0x61,0xC0}},
  {0x4FE7, {0x00,0x00,0x31,0x00,0x3F,0xF0,0x21,0x00,0x61,0x00,0x6F,0xE0,0xA0,0x00,0x21,0x00,0x3D,0x20,0x34,0x70,0x34,0x40,0x23,0x80}},
  {0x4FE8, {0x00,0x00,0x3F,0xF0,0x22,0x80,0x2A,0xB0,0x6A,0xE0,0xEF,0xF0,0xE8,0x00,0x68,0x00,0x68,0x00,0x78,0x00,0x70,0x00,0x70,0x00}},
  {0x4FE9, {0x00,0x00,0x3F,0xF0,0x22,0x80,0x62,0x80,0x5F,0xE0,0xD2,0xA0,0xD6,0xA0,0x57,0xE0,0x5D,0x60,0x59,0x20,0x50,0x20,0x50,0xE0}},
  {0x4FEA, {0x00,0x00,0x3F,0xF0,0x20,0x00,0x7E,0xE0,0x52,0xA0,0xDA,0xE0,0xDA,0xE0,0x5E,0xE0,0x56,0xE0,0x52,0xA0,0x52,0xA0,0x5E,0xE0}},
  {0x4FEB, {0x00,0x00,0x21,0x00,0x2F,0xE0,0x29,0x20,0x6D,0x60,0xE1,0x00,0xFF,0xF0,0x23,0x80,0x25,0x40,0x29,0x60,0x31,0x30,0x21,0x00}},
  {0x4FED, {0x00,0x00,0x11,0x00,0x22,0x80,0x24,0x40,0x68,0x30,0xE7,0xC0,0xA0,0x00,0x29,0x20,0x29,0x40,0x25,0x40,0x20,0xC0,0x3F,0xF0}},
  {0x4FEE, {0x00,0x00,0x22,0x00,0x37,0xE0,0x7F,0xC0,0x77,0xF0,0xF0,0x80,0xF1,0x00,0x74,0xC0,0x71,0x00,0x76,0x20,0x61,0xC0,0x66,0x00}},
  {0x4FEF, {0x00,0x00,0x21,0x00,0x2F,0xF0,0x68,0x00,0x4A,0x20,0xCB,0xF0,0xCE,0x20,0x4F,0x20,0x5A,0xA0,0x52,0x20,0x72,0x60,0x72,0xC0}},
  {0x4FF0, {0x00,0x00,0x22,0x00,0x3E,0xE0,0x64,0xA0,0x7F,0xA0,0xE4,0xA0,0xAE,0xA0,0x2F,0xA0,0x34,0xA0,0x34,0xA0,0x24,0xE0,0x24,0x80}},
  {0x4FF1, {0x00,0x00,0x2F,0xE0,0x28,0x20,0x2F,0xE0,0x68,0x20,0x6F,0xE0,0xE8,0x20,0x6F,0xE0,0x68,0x20,0x7F,0xF0,0x64,0xC0,0x38,0x20}},
  {0x4FF2, {0x00,0x00,0x24,0x40,0x24,0x40,0x7F,0xF0,0x6A,0xD0,0x70,0x90,0xF2,0xB0,0x2C,0xB0,0x24,0xA0,0x2E,0xA0,0x33,0x20,0x21,0x60}},
  {0x4FF3, {0x00,0x00,0x22,0x80,0x22,0x80,0x3E,0xF0,0x62,0x80,0x42,0x80,0xDE,0xE0,0xC2,0x80,0x42,0x80,0x5E,0xF0,0x42,0x80,0x42,0x80}},
  {0x4FF4, {0x00,0x00,0x24,0x80,0x27,0xE0,0x3E,0x40,0x63,0x90,0x6F,0xE0,0xE0,0x00,0x67,0xE0,0x7E,0x40,0x63,0xD0,0x67,0xB0,0x78,0x60}},
  {0x4FF5, {0x00,0x00,0x21,0x00,0x2F,0xE0,0x21,0x00,0x6F,0xE0,0x61,0x00,0xFF,0xF0,0x23,0x20,0x2C,0xC0,0x3C,0x40,0x25,0xB0,0x26,0x00}},
  {0x4FF6, {0x00,0x00,0x24,0x00,0x27,0xE0,0x64,0xA0,0x64,0xA0,0x7F,0xA0,0xE4,0xA0,0x26,0xE0,0x35,0x40,0x34,0x60,0x24,0xA0,0x2D,0x10}},
  {0x4FF7, {0x00,0x00,0x3D,0xE0,0x35,0x60,0x75,0x60,0x5D,0x60,0xD5,0x60,0xD5,0xE0,0x5D,0x00,0x55,0x00,0x55,0x10,0x75,0x10,0x7D,0xE0}},
  {0x4FF8, {0x00,0x00,0x31,0x00,0x3F,0xE0,0x22,0x00,0x6F,0xE0,0xE2,0x00,0xBF,0xF0,0x3D,0x40,0x27,0xF0,0x21,0x00,0x2F,0xE0,0x21,0x00}},
  {0x4FF9, {0x00,0x00,0x3F,0xF0,0x22,0x80,0x22,0x80,0x6E,0xE0,0x68,0x20,0xE8,0x20,0x68,0x20,0x6E,0xE0,0x62,0x80,0x62,0x80,0x7F,0xF0}},
  {0x4FFA, {0x00,0x00,0x32,0x00,0x3F,0xE0,0x24,0x40,0x69,0x20,0xFF,0xF0,0xA9,0x20,0x2F,0xE0,0x29,0x20,0x2F,0xD0,0x21,0x10,0x21,0xE0}},
  {0x4FFD, {0x00,0x00,0x3E,0x80,0x28,0x80,0x69,0xF0,0x69,0x30,0x6E,0x60,0xEA,0x40,0x2A,0xC0,0x3A,0xC0,0x32,0xA0,0x33,0xA0,0x33,0x10}},
  {0x4FFE, {0x00,0x00,0x12,0x00,0x2F,0xE0,0x29,0x20,0x6F,0xE0,0xE9,0x20,0xAF,0xE0,0x26,0x80,0x2C,0x80,0x3F,0xF0,0x20,0x80,0x20,0x80}},
  {0x4FFF, {0x00,0x00,0x21,0x00,0x21,0xE0,0x21,0x00,0x6F,0xF0,0x69,0x20,0xEF,0xE0,0xE9,0xE0,0x68,0x00,0x7B,0xC0,0x76,0x50,0x74,0x60}},
  {0x5001, {0x00,0x00,0x28,0x00,0x2F,0xE0,0x74,0xA0,0x74,0xA0,0x64,0xA0,0xFF,0xA0,0x64,0xA0,0x64,0xA0,0x6E,0xA0,0x79,0xE0,0x70,0x80}},
  {0x5002, {0x00,0x00,0x22,0x40,0x24,0x40,0x2F,0xF0,0x64,0x40,0x64,0x40,0xE4,0x40,0x3F,0xF0,0x24,0x40,0x2C,0x40,0x28,0x40,0x30,0x40}},
  {0x5003, {0x00,0x00,0x24,0x80,0x2F,0xC0,0x2A,0xE0,0x7A,0x90,0x66,0x80,0xEF,0xF0,0x78,0x00,0x6F,0xE0,0x68,0x20,0x68,0x20,0x6F,0xE0}},
  {0x5004, {0x00,0x00,0x1C,0x60,0x27,0xC0,0x2A,0x20,0x7F,0xF0,0xE7,0xE0,0x2C,0x20,0x3F,0xE0,0x2C,0x20,0x2F,0xE0,0x2C,0x20,0x2C,0xE0}},
  {0x5005, {0x00,0x00,0x11,0x00,0x3F,0xF0,0x24,0x40,0x64,0x40,0xEA,0xA0,0xA8,0x80,0x21,0x00,0x3F,0xF0,0x21,0x00,0x21,0x00,0x21,0x00}},
  {0x5007, {0x00,0x00,0x21,0x00,0x3F,0xF0,0x38,0x10,0x6C,0x00,0x6F,0xE0,0xEA,0xA0,0x3A,0xA0,0x36,0xE0,0x24,0x90,0x2C,0x90,0x38,0xE0}},
  {0x500A, {0x00,0x00,0x30,0x80,0x24,0xC0,0x28,0x60,0x72,0x30,0xE4,0x40,0xAF,0xE0,0x21,0x00,0x2D,0x20,0x34,0x60,0x34,0x50,0x23,0x80}},
  {0x500C, {0x00,0x00,0x11,0x00,0x3F,0xF0,0x28,0x10,0x6F,0xE0,0xE8,0x20,0xAF,0xE0,0x28,0x00,0x2F,0xE0,0x28,0x20,0x2F,0xE0,0x00,0x00}},
  {0x500D, {0x00,0x00,0x21,0x00,0x2F,0xE0,0x24,0x40,0x64,0x40,0xFF,0xF0,0xE0,0x00,0x6F,0xE0,0x68,0x20,0x68,0x20,0x6F,0xE0,0x68,0x20}},
  {0x500E, {0x00,0x00,0x22,0x80,0x2F,0xE0,0x6A,0xA0,0x4A,0xA0,0xCF,0xE0,0xCA,0xA0,0x4A,0xA0,0x5F,0xF0,0x44,0x00,0x4C,0x60,0x58,0x10}},
  {0x500F, {0x00,0x00,0x22,0x00,0x23,0xE0,0x77,0x40,0x59,0xC0,0xDE,0x70,0xD0,0x00,0x51,0x40,0x5F,0xF0,0x51,0x80,0x42,0x40,0x4C,0x20}},
  {0x5012, {0x00,0x00,0x20,0x20,0x3F,0x20,0x48,0xE0,0x4A,0xE0,0xDF,0xE0,0xC4,0xE0,0x5F,0xE0,0x44,0xE0,0x44,0x20,0x47,0x20,0x5C,0xE0}},
  {0x5013, {0x00,0x00,0x21,0x00,0x2D,0x60,0x21,0x00,0x63,0xC0,0x6C,0x60,0xE1,0x00,0x69,0x20,0x65,0x40,0x62,0x80,0x6C,0x60,0x38,0x30}},
  {0x5014, {0x00,0x00,0x2F,0xE0,0x28,0x20,0x6F,0xE0,0x68,0x80,0xEA,0xA0,0xAA,0xA0,0x2B,0xE0,0x28,0x80,0x3C,0xA0,0x34,0xA0,0x37,0xE0}},
  {0x5015, {0x00,0x00,0x20,0xE0,0x2F,0x00,0x21,0x00,0x7F,0xE0,0x69,0x60,0xFF,0xF0,0x69,0x60,0x69,0x60,0x7F,0xF0,0x61,0x00,0x6F,0xE0}},
  {0x5017, {0x00,0x00,0x3E,0xE0,0x2A,0xA0,0x6A,0xA0,0x6E,0xE0,0xEA,0xA0,0xAA,0xA0,0x2E,0xE0,0x3A,0xA0,0x32,0xA0,0x33,0x20,0x3F,0x60}},
  {0x5018, {0x00,0x00,0x21,0x00,0x29,0x20,0x25,0x40,0x6F,0xE0,0xE8,0x20,0xEB,0xA0,0x2A,0xA0,0x2A,0xA0,0x2B,0xA0,0x2A,0x20,0x28,0xE0}},
  {0x5019, {0x00,0x00,0x27,0xE0,0x30,0x40,0x7F,0xF0,0x52,0x00,0xD7,0xE0,0xD4,0x80,0x50,0x80,0x5F,0xF0,0x51,0x80,0x42,0x40,0x4C,0x30}},
  {0x501A, {0x00,0x00,0x11,0x00,0x3F,0xE0,0x23,0x80,0x6C,0x60,0xFF,0xF0,0xA0,0x20,0x2F,0x20,0x29,0x20,0x2F,0x20,0x28,0x60,0x21,0xC0}},
  {0x501B, {0x00,0x00,0x2C,0x40,0x3F,0xF0,0x6C,0x40,0x6F,0xC0,0xEC,0x40,0xEF,0xC0,0x6C,0x40,0x6C,0x40,0x7F,0xF0,0x64,0x40,0x78,0x30}},
  {0x501C, {0x00,0x00,0x2F,0xE0,0x29,0x20,0x2B,0xE0,0x69,0x20,0xEF,0xE0,0xE8,0x20,0x2B,0xE0,0x2A,0xE0,0x2B,0xA0,0x32,0x20,0x30,0xE0}},
  {0x501D, {0x00,0x00,0x10,0x80,0xFC,0x80,0x10,0x80,0x7C,0x80,0x44,0x80,0x7C,0x80,0x45,0xC0,0x7D,0xC0,0x11,0x60,0xFE,0x30,0x16,0x10}},
  {0x501E, {0x00,0x00,0x21,0x00,0x3F,0xF0,0x20,0x00,0x6F,0xE0,0x68,0x20,0xE8,0x20,0x2F,0xE0,0x21,0x00,0x29,0x60,0x39,0x30,0x27,0x00}},
  {0x501F, {0x00,0x00,0x14,0x40,0x2F,0xE0,0x24,0x40,0x7F,0xF0,0xE0,0x00,0xAF,0xE0,0x28,0x20,0x2F,0xE0,0x28,0x20,0x2F,0xE0,0x00,0x00}},
  {0x5020, {0x00,0x00,0x14,0x80,0x24,0x80,0x2F,0xF0,0x78,0x80,0xFF,0xE0,0xE8,0x80,0x68,0x80,0x6F,0xE0,0x68,0x80,0x6F,0xF0,0x68,0x00}},
  {0x5021, {0x00,0x00,0x3F,0xE0,0x28,0x20,0x2F,0xE0,0x68,0x20,0x6F,0xE0,0xE0,0x00,0x2F,0xE0,0x28,0x20,0x2F,0xE0,0x28,0x20,0x2F,0xE0}},
  {0x5022, {0x00,0x00,0x21,0x00,0x3F,0xF0,0x21,0x00,0x6F,0xE0,0x61,0x20,0xFF,0xF0,0xE1,0x20,0x6F,0xE0,0x69,0xE0,0x6D,0x00,0x73,0xF0}},
  {0x5024, {0x00,0x00,0x21,0x80,0x2F,0xF0,0x67,0xE0,0x64,0x20,0xF7,0xE0,0x74,0x20,0x77,0xE0,0x74,0x20,0x77,0xE0,0x74,0x00,0x7F,0xF0}},
  {0x5025, {0x00,0x00,0x31,0x00,0x21,0x00,0x2F,0xE0,0x68,0x20,0x66,0xC0,0xE8,0x20,0xA0,0x00,0x2F,0xE0,0x21,0x00,0x21,0x00,0x3F,0xF0}},
  {0x5026, {0x00,0x00,0x29,0x20,0x25,0x40,0x7F,0xE0,0x42,0x00,0xDF,0xF0,0xC4,0x40,0x4F,0xE0,0x74,0x90,0x45,0x80,0x44,0x20,0x47,0xC0}},
  {0x5027, {0x00,0x00,0x21,0x00,0x3F,0xF0,0x28,0x30,0x60,0x00,0x6F,0xE0,0xE0,0x00,0x3F,0xF0,0x21,0x00,0x29,0x60,0x39,0x30,0x27,0x00}},
  {0x5028, {0x00,0x00,0x2F,0xE0,0x28,0x20,0x2F,0xE0,0x68,0x80,0xEF,0xF0,0xE8,0x80,0x6F,0xE0,0x6C,0x20,0x74,0x20,0x74,0x20,0x77,0xE0}},
  {0x5029, {0x00,0x00,0x21,0x00,0x3F,0xE0,0x21,0x00,0x6F,0xE0,0xE1,0x00,0xFF,0xF0,0x28,0x20,0x2F,0xE0,0x28,0x20,0x2F,0xE0,0x28,0xE0}},
  {0x502A, {0x00,0x00,0x26,0x00,0x28,0xE0,0x28,0x20,0x6E,0xE0,0x68,0x20,0xE8,0x20,0xEF,0xE0,0x66,0x80,0x64,0x90,0x6C,0x90,0x78,0xE0}},
  {0x502C, {0x00,0x00,0x11,0x00,0x31,0xF0,0x21,0x00,0x6F,0xE0,0x68,0x20,0xEF,0xE0,0xA8,0x20,0x2F,0xE0,0x21,0x00,0x3F,0xF0,0x21,0x00}},
  {0x502D, {0x00,0x00,0x2F,0xE0,0x21,0x00,0x2F,0xF0,0x67,0xC0,0xF9,0x30,0xE2,0x00,0x3F,0xF0,0x24,0xC0,0x27,0x80,0x23,0xC0,0x3C,0x20}},
  {0x502E, {0x00,0x00,0x2F,0xE0,0x29,0x20,0x6F,0xE0,0x69,0x20,0xEF,0xE0,0xA1,0x00,0x3F,0xF0,0x23,0x80,0x2D,0x40,0x39,0x30,0x21,0x00}},
  {0x502F, {0x00,0x00,0x24,0x40,0x25,0xC0,0x7F,0x20,0x6D,0x20,0xEE,0x90,0xAE,0x80,0x3C,0x80,0x35,0xA0,0x25,0x20,0x25,0x60,0x25,0x90}},
  {0x5030, {0x00,0x00,0x21,0x00,0x2F,0xE0,0x21,0x00,0x7F,0xF0,0x64,0x40,0xFE,0x30,0x67,0xC0,0x6E,0x40,0x63,0x80,0x67,0xC0,0x38,0x30}},
  {0x5031, {0x00,0x00,0x2F,0xE0,0x28,0x20,0x2F,0xE0,0x68,0x20,0x6F,0xE0,0xE8,0x00,0x68,0xB0,0x6F,0xC0,0x68,0x90,0x6F,0x90,0x6C,0xE0}},
  {0x5033, {0x00,0x00,0x21,0x00,0x3F,0xF0,0x61,0x00,0xEF,0xE0,0xE9,0x20,0x6F,0xE0,0x61,0x20,0x7F,0xF0,0x61,0x20,0x6F,0xE0,0x67,0x00}},
  {0x5034, {0x00,0x00,0x23,0x00,0x3F,0xE0,0x24,0xC0,0x69,0x20,0xFF,0xC0,0xE1,0x00,0x64,0x40,0x7F,0xF0,0x6C,0x40,0x68,0x40,0x70,0x40}},
  {0x5035, {0x00,0x00,0x20,0x80,0x2F,0xA0,0x20,0x80,0x7F,0xF0,0x62,0x80,0xEA,0x80,0x6B,0xC0,0x6A,0x40,0x6A,0x50,0x7F,0x70,0x78,0x20}},
  {0x5036, {0x00,0x00,0x2F,0xE0,0x28,0x20,0x2F,0xE0,0x68,0x20,0x6F,0xE0,0xE8,0x20,0xEF,0xE0,0x68,0x00,0x7F,0xF0,0x64,0x40,0x78,0x30}},
  {0x5037, {0x00,0x00,0x23,0x00,0x3F,0xE0,0x24,0xC0,0x6C,0x60,0xFF,0xF0,0xE0,0x00,0x7F,0xE0,0x61,0x00,0x69,0x60,0x71,0x30,0x67,0x00}},
  {0x5039, {0x00,0x00,0x11,0x00,0x22,0x80,0x2C,0x60,0x7F,0xF0,0x61,0x00,0xEF,0xE0,0x29,0x20,0x2F,0xE0,0x23,0x80,0x24,0xC0,0x38,0x30}},
  {0x503A, {0x00,0x00,0x21,0x00,0x2F,0xE0,0x21,0x00,0x6F,0xE0,0x61,0x00,0xFF,0xF0,0xE9,0x20,0x69,0x20,0x6B,0xA0,0x66,0x60,0x38,0x30}},
  {0x503B, {0x00,0x00,0x20,0x00,0x3F,0xF0,0x6A,0xA0,0x6E,0xA0,0xEA,0xA0,0xEE,0xA0,0x6A,0x90,0x6B,0x90,0x7E,0xE0,0x62,0x80,0x62,0x80}},
  {0x503C, {0x21,0x00,0x2F,0xF0,0x21,0x00,0x6F,0xE0,0x68,0x20,0xEF,0xE0,0xE8,0x20,0x6F,0xE0,0x68,0x20,0x6F,0xE0,0x68,0x20,0x7F,0xF0}},
  {0x503D, {0x00,0x00,0x23,0x00,0x26,0x80,0x2C,0x60,0x77,0xF0,0x61,0x00,0xFF,0xE0,0x21,0x00,0x2F,0xE0,0x28,0x20,0x28,0x20,0x2F,0xE0}},
  {0x503E, {0x00,0x00,0x3B,0xF0,0x28,0x80,0x6B,0xE0,0x6E,0xA0,0xEA,0xA0,0xEA,0xA0,0x6A,0xA0,0x7A,0xA0,0x7F,0xE0,0x61,0x20,0x62,0x10}},
  {0x503F, {0x00,0x00,0x21,0x00,0x2F,0xE0,0x24,0x40,0x66,0xC0,0x7F,0xF0,0xE2,0x00,0x7F,0xF0,0x64,0xC0,0x67,0x80,0x67,0xC0,0x3C,0x20}},
  {0x5040, {0x00,0x00,0x24,0x40,0x3F,0xF0,0x25,0x40,0x61,0x00,0x6F,0xE0,0xE9,0x20,0x69,0x20,0x7F,0xF0,0x63,0x80,0x66,0xC0,0x78,0x30}},
  {0x5041, {0x00,0x00,0x20,0xE0,0x2F,0x20,0x29,0x60,0x61,0x00,0x6F,0xE0,0xE9,0x20,0x6F,0xE0,0x69,0x20,0x7F,0xF0,0x68,0x20,0x69,0xE0}},
  {0x5042, {0x00,0x00,0x24,0x40,0x3F,0xF0,0x20,0x00,0x4F,0x20,0x4B,0xA0,0xCB,0xA0,0x4F,0xA0,0x4B,0xA0,0x4F,0xA0,0x4B,0x20,0x4E,0xE0}},
  {0x5043, {0x00,0x00,0x2F,0xF0,0x2A,0x20,0x2B,0xE0,0x6A,0x20,0xEB,0xE0,0xA9,0x00,0x2F,0xF0,0x2B,0x40,0x29,0xC0,0x2E,0x20,0x2F,0xF0}},
  {0x5044, {0x00,0x00,0x3F,0xF0,0x22,0x00,0x6F,0xE0,0x4A,0xA0,0xCA,0xA0,0xCA,0xE0,0x41,0x00,0x5F,0xF0,0x43,0x80,0x44,0x40,0x58,0x30}},
  {0x5045, {0x00,0x00,0x3F,0xE0,0x21,0x00,0x7F,0xF0,0x61,0x00,0xEF,0xE0,0xE9,0x20,0x6F,0xE0,0x69,0x20,0x6F,0xE0,0x61,0x00,0x7F,0xF0}},
  {0x5046, {0x00,0x00,0x21,0x00,0x3F,0xE0,0x22,0x00,0x6F,0xE0,0xFF,0xF0,0xE4,0x40,0x7F,0xE0,0x78,0x70,0x6F,0xC0,0x68,0x40,0x6F,0xC0}},
  {0x5047, {0x00,0x00,0x3F,0xE0,0x32,0x20,0x52,0x20,0x5F,0xE0,0xD2,0x20,0xD0,0x00,0x5F,0xE0,0x50,0xA0,0x5E,0xC0,0x50,0xC0,0x53,0x30}},
  {0x5048, {0x00,0x00,0x2F,0xE0,0x28,0x20,0x2F,0xE0,0x68,0x20,0xEF,0xE0,0xAC,0x00,0x3F,0xE0,0x29,0x20,0x2B,0x20,0x2A,0xA0,0x2F,0xE0}},
  {0x504B, {0x00,0x00,0x3F,0xF0,0x28,0x30,0x6F,0xF0,0x4B,0x40,0xCF,0xF0,0x4A,0x40,0x4A,0x40,0x5F,0xF0,0x52,0x40,0x76,0x40,0x74,0x40}},
  {0x504C, {0x00,0x00,0x24,0x40,0x3F,0xF0,0x64,0x40,0x41,0x00,0xDF,0xF0,0xC4,0x00,0x4F,0xE0,0x7C,0x20,0x44,0x20,0x47,0xE0,0x44,0x20}},
  {0x504D, {0x00,0x00,0x2F,0xE0,0x28,0x20,0x6F,0xE0,0x68,0x20,0xEF,0xE0,0xE0,0x00,0x7F,0xF0,0x61,0x00,0x6D,0xE0,0x6F,0x00,0x73,0xF0}},
  {0x504E, {0x00,0x00,0x2F,0xE0,0x29,0x20,0x6F,0xE0,0x49,0x20,0xCF,0xE0,0xC0,0x00,0x5F,0xF0,0x49,0x20,0x49,0xC0,0x4B,0xC0,0x4C,0x30}},
  {0x504F, {0x00,0x00,0x21,0x00,0x2F,0xE0,0x28,0x20,0x4F,0xE0,0xC8,0x00,0xCF,0xE0,0x4D,0x60,0x4F,0xE0,0x55,0x60,0x75,0x60,0x74,0x60}},
  {0x5050, {0x00,0x00,0x21,0x00,0x2F,0xE0,0x24,0x60,0x62,0x40,0x6F,0xF0,0xE8,0xE0,0x6F,0x00,0x69,0xE0,0x7F,0x20,0x71,0xC0,0x77,0x00}},
  {0x5052, {0x00,0x00,0x2F,0xE0,0x28,0x20,0x6F,0xE0,0xE8,0x20,0xFF,0xF0,0x64,0x00,0x6F,0xE0,0x72,0xA0,0x64,0xA0,0x6D,0x20,0x7A,0xE0}},
  {0x5053, {0x00,0x00,0x3F,0xE0,0x28,0x20,0x2F,0xE0,0x68,0x00,0x6F,0xE0,0xEB,0x40,0x6F,0xE0,0x68,0x80,0x77,0xE0,0x70,0x80,0x7F,0xF0}},
  {0x5054, {0x00,0x00,0x3E,0xE0,0x2A,0xA0,0x2E,0xE0,0x62,0x00,0x6F,0xE0,0xE0,0x00,0x7F,0xF0,0x68,0x00,0x6F,0xE0,0x60,0x20,0x63,0xC0}},
  {0x5055, {0x00,0x00,0x28,0x80,0x2E,0xA0,0x28,0xC0,0x6B,0x90,0x6C,0xE0,0xE2,0x00,0xAF,0xE0,0x28,0x20,0x2F,0xE0,0x28,0x20,0x07,0xC0}},
  {0x5056, {0x00,0x00,0x22,0x20,0x2F,0xE0,0x22,0xC0,0x7F,0xF0,0xE2,0x00,0xE7,0xE0,0x7C,0x20,0x74,0x20,0x67,0xE0,0x64,0x20,0x67,0xE0}},
  {0x5057, {0x00,0x00,0x25,0x60,0x29,0x30,0x73,0xC0,0x7F,0xE0,0xE8,0x20,0xEF,0xE0,0x68,0x20,0x6F,0xE0,0x68,0x20,0x6F,0xE0,0x00,0x00}},
  {0x5058, {0x00,0x00,0x2F,0xE0,0x28,0x20,0x68,0x20,0x48,0x20,0x4F,0xE0,0xC0,0x00,0x5E,0xE0,0x52,0xA0,0x52,0xA0,0x5E,0xE0,0x52,0xA0}},
  {0x5059, {0x00,0x00,0x21,0x00,0x3F,0xF0,0x64,0x40,0x64,0x80,0xFF,0xF0,0xF1,0x00,0x6F,0xE0,0x69,0x20,0x69,0x20,0x69,0xE0,0x61,0x00}},
  {0x505A, {0x00,0x00,0x24,0x80,0x24,0x80,0x7E,0xF0,0x44,0xA0,0xC5,0xA0,0xDF,0xA0,0x52,0xA0,0x52,0x40,0x52,0x40,0x5E,0xA0,0x51,0x10}},
  {0x505B, {0x00,0x00,0x21,0xE0,0x2F,0x00,0x61,0x00,0x5F,0xF0,0xC1,0x00,0xCD,0xE0,0x59,0x20,0x5D,0xE0,0x59,0x20,0x59,0x20,0x5F,0xE0}},
  {0x505C, {0x00,0x00,0x21,0x00,0x3F,0xF0,0x68,0x40,0x6F,0xC0,0xE0,0x00,0xBF,0xF0,0x30,0x10,0x2F,0xC0,0x21,0x00,0x21,0x00,0x27,0x00}},
  {0x505D, {0x00,0x00,0x22,0x80,0x3E,0xE0,0x66,0x90,0x66,0x60,0xEF,0xE0,0x28,0x20,0x2F,0xE0,0x28,0x20,0x2F,0xE0,0x28,0x20,0x29,0xE0}},
  {0x505E, {0x00,0x00,0x2A,0x40,0x3F,0xF0,0x6A,0x40,0x4B,0xC0,0xC8,0x00,0xCF,0xE0,0x41,0x00,0x5F,0xF0,0x45,0xC0,0x79,0x60,0x71,0x00}},
  {0x505F, {0x00,0x00,0x22,0x00,0x2F,0xE0,0x68,0x20,0x4F,0xE0,0xC8,0x20,0xCF,0xE0,0x41,0x00,0x4F,0xE0,0x41,0x00,0x41,0x00,0x5F,0xF0}},
  {0x5060, {0x00,0x00,0x3F,0xF0,0x22,0x80,0x6F,0xF0,0x6A,0x90,0xEF,0xF0,0xA2,0x00,0x3F,0xF0,0x24,0x40,0x27,0x80,0x27,0xE0,0x3C,0x30}},
  {0x5061, {0x00,0x00,0x24,0x40,0x3F,0xF0,0x64,0x40,0x47,0xC0,0xC4,0x40,0xC7,0xC0,0x44,0x40,0x7F,0xF0,0x4A,0x40,0x4A,0x20,0x4F,0xF0}},
  {0x5062, {0x00,0x00,0x22,0x40,0x3C,0x40,0x65,0x50,0x7F,0x50,0xCD,0xE0,0xCE,0x40,0x5E,0xC0,0x74,0xA0,0x64,0xA0,0x45,0x30,0x45,0x10}},
  {0x5063, {0x00,0x00,0x21,0x00,0x2F,0xE0,0x24,0x40,0x66,0xC0,0x7F,0xF0,0xE0,0x00,0x6F,0xE0,0x68,0x20,0x6F,0xE0,0x68,0x20,0x6F,0xE0}},
  {0x5064, {0x00,0x00,0x24,0x40,0x3F,0xF0,0x62,0x80,0x4F,0xE0,0xCA,0xA0,0x4C,0xE0,0x48,0x20,0x4F,0xE0,0x48,0x20,0x48,0x20,0x4F,0xE0}},
  {0x5065, {0x00,0x00,0x20,0x80,0x3F,0xE0,0x48,0xA0,0x4B,0xF0,0xD0,0xA0,0xDF,0xE0,0x44,0x80,0x5F,0xE0,0x58,0x80,0x4C,0x80,0x77,0xF0}},
  {0x5066, {0x00,0x00,0x2F,0xF0,0x21,0x20,0x2D,0xE0,0x6F,0x00,0xFF,0xF0,0xE8,0x20,0x6F,0xE0,0x68,0x20,0x6F,0xE0,0x68,0x20,0x68,0xE0}},
  {0x5067, {0x00,0x00,0x22,0x00,0x2F,0xE0,0x24,0xC0,0x6A,0x60,0xFF,0xE0,0xEF,0x80,0x67,0x00,0x7B,0xE0,0x6E,0x40,0x63,0x80,0x7E,0x00}},
  {0x5068, {0x00,0x00,0x30,0x80,0x2B,0xE0,0x2A,0x80,0x6A,0x90,0xFF,0x60,0x21,0x00,0x3F,0xF0,0x27,0x80,0x2D,0x60,0x39,0x30,0x21,0x00}},
  {0x506A, {0x00,0x00,0x3F,0xE0,0x20,0x00,0x2F,0xE0,0x68,0x20,0xEF,0xE0,0xE0,0x00,0x6F,0xE0,0x69,0x20,0x6F,0xE0,0x69,0x20,0x07,0xE0}},
  {0x506B, {0x00,0x00,0x24,0x80,0x2B,0xE0,0x78,0x80,0x5C,0x80,0xCB,0xF0,0xD8,0x20,0x7B,0xF0,0x48,0x20,0x49,0x20,0x48,0x20,0x49,0xC0}},
  {0x506C, {0x00,0x00,0x24,0x00,0x2F,0xE0,0x6A,0xA0,0x76,0xA0,0xCD,0xA0,0xCA,0x20,0x46,0xE0,0x41,0x20,0x55,0x60,0x74,0x50,0x47,0x80}},
  {0x506D, {0x00,0x00,0x3F,0xF0,0x23,0x00,0x2F,0xE0,0x6A,0xA0,0xEA,0xA0,0x2B,0xA0,0x2A,0xA0,0x2B,0xA0,0x2A,0xA0,0x2F,0xE0,0x28,0x20}},
  {0x5070, {0x00,0x00,0x24,0xE0,0x3E,0xA0,0x24,0xA0,0x6E,0xA0,0x65,0xA0,0xFF,0xE0,0x24,0x00,0x3F,0xF0,0x23,0x80,0x26,0x40,0x38,0x30}},
  {0x5071, {0x00,0x00,0x3F,0xE0,0x28,0x80,0x6F,0xF0,0x68,0x80,0xEF,0xE0,0x6C,0x20,0x6F,0xE0,0x6C,0x20,0x77,0xE0,0x74,0x20,0x77,0xE0}},
  {0x5072, {0x00,0x00,0x3F,0xE0,0x29,0x20,0x29,0x20,0x6F,0xE0,0xE9,0x20,0xEF,0xE0,0x20,0x20,0x2D,0x20,0x34,0x70,0x34,0x50,0x23,0x80}},
  {0x5073, {0x00,0x00,0x21,0x00,0x29,0x20,0x2F,0xE0,0x60,0x00,0xFF,0xF0,0xE3,0x00,0x6F,0xE0,0x6A,0xA0,0x6A,0xA0,0x6A,0xA0,0x68,0x60}},
  {0x5076, {0x00,0x00,0x2F,0xE0,0x29,0x20,0x2F,0xE0,0x69,0x20,0xEF,0xE0,0xE1,0x00,0x3F,0xE0,0x39,0x20,0x3F,0xE0,0x38,0x20,0x38,0x60}},
  {0x5077, {0x00,0x00,0x23,0x00,0x22,0x80,0x2F,0xC0,0x70,0x10,0xEE,0xA0,0xEA,0xA0,0x2E,0xA0,0x2A,0xA0,0x2E,0xA0,0x2A,0x20,0x2E,0xE0}},
  {0x5078, {0x00,0x00,0x21,0x00,0x20,0x80,0x2F,0xE0,0x70,0x10,0x6E,0x50,0xEA,0xA0,0x2E,0xA0,0x2B,0xC0,0x2E,0xA0,0x2A,0xA0,0x2E,0x50}},
  {0x5079, {0x00,0x00,0x22,0x00,0x23,0xE0,0x76,0x40,0x59,0xC0,0x53,0xC0,0xDE,0x30,0x57,0xE0,0x54,0xA0,0x57,0xE0,0x44,0xA0,0x47,0xE0}},
  {0x507A, {0x00,0x00,0x20,0x80,0x2F,0xC0,0x7A,0xA0,0x5E,0x80,0xCF,0xF0,0x58,0x00,0x4F,0xE0,0x48,0x20,0x4F,0xE0,0x48,0x20,0x4F,0xE0}},
  {0x507B, {0x00,0x00,0x29,0x20,0x25,0x40,0x7F,0xF0,0x63,0x80,0xED,0x40,0xF1,0x30,0x62,0x00,0x7F,0xF0,0x6C,0xC0,0x63,0x80,0x7E,0x60}},
  {0x507C, {0x00,0x00,0x31,0x00,0x21,0xE0,0x21,0x00,0x6F,0xE0,0x60,0x20,0xEF,0xE0,0xA0,0x20,0x2F,0xE0,0x29,0xE0,0x2D,0x00,0x37,0xF0}},
  {0x507E, {0x00,0x00,0x21,0x00,0x2F,0xE0,0x65,0x40,0x7F,0xF0,0xE4,0x40,0xEF,0xE0,0x68,0x20,0x69,0x20,0x69,0x20,0x62,0xC0,0x7C,0x20}},
  {0x507F, {0x00,0x00,0x21,0x00,0x29,0x20,0x25,0x40,0x7F,0xF0,0x70,0x10,0xE7,0xC0,0xA0,0x00,0x2F,0xE0,0x22,0x40,0x24,0xE0,0x2F,0x20}},
  {0x5080, {0x00,0x00,0x22,0x00,0x2F,0xE0,0x29,0x20,0x6F,0xE0,0xE9,0x20,0xAF,0xE0,0x22,0x20,0x23,0x60,0x25,0xF0,0x2D,0x10,0x38,0xE0}},
  {0x5081, {0x00,0x00,0x31,0x60,0x2D,0x20,0x29,0x20,0x6F,0xE0,0x69,0x20,0xEF,0xE0,0x21,0x00,0x2F,0xE0,0x22,0x40,0x23,0x80,0x3C,0x70}},
  {0x5082, {0x00,0x00,0x20,0xE0,0x2F,0x00,0x69,0xE0,0x49,0x00,0xCF,0xF0,0xCD,0x10,0x4F,0xC0,0x55,0x00,0x55,0xE0,0x75,0xF0,0x6A,0x20}},
  {0x5083, {0x00,0x00,0x31,0x00,0x2F,0xE0,0x21,0x00,0x6F,0xE0,0x61,0x00,0xFF,0xF0,0xE4,0x60,0x2F,0xE0,0x25,0x40,0x29,0x20,0x37,0x10}},
  {0x5084, {0x00,0x00,0x31,0x00,0x2F,0xE0,0x2A,0xA0,0x6C,0x40,0xFF,0xF0,0xE8,0x20,0x2F,0xE0,0x28,0x20,0x2F,0xE0,0x28,0x20,0x07,0xC0}},
  {0x5085, {0x00,0x00,0x21,0x40,0x3F,0xF0,0x29,0x20,0x6F,0xE0,0xE9,0x20,0xAF,0xE0,0x29,0x20,0x20,0x40,0x3F,0xF0,0x24,0x40,0x21,0xC0}},
  {0x5086, {0x00,0x00,0x3F,0xF0,0x29,0x00,0x6B,0xE0,0x6A,0x20,0xEB,0xE0,0x6A,0x20,0x6B,0xE0,0x78,0x80,0x72,0xA0,0x74,0xB0,0x31,0x80}},
  {0x5087, {0x00,0x00,0x24,0x40,0x3F,0xE0,0x24,0x40,0x7F,0xF0,0xE8,0x20,0xEF,0xE0,0x68,0x20,0x6F,0xE0,0x68,0x20,0x7F,0xF0,0x60,0x20}},
  {0x5088, {0x00,0x00,0x3F,0xE0,0x22,0x80,0x7F,0xE0,0x72,0xA0,0xF2,0xA0,0xBF,0xE0,0x21,0x00,0x3F,0xF0,0x27,0x80,0x2D,0x60,0x31,0x30}},
  {0x5089, {0x00,0x00,0x3F,0xE0,0x28,0x00,0x2F,0xE0,0x68,0x00,0x6F,0xF0,0xEA,0xA0,0x6B,0x60,0x68,0x00,0x7F,0xF0,0x72,0x40,0x71,0xC0}},
  {0x508A, {0x00,0x00,0x3F,0xE0,0x28,0x20,0x2F,0xE0,0x60,0x00,0x6F,0xE0,0xE8,0x20,0xEF,0xE0,0x28,0x20,0x2F,0xE0,0x26,0xC0,0x38,0x30}},
  {0x508B, {0x00,0x00,0x36,0x40,0x2F,0xE0,0x24,0x40,0x6F,0xE0,0x64,0x40,0xFF,0xF0,0xE9,0x20,0x6F,0xE0,0x69,0x20,0x7F,0xF0,0x68,0xE0}},
  {0x508D, {0x00,0x00,0x21,0x00,0x2F,0xE0,0x64,0xC0,0x7F,0xE0,0xF1,0x00,0x7F,0xF0,0x64,0x00,0x67,0xE0,0x64,0x40,0x68,0x40,0x39,0xC0}},
  {0x508E, {0x00,0x00,0x31,0x00,0x2F,0xE0,0x21,0x00,0x6F,0xE0,0x68,0x20,0xEF,0xE0,0xEF,0xE0,0x28,0x20,0x2F,0xE0,0x3F,0xF0,0x2C,0x60}},
  {0x508F, {0x00,0x00,0x21,0x00,0x2F,0xF0,0x29,0x00,0x6F,0xE0,0x69,0x20,0xEF,0xF0,0xE9,0x20,0x2F,0xE0,0x3C,0x20,0x37,0xE0,0x34,0x20}},
  {0x5090, {0x00,0x00,0x21,0x00,0x3F,0xF0,0x20,0x00,0x6F,0xE0,0x6C,0x20,0xEF,0xE0,0xE8,0x20,0x2B,0xE0,0x2A,0xE0,0x2B,0xA0,0x28,0x60}},
  {0x5092, {0x00,0x00,0x31,0xE0,0x2F,0x20,0x29,0x40,0x66,0x40,0x6F,0x80,0xA6,0x40,0x2F,0xE0,0x21,0x00,0x3F,0xF0,0x26,0xC0,0x3C,0x70}},
  {0x5093, {0x00,0x00,0x01,0x00,0x2F,0xE0,0x28,0x20,0x6F,0xE0,0x68,0x00,0xEF,0xE0,0x2D,0x40,0x29,0x60,0x37,0xE0,0x35,0x00,0x37,0x60}},
  {0x5094, {0x00,0x00,0x24,0x80,0x3F,0xE0,0x22,0x80,0x6F,0xE0,0x62,0xA0,0xFF,0xF0,0x62,0xA0,0x6F,0xE0,0x66,0xC0,0x7A,0xA0,0x62,0x80}},
  {0x5095, {0x00,0x00,0x21,0x00,0x2F,0xF0,0x22,0x80,0x67,0xE0,0xE8,0x80,0x3F,0xE0,0x28,0x80,0x2F,0xE0,0x28,0x80,0x2F,0xF0,0x28,0x00}},
  {0x5097, {0x00,0x00,0x21,0x00,0x2F,0xF0,0x26,0x60,0x6F,0xC0,0xE7,0x60,0xEF,0xF0,0x2F,0xE0,0x29,0x20,0x2F,0xE0,0x29,0x20,0x2F,0xE0}},
  {0x509B, {0x00,0x00,0x31,0x00,0x2F,0xE0,0x28,0x20,0x64,0x60,0x6B,0xA0,0xE6,0xC0,0x2C,0x60,0x3F,0xF0,0x28,0x20,0x28,0x20,0x2F,0xE0}},
  {0x509C, {0x00,0x00,0x20,0xE0,0x2F,0x00,0x29,0x20,0x69,0x40,0x64,0x00,0xEF,0xE0,0x61,0x00,0x7F,0xF0,0x69,0x20,0x69,0x20,0x6F,0xE0}},
  {0x509D, {0x00,0x00,0x3F,0xE0,0x28,0x20,0x2F,0xE0,0x68,0x20,0x6F,0xE0,0xE0,0x00,0xBF,0xE0,0x2A,0xA0,0x26,0x60,0x3A,0xA0,0x2E,0xE0}},
  {0x509E, {0x00,0x00,0x34,0x40,0x2F,0xE0,0x22,0x00,0x6F,0xE0,0xE2,0x00,0xBF,0xF0,0x24,0x00,0x2F,0xE0,0x29,0x00,0x31,0x00,0x2F,0xF0}},
  {0x509F, {0x00,0x00,0x32,0x80,0x25,0x40,0x3A,0xE0,0x67,0xD0,0x66,0x00,0xE0,0x00,0xAF,0xE0,0x2A,0xA0,0x26,0x60,0x3B,0xA0,0x2E,0xE0}},
  {0x50A0, {0x00,0x00,0x24,0x20,0x24,0x20,0x7F,0xF0,0x6E,0x20,0xE0,0x20,0xEE,0xA0,0x60,0xE0,0x7E,0x20,0x7A,0x20,0x7E,0x20,0x62,0xE0}},
  {0x50A1, {0x00,0x00,0x28,0x40,0x24,0x40,0x7F,0xF0,0x40,0x00,0xD7,0xA0,0xD4,0xA0,0x54,0xA0,0x44,0xA0,0x44,0xA0,0x7E,0x20,0x51,0xF0}},
  {0x50A3, {0x00,0x00,0x21,0x00,0x2F,0xE0,0x62,0x00,0x6F,0xE0,0xE2,0x00,0xFF,0xF0,0x6D,0x40,0x7F,0xF0,0x6F,0xC0,0x79,0x60,0x66,0x00}},
  {0x50A4, {0x00,0x00,0x24,0x80,0x3F,0xA0,0x64,0x80,0x7F,0xF0,0xC8,0x80,0xDF,0xA0,0x4C,0xA0,0x5F,0xE0,0x44,0x50,0x5F,0xD0,0x45,0x30}},
  {0x50A5, {0x00,0x00,0x29,0x20,0x25,0x40,0x3F,0xF0,0x70,0x10,0xEF,0xE0,0xA8,0x20,0x28,0x20,0x2F,0xE0,0x22,0x80,0x24,0x90,0x38,0xE0}},
  {0x50A6, {0x00,0x00,0x3F,0xE0,0x28,0x20,0x2F,0x20,0x69,0x20,0xFF,0xE0,0x38,0x20,0x2F,0xE0,0x28,0x20,0x2F,0xE0,0x28,0x20,0x28,0xC0}},
  {0x50A7, {0x00,0x00,0x21,0x00,0x3F,0xF0,0x78,0x10,0x6F,0xC0,0xE8,0x00,0xAF,0xE0,0x28,0x80,0x28,0x80,0x3F,0xF0,0x24,0x40,0x38,0x20}},
  {0x50A8, {0x00,0x00,0x31,0x00,0x2B,0xE0,0x49,0x20,0x41,0x40,0x7F,0xF0,0xC9,0x00,0xCF,0xE0,0x4A,0x20,0x4B,0xE0,0x4A,0x20,0x4F,0xE0}},
  {0x50A9, {0x00,0x00,0x21,0x40,0x21,0x40,0x7F,0xF0,0x47,0x40,0x77,0xF0,0xD9,0x40,0xC9,0xF0,0x49,0x40,0x5D,0x40,0x55,0xF0,0x61,0x00}},
  {0x50AA, {0x00,0x00,0x22,0x00,0x27,0xE0,0x2C,0x80,0x68,0xA0,0x7F,0xF0,0xE3,0x00,0x3D,0x60,0x2E,0x80,0x27,0x00,0x29,0xC0,0x2E,0x00}},
  {0x50AB, {0x00,0x00,0x2F,0xE0,0x29,0x20,0x2F,0xE0,0x69,0x20,0x6F,0xE0,0xE6,0x40,0xAF,0x80,0x26,0x60,0x2F,0xE0,0x2D,0x60,0x37,0x00}},
  {0x50AC, {0x00,0x00,0x29,0x20,0x29,0x20,0x2F,0xE0,0x64,0x80,0x6F,0xF0,0xE8,0x80,0xBF,0xE0,0x28,0x80,0x2F,0xE0,0x28,0x80,0x07,0xF0}},
  {0x50AE, {0x00,0x00,0x22,0x80,0x3F,0xF0,0x22,0x80,0x6F,0xE0,0xEA,0xA0,0xAF,0xE0,0x2F,0xE0,0x28,0x20,0x2F,0xE0,0x28,0x20,0x2F,0xE0}},
  {0x50B0, {0x00,0x00,0x21,0x00,0x29,0x20,0x2F,0xE0,0x60,0x00,0x6E,0xE0,0xEA,0xA0,0xEE,0xE0,0x2A,0xA0,0x2E,0xE0,0x33,0xA0,0x37,0x60}},
  {0x50B1, {0x00,0x00,0x25,0x20,0x29,0x20,0x71,0x60,0x6E,0xF0,0xCA,0x00,0xF8,0x40,0x7A,0x70,0x4A,0x40,0x4A,0x40,0x4B,0xC0,0x4C,0xF0}},
  {0x50B2, {0x00,0x00,0x24,0x80,0x3F,0x80,0x64,0xF0,0x5F,0xA0,0xC4,0xA0,0xFE,0xA0,0x48,0x20,0x4E,0x60,0x5A,0x40,0x72,0xA0,0x77,0x10}},
  {0x50B6, {0x00,0x00,0x20,0xE0,0x20,0xA0,0x6F,0xF0,0x4A,0x80,0x4B,0xE0,0xCA,0x60,0x5F,0xE0,0x52,0x60,0x56,0xD0,0x7A,0xD0,0x66,0x30}},
  {0x50B8, {0x00,0x00,0x21,0x00,0x3F,0xF0,0x61,0x20,0x6D,0x60,0xFD,0xA0,0xE5,0x20,0x6D,0x60,0x77,0xE0,0x62,0x80,0x6C,0x60,0x78,0x30}},
  {0x50B9, {0x00,0x00,0x21,0x00,0x2F,0xE0,0x24,0x40,0x7F,0xF0,0x60,0x00,0xEF,0xE0,0xE8,0x20,0x6F,0xE0,0x62,0x80,0x64,0x90,0x38,0xE0}},
  {0x50BA, {0x00,0x00,0x28,0x00,0x2F,0xF0,0x7E,0xA0,0x7E,0xC0,0xEC,0x40,0xBB,0xB0,0x20,0x00,0x2F,0xE0,0x25,0x00,0x29,0x40,0x37,0x20}},
  {0x50BB, {0x00,0x00,0x12,0x00,0x2F,0xE0,0x2B,0xA0,0x6B,0xA0,0xE7,0xE0,0xF8,0x40,0x22,0x20,0x27,0xC0,0x2A,0xC0,0x23,0x80,0x3C,0x60}},
  {0x50BC, {0x00,0x00,0x24,0x40,0x2F,0xF0,0x24,0x40,0x67,0xC0,0x6F,0xE0,0xE9,0x20,0xAF,0xE0,0x21,0x00,0x3F,0xF0,0x26,0xC0,0x38,0x70}},
  {0x50BD, {0x00,0x00,0x21,0x00,0x2F,0xE0,0x24,0x40,0x7F,0xF0,0x68,0x20,0xEF,0xE0,0x28,0x20,0x2F,0xE0,0x21,0x00,0x3F,0xF0,0x21,0x00}},
  {0x50BF, {0x00,0x00,0x2F,0xE0,0x21,0x00,0x29,0xE0,0x69,0x00,0x7F,0xF0,0xEF,0xE0,0x68,0x00,0x6F,0xE0,0x65,0xE0,0x75,0x20,0x61,0xE0}},
  {0x50C0, {0x00,0x00,0x22,0x80,0x3F,0xF0,0x4A,0xD0,0x4B,0xB0,0x50,0x00,0xDF,0xF0,0x51,0x10,0x4F,0xE0,0x49,0x20,0x49,0x20,0x41,0xC0}},
  {0x50C1, {0x00,0x00,0x30,0xE0,0x2F,0x20,0x25,0x40,0x6F,0xF0,0xE7,0xC0,0xAD,0x60,0x31,0x00,0x21,0x80,0x2C,0x60,0x34,0x50,0x23,0xC0}},
  {0x50C3, {0x00,0x00,0x22,0x40,0x3F,0xF0,0x68,0x00,0x4F,0xE0,0xDF,0xA0,0xFA,0xA0,0x4F,0xA0,0x4A,0xA0,0x4F,0xA0,0x48,0x20,0x41,0xE0}},
  {0x50C4, {0x00,0x00,0x3F,0xF0,0x22,0x80,0x6F,0xE0,0x6A,0x80,0xEF,0xE0,0xAF,0xE0,0x20,0x00,0x3F,0xF0,0x25,0x40,0x39,0x30,0x37,0x00}},
  {0x50C6, {0x00,0x00,0x20,0x80,0x2B,0xF0,0x68,0x80,0x43,0xE0,0xFA,0xA0,0xCB,0xE0,0x4A,0xA0,0x4B,0xE0,0x4F,0xF0,0x7C,0x80,0x77,0xF0}},
  {0x50C7, {0x00,0x00,0x3F,0xE0,0x2A,0xA0,0x62,0x60,0x6E,0xA0,0xE3,0x20,0xEC,0xC0,0x37,0x30,0x29,0x80,0x2E,0xC0,0x23,0x80,0x2C,0x00}},
  {0x50C8, {0x00,0x00,0x3F,0xE0,0x28,0x20,0x2F,0xE0,0x60,0x00,0x7F,0xF0,0xF2,0x90,0x3F,0xF0,0x20,0x00,0x2F,0xE0,0x26,0xC0,0x3E,0xF0}},
  {0x50CB, {0x00,0x00,0x33,0x80,0x25,0x40,0x3F,0xF0,0x60,0x80,0x6F,0xE0,0xE8,0x20,0x2F,0xE0,0x28,0x20,0x2F,0xE0,0x2E,0xC0,0x3C,0x30}},
  {0x50CC, {0x00,0x00,0x24,0x40,0x3F,0x80,0x44,0xF0,0x5E,0xA0,0x55,0xA0,0xDF,0xA0,0x54,0xA0,0x5E,0x60,0x44,0x60,0x7F,0xE0,0x45,0xB0}},
  {0x50CE, {0x00,0x00,0x3E,0xE0,0x2A,0xA0,0x2E,0xE0,0x69,0x90,0x6E,0xE0,0xE4,0x00,0x3F,0xE0,0x24,0x40,0x3F,0xF0,0x24,0xC0,0x38,0x30}},
  {0x50CF, {0x00,0x00,0x26,0x00,0x27,0xC0,0x28,0x80,0x7F,0xE0,0x49,0x20,0xCF,0xE0,0xCF,0x00,0x43,0xC0,0x59,0xE0,0x46,0xB0,0x59,0x80}},
  {0x50D0, {0x00,0x00,0x24,0x40,0x2F,0xF0,0x21,0x00,0x6F,0xE0,0x61,0x00,0xFF,0xF0,0xA5,0x40,0x3F,0xF0,0x28,0x20,0x28,0x20,0x2F,0xE0}},
  {0x50D2, {0x00,0x00,0x21,0x00,0x2F,0xF0,0x2E,0xD0,0x6C,0x20,0x6F,0xE0,0xE2,0x20,0x3F,0xF0,0x24,0x00,0x2F,0xE0,0x3C,0x20,0x27,0xE0}},
  {0x50D3, {0x00,0x00,0x21,0x00,0x2F,0xE0,0x29,0x20,0x7F,0xF0,0x6F,0xE0,0xE8,0x20,0x6F,0xE0,0x68,0x20,0x6F,0xE0,0x6E,0xE0,0x3C,0x30}},
  {0x50D4, {0x00,0x00,0x24,0x40,0x3F,0xF0,0x22,0x80,0x6F,0xE0,0x6C,0xE0,0xEF,0xE0,0x68,0x20,0x6F,0xE0,0x7F,0xF0,0x64,0x40,0x61,0xC0}},
  {0x50D6, {0x00,0x00,0x11,0x00,0x3F,0xF0,0x21,0x00,0x6F,0xE0,0xE8,0x20,0xAF,0xE0,0x24,0x40,0x2F,0xF0,0x28,0x20,0x2F,0xE0,0x00,0x00}},
  {0x50D7, {0x00,0x00,0x24,0x40,0x2F,0xE0,0x2E,0xE0,0x6E,0xE0,0xE8,0x80,0xFF,0xF0,0x62,0x00,0x6F,0xE0,0x62,0x20,0x64,0x20,0x39,0xC0}},
  {0x50D8, {0x00,0x00,0x24,0x40,0x37,0x40,0x46,0xF0,0x5F,0xA0,0xD1,0xA0,0xDF,0x20,0x5B,0x60,0x5B,0x60,0x5F,0x60,0x51,0xE0,0x53,0x90}},
  {0x50D9, {0x00,0x00,0x20,0x40,0x2F,0xE0,0x26,0x40,0x7F,0xF0,0x6F,0xE0,0xA9,0x20,0x2F,0xE0,0x29,0x20,0x2F,0xE0,0x2E,0x60,0x38,0x30}},
  {0x50DA, {0x00,0x00,0x31,0x00,0x3F,0xE0,0x2E,0xE0,0x7C,0x70,0xEF,0xE0,0xA8,0x60,0x2F,0xE0,0x28,0x60,0x2F,0xE0,0x29,0x40,0x37,0x20}},
  {0x50DB, {0x00,0x00,0x22,0x80,0x3F,0x80,0x6A,0xF0,0x4F,0xD0,0xCA,0x60,0xCE,0x40,0x4A,0x40,0x7F,0xC0,0x48,0xA0,0x53,0xB0,0x71,0x10}},
  {0x50DC, {0x00,0x00,0x3F,0x00,0x2A,0xC0,0x2C,0xE0,0x6F,0xE0,0x70,0x10,0xEF,0xE0,0x28,0x20,0x2F,0xE0,0x24,0x40,0x26,0x80,0x3F,0xF0}},
  {0x50DD, {0x00,0x00,0x2F,0xF0,0x28,0x10,0x6F,0xE0,0x48,0xC0,0xCF,0xF0,0x48,0x80,0x5F,0xF0,0x52,0x20,0x5F,0xF0,0x72,0x40,0x66,0xC0}},
  {0x50E0, {0x00,0x00,0x20,0xE0,0x2F,0x20,0x25,0x40,0x7F,0xF0,0xE5,0x40,0xF9,0x30,0x2F,0xE0,0x29,0x20,0x2F,0xE0,0x29,0x20,0x2F,0xE0}},
  {0x50E1, {0x00,0x00,0x21,0x00,0x2F,0xE0,0x21,0x00,0x6F,0xE0,0x69,0x20,0xAF,0xE0,0x21,0x20,0x3F,0xF0,0x25,0x20,0x34,0x70,0x27,0xC0}},
  {0x50E2, {0x00,0x00,0x21,0xE0,0x2F,0x60,0x25,0x40,0x7F,0xF0,0xE8,0x40,0xAF,0xF0,0x2A,0x40,0x3F,0x40,0x25,0xF0,0x28,0x40,0x30,0x40}},
  {0x50E3, {0x00,0x00,0x24,0x40,0x3F,0xE0,0x64,0x40,0x5F,0xF0,0xCC,0xE0,0xF1,0x30,0x4F,0xE0,0x48,0x20,0x4F,0xE0,0x48,0x20,0x4F,0xE0}},
  {0x50E4, {0x00,0x00,0x3E,0xE0,0x32,0xA0,0x3E,0xE0,0x6F,0xE0,0xE9,0x20,0xAF,0xE0,0x29,0x20,0x2F,0xE0,0x21,0x00,0x3F,0xF0,0x21,0x00}},
  {0x50E6, {0x00,0x00,0x24,0x80,0x3F,0xA0,0x60,0xA0,0x5F,0xF0,0xD2,0x80,0xD2,0xC0,0x5E,0xC0,0x56,0xD0,0x75,0xD0,0x75,0x50,0x49,0x20}},
  {0x50E7, {0x00,0x00,0x24,0x40,0x3F,0xE0,0x7D,0x60,0x55,0x20,0xDF,0xE0,0xC0,0x00,0x4F,0xC0,0x48,0x40,0x4F,0xC0,0x48,0x40,0x07,0xC0}},
  {0x50E9, {0x00,0x00,0x3E,0xE0,0x32,0xA0,0x7E,0xE0,0x52,0xA0,0x5E,0xE0,0xD7,0xE0,0xD4,0x60,0x57,0xE0,0x54,0x60,0x5D,0xA0,0x50,0x60}},
  {0x50EA, {0x00,0x00,0x2F,0xE0,0x27,0x80,0x7F,0xF0,0x66,0xA0,0x6F,0xA0,0xE0,0x00,0x6F,0xE0,0x6E,0xE0,0x6F,0xE0,0x68,0x20,0x68,0xE0}},
  {0x50EB, {0x00,0x00,0x3F,0xE0,0x22,0x80,0x2E,0xE0,0x68,0x20,0x6E,0xE0,0xE2,0x80,0x7F,0xF0,0x65,0x00,0x7D,0x60,0x74,0x50,0x67,0xC0}},
  {0x50EC, {0x00,0x00,0x34,0x80,0x2F,0xF0,0x28,0x80,0x7F,0xE0,0xE8,0x80,0xAF,0xE0,0x28,0x80,0x2F,0xF0,0x2A,0x80,0x2A,0xA0,0x32,0x10}},
  {0x50ED, {0x00,0x00,0x3F,0xE0,0x34,0x40,0x2F,0xE0,0x6C,0xD0,0xEF,0xA0,0xB1,0x00,0x2F,0xE0,0x28,0x20,0x2F,0xE0,0x28,0x20,0x07,0xC0}},
  {0x50EE, {0x00,0x00,0x21,0x00,0x2F,0xE0,0x64,0x40,0x6F,0xF0,0xE9,0x20,0xAF,0xE0,0x29,0x20,0x29,0x20,0x2F,0xE0,0x21,0x00,0x3F,0xF0}},
  {0x50EF, {0x00,0x00,0x21,0x20,0x25,0x40,0x2F,0xF0,0x67,0xC0,0xED,0x60,0xF9,0x40,0x6F,0xF0,0x7B,0x40,0x65,0xF0,0x6C,0x40,0x18,0x40}},
  {0x50F0, {0x00,0x00,0x10,0x80,0xFF,0xE0,0x10,0x80,0x7B,0xE0,0x72,0xA0,0x79,0xE0,0xD6,0xA0,0x14,0x80,0x0B,0x00,0x31,0xC0,0xE0,0x70}},
  {0x50F2, {0x00,0x00,0x3F,0xF0,0x22,0x80,0x2F,0xE0,0x6A,0xA0,0xEF,0xE0,0xE8,0x40,0x6F,0xF0,0x7B,0x40,0x65,0xF0,0x6C,0x40,0x18,0x40}},
  {0x50F3, {0x00,0x00,0x3F,0xE0,0x22,0x80,0x7F,0xE0,0x72,0xA0,0xFF,0xE0,0xA9,0x60,0x25,0x40,0x3F,0xF0,0x23,0x80,0x2D,0x40,0x31,0x30}},
  {0x50F4, {0x00,0x00,0x3E,0xE0,0x32,0xA0,0x7E,0xE0,0x52,0xA0,0x5F,0xE0,0xD4,0x60,0x57,0xE0,0x54,0x60,0x57,0xE0,0x50,0x20,0x50,0x60}},
  {0x50F5, {0x00,0x00,0x3F,0xE0,0x20,0x00,0x6F,0xE0,0x49,0x20,0xCF,0xE0,0xC9,0x20,0x7F,0xF0,0x49,0x20,0x4F,0xE0,0x49,0x20,0x7F,0xF0}},
  {0x50F6, {0x00,0x00,0x3F,0xE0,0x2A,0xA0,0x2E,0xE0,0x62,0x80,0xFE,0xE0,0xF2,0xA0,0x7E,0xE0,0x72,0xA0,0x7E,0xE0,0x62,0x90,0x63,0xF0}},
  {0x50F7, {0x00,0x00,0x24,0x80,0x3F,0xF0,0x6A,0x40,0x7F,0xF0,0xEA,0x40,0xEF,0xE0,0x61,0x00,0x7F,0xF0,0x67,0x80,0x6D,0x60,0x71,0x00}},
  {0x50F8, {0x00,0x00,0x24,0x40,0x3F,0xF0,0x6E,0xC0,0x55,0xF0,0xC4,0x40,0xCF,0xC0,0x40,0x00,0x5F,0xE0,0x41,0x40,0x59,0x20,0x77,0x00}},
  {0x50FA, {0x00,0x00,0x2F,0xC0,0x28,0x40,0x2F,0xC0,0x60,0x00,0x7E,0xE0,0xF2,0xA0,0xFE,0xE0,0x21,0x00,0x3F,0xF0,0x2D,0x40,0x31,0x10}},
  {0x50FB, {0x00,0x00,0x3E,0x40,0x33,0xE0,0x52,0xA0,0x5E,0xA0,0xD2,0xA0,0xD1,0xF0,0x5E,0x40,0x7B,0xE0,0x6A,0x40,0x4E,0x40,0x4A,0x40}},
  {0x50FC, {0x00,0x00,0x22,0x80,0x2F,0xE0,0x22,0xA0,0x6F,0xE0,0x62,0xA0,0xEF,0xE0,0x7F,0xF0,0x68,0x20,0x6F,0xE0,0x64,0x40,0x7F,0xF0}},
  {0x50FD, {0x00,0x00,0x22,0x40,0x3C,0x00,0x65,0xA0,0x5F,0xE0,0xCC,0xC0,0xDF,0xA0,0x77,0x30,0x44,0x00,0x4D,0x60,0x54,0x50,0x47,0x80}},
  {0x50FE, {0x00,0x00,0x20,0xE0,0x2F,0x20,0x29,0x40,0x7F,0xF0,0xFD,0x70,0xE3,0xD0,0x24,0x00,0x27,0xE0,0x3E,0xC0,0x23,0x80,0x3C,0x70}},
  {0x50FF, {0x00,0x00,0x21,0x00,0x3F,0xF0,0x30,0x80,0x6F,0xE0,0x6F,0xE0,0xE4,0x80,0x7F,0xF0,0x65,0x40,0x7F,0xF0,0x61,0x00,0x6F,0xE0}},
  {0x5103, {0x00,0x00,0x21,0x00,0x3F,0xF0,0x60,0x00,0x4F,0xE0,0x4A,0xA0,0xCB,0xA0,0x4F,0xE0,0x48,0x20,0x4F,0xE0,0x40,0x00,0x5F,0xF0}},
  {0x5105, {0x00,0x00,0x21,0x00,0x25,0x40,0x3F,0xF0,0x70,0x10,0x67,0xC0,0xE4,0x40,0x2F,0xE0,0x29,0x20,0x2F,0xE0,0x29,0x20,0x2F,0xE0}},
  {0x5106, {0x00,0x00,0x2A,0x00,0x7F,0x80,0x4A,0xF0,0x50,0xA0,0xDF,0xA0,0xF2,0xA0,0x7E,0xA0,0x56,0x40,0x5E,0x40,0x42,0xA0,0x4F,0x10}},
  {0x5107, {0x00,0x00,0x2F,0xE0,0x2A,0xA0,0x2F,0xE0,0x60,0x00,0xFF,0xF0,0xA8,0x20,0x2F,0xE0,0x22,0x00,0x24,0xA0,0x2C,0x40,0x37,0x30}},
  {0x510A, {0x00,0x00,0x24,0x40,0x2F,0xF0,0x2E,0xE0,0x75,0xD0,0x64,0x40,0xAF,0xF0,0x21,0x20,0x29,0x00,0x2D,0xE0,0x3F,0x00,0x33,0xF0}},
  {0x510B, {0x00,0x00,0x34,0x00,0x27,0xC0,0x28,0x80,0x7F,0xF0,0xEA,0x40,0xAC,0xA0,0x2F,0xF0,0x28,0x00,0x37,0xE0,0x34,0x20,0x37,0xE0}},
  {0x510D, {0x00,0x00,0x11,0x00,0x3F,0xA0,0x2B,0xE0,0x6D,0x60,0x6F,0xE0,0xE4,0x40,0x3A,0x20,0x27,0xC0,0x2E,0xC0,0x23,0x80,0x3C,0x70}},
  {0x510F, {0x00,0x00,0x24,0x00,0x2F,0xF0,0x7F,0xA0,0x7A,0x60,0xC4,0xB0,0xF9,0x00,0x45,0x40,0x5F,0xF0,0x47,0x80,0x6D,0x60,0x71,0x00}},
  {0x5111, {0x00,0x00,0x2F,0xE0,0x28,0x20,0x2F,0xE0,0x68,0x20,0x6F,0xE0,0xEA,0x20,0x6E,0xE0,0x6E,0x60,0x7F,0xF0,0x62,0xA0,0x32,0x90}},
  {0x5112, {0x00,0x00,0x2F,0xE0,0x21,0x00,0x3F,0xF0,0x71,0x10,0xFF,0xF0,0xE0,0x00,0x3F,0xE0,0x22,0x00,0x2F,0xE0,0x2A,0xA0,0x28,0xE0}},
  {0x5113, {0x00,0x00,0x21,0x00,0x3F,0xE0,0x61,0x00,0x7F,0xF0,0xF0,0x10,0xE7,0xC0,0x66,0xC0,0x64,0x40,0x6F,0xE0,0x61,0x00,0x7F,0xF0}},
  {0x5116, {0x00,0x00,0x3F,0x40,0x34,0x40,0x3F,0xF0,0x51,0x80,0x5F,0xE0,0xD4,0x20,0xDF,0x20,0x40,0x00,0x4F,0xE0,0x4A,0xA0,0x7F,0xF0}},
  {0x5117, {0x00,0x00,0x37,0xF0,0x38,0x20,0x52,0xE0,0x4C,0x40,0xC9,0xF0,0xDE,0x50,0x55,0x40,0x5F,0x70,0x4D,0x40,0x5B,0xC0,0x52,0x70}},
  {0x5119, {0x00,0x00,0x30,0x80,0x2B,0xE0,0x68,0xA0,0x47,0xF0,0x7A,0x20,0xCB,0xE0,0xCA,0x00,0x4B,0xE0,0x4A,0x20,0x5C,0x20,0x77,0xF0}},
  {0x511A, {0x00,0x00,0x20,0x40,0x3F,0xF0,0x60,0x00,0x6F,0xE0,0xE2,0x80,0xFF,0xF0,0x76,0x10,0x77,0xE0,0x68,0xC0,0x63,0x00,0x5C,0x00}},
  {0x511C, {0x00,0x00,0x21,0x00,0x3F,0xF0,0x71,0x00,0x6E,0xE0,0xFF,0xE0,0x6A,0xA0,0x7F,0xF0,0x60,0x00,0x7F,0xF0,0x61,0x00,0x67,0x00}},
  {0x511D, {0x00,0x00,0x24,0x40,0x37,0xF0,0x2E,0x60,0x6A,0xE0,0x70,0x80,0xFF,0xF0,0x71,0x00,0x7F,0xE0,0x65,0xC0,0x79,0x70,0x71,0x00}},
  {0x511E, {0x00,0x00,0x3F,0xF0,0x2D,0xE0,0x59,0x30,0x5F,0xE0,0xDB,0xA0,0xD5,0xE0,0x59,0xA0,0x5F,0xE0,0x55,0xE0,0x59,0x20,0x51,0x60}},
  {0x5120, {0x00,0x00,0x29,0x60,0x29,0x60,0x5F,0xE0,0x57,0xA0,0xD7,0xA0,0xDF,0xE0,0x51,0x20,0x55,0xE0,0x5D,0xF0,0x5D,0xF0,0x59,0x30}},
  {0x5121, {0x00,0x00,0x2F,0xE0,0x29,0x20,0x6F,0xE0,0x49,0x20,0xCF,0xE0,0xC0,0x00,0x5F,0xF0,0x53,0x50,0x5F,0xF0,0x53,0x50,0x0C,0xE0}},
  {0x5122, {0x00,0x00,0x21,0x00,0x21,0xE0,0x2F,0xF0,0x69,0x20,0xE9,0xE0,0xAF,0xE0,0x2C,0xA0,0x37,0xE0,0x36,0x80,0x3A,0x50,0x33,0xC0}},
  {0x5123, {0x00,0x00,0x21,0x00,0x2F,0xF0,0x2A,0x40,0x6F,0xE0,0x6A,0x40,0xEF,0xF0,0xFF,0xE0,0x34,0xA0,0x37,0xE0,0x36,0x60,0x34,0x30}},
  {0x5124, {0x00,0x00,0x2F,0xE0,0x28,0x20,0x2F,0xE0,0x64,0x80,0x6F,0xE0,0xE4,0x80,0x3F,0xF0,0x2D,0x40,0x31,0xB0,0x2F,0xE0,0x27,0x00}},
  {0x5126, {0x00,0x00,0x21,0x00,0x2F,0xF0,0x2A,0x80,0x4F,0xF0,0x4A,0x90,0xCF,0xF0,0xCF,0xE0,0x54,0x90,0x56,0xF0,0x74,0x00,0x79,0x50}},
  {0x5127, {0x00,0x00,0x24,0x40,0x3E,0xE0,0x64,0x40,0x5F,0xF0,0xCF,0xE0,0xC8,0x20,0x4F,0xE0,0x48,0x20,0x4F,0xE0,0x44,0xE0,0x58,0x30}},
  {0x5129, {0x00,0x00,0x3D,0xE0,0x35,0x20,0x5D,0xE0,0x55,0x20,0xD5,0xE0,0xDD,0x00,0x55,0xF0,0x5C,0xF0,0x55,0x50,0x56,0xA0,0x60,0x60}},
  {0x512B, {0x00,0x00,0x21,0x00,0x3F,0xF0,0x68,0x20,0x7F,0xF0,0xB0,0x10,0x3F,0xF0,0x2F,0x60,0x27,0xC0,0x2B,0xE0,0x2E,0xB0,0x23,0x00}},
  {0x512C, {0x00,0x00,0x24,0xE0,0x3F,0xA0,0x44,0xA0,0x5E,0xE0,0x44,0xA0,0xFF,0xE0,0xD2,0xA0,0x5E,0xE0,0x5E,0xA0,0x52,0xB0,0x57,0x30}},
  {0x512D, {0x00,0x00,0x21,0xE0,0x3F,0x20,0x43,0x20,0x4D,0xE0,0xDF,0x20,0xC5,0xE0,0x5F,0x20,0x5D,0xE0,0x56,0xA0,0x6C,0xB0,0x5B,0x30}},
  {0x512E, {0x00,0x00,0x3F,0xF0,0x30,0x00,0x3F,0xE0,0x52,0x40,0x5F,0xF0,0xD7,0x60,0x5E,0xD0,0x50,0x80,0x52,0xE0,0x52,0x80,0x7F,0xF0}},
  {0x512F, {0x00,0x00,0x29,0x40,0x2F,0xE0,0x22,0x00,0x7F,0xF0,0x6C,0xE0,0xFF,0xE0,0x29,0x00,0x2F,0xC0,0x2F,0xE0,0x35,0xA0,0x20,0xE0}},
  {0x5130, {0x00,0x00,0x24,0x80,0x3F,0xF0,0x20,0x60,0x6F,0xE0,0x69,0x40,0xEF,0xE0,0xE8,0x20,0x6F,0xF0,0x74,0x50,0x76,0xB0,0x70,0x60}},
  {0x5131, {0x00,0x00,0x28,0x80,0x3F,0xF0,0x5E,0x80,0x5F,0xF0,0xDE,0x80,0xD2,0xE0,0x5E,0xE0,0x52,0x80,0x5E,0xF0,0x52,0x90,0x56,0xF0}},
  {0x5133, {0x00,0x00,0x24,0x00,0x2F,0x80,0x3F,0xE0,0x4F,0xE0,0x48,0x40,0xDF,0x90,0x4F,0xE0,0x48,0x80,0x5F,0xE0,0x47,0x50,0x58,0xE0}},
  {0x5134, {0x00,0x00,0x21,0x00,0x3F,0xF0,0x6A,0xA0,0x4E,0xE0,0xC4,0x40,0xDF,0xF0,0x44,0x40,0x44,0x40,0x5F,0xF0,0x7C,0xC0,0x46,0x20}},
  {0x5135, {0x00,0x00,0x22,0x00,0x33,0xE0,0x55,0xC0,0x57,0x70,0xD7,0xE0,0xD6,0xE0,0x57,0xE0,0x57,0xE0,0x4F,0xF0,0x44,0x20,0x49,0x50}},
  {0x5136, {0x00,0x00,0x21,0x00,0x2F,0xE0,0x4F,0xF0,0x79,0x00,0x5F,0xE0,0xC9,0x00,0x5F,0xF0,0x4F,0xE0,0x48,0x40,0x4B,0xE0,0x48,0x60}},
  {0x5139, {0x00,0x00,0x24,0x40,0x3F,0xE0,0x75,0x40,0x5F,0xF0,0xCF,0xF0,0xC8,0x20,0x4F,0xE0,0x48,0x20,0x4F,0xE0,0x4C,0xE0,0x18,0x30}},
  {0x513D, {0x00,0x00,0x2F,0xE0,0x29,0x20,0x4F,0xE0,0x40,0x00,0x5E,0xF0,0xD2,0x50,0xDE,0xF0,0x42,0x00,0x4F,0xE0,0x4D,0x60,0x77,0x30}},
  {0x513E, {0x00,0x00,0x21,0x00,0x3F,0xF0,0x69,0x20,0x4F,0xE0,0xDF,0xF0,0xCA,0xA0,0x5F,0xF0,0x44,0x40,0x5F,0xF0,0x7D,0xE0,0x47,0x30}},
  {0x513F, {0x00,0x00,0x11,0x00,0x11,0x00,0x11,0x00,0x11,0x00,0x11,0x00,0x11,0x00,0x11,0x00,0x11,0x10,0x21,0x10,0x61,0x30,0xC1,0xE0}},
  {0x5141, {0x00,0x00,0x04,0x00,0x08,0x00,0x10,0x80,0x60,0xC0,0x7F,0xE0,0x09,0x20,0x09,0x00,0x19,0x00,0x11,0x10,0x21,0x30,0xC1,0xE0}},
  {0x5142, {0x00,0x00,0x06,0x00,0x7F,0xE0,0x06,0x00,0x44,0x00,0x44,0x00,0x7F,0xF0,0x06,0x00,0x0E,0x00,0x1A,0x10,0x72,0x10,0xC1,0xE0}},
  {0x5143, {0x00,0x00,0x7F,0xE0,0x00,0x00,0x00,0x00,0x00,0x00,0xFF,0xF0,0x19,0x00,0x19,0x00,0x11,0x00,0x11,0x10,0x21,0x30,0xC1,0xE0}},
  {0x5144, {0x00,0x00,0x7F,0xC0,0x60,0x40,0x60,0x40,0x60,0x40,0x7F,0xC0,0x69,0x40,0x09,0x00,0x19,0x00,0x11,0x10,0x21,0x30,0xC1,0xE0}},
  {0x5145, {0x00,0x00,0x04,0x00,0x02,0x00,0xFF,0xF0,0x08,0x00,0x10,0x80,0x7F,0xC0,0x09,0x20,0x09,0x00,0x11,0x10,0x31,0x30,0xC1,0xE0}},
  {0x5146, {0x00,0x00,0x0B,0x00,0x0B,0x00,0x4B,0x60,0x2B,0xC0,0x0B,0x00,0x3B,0x80,0x5B,0x40,0x13,0x00,0x13,0x10,0x23,0x30,0xC1,0xE0}},
  {0x5148, {0x00,0x00,0x36,0x00,0x26,0x00,0x3F,0xE0,0x46,0x00,0x06,0x00,0xFF,0xF0,0x09,0x00,0x11,0x00,0x11,0x10,0x21,0x10,0xC1,0xE0}},
  {0x5149, {0x00,0x00,0x06,0x00,0x46,0x60,0x26,0xC0,0x16,0x80,0x06,0x00,0xFF,0xF0,0x09,0x00,0x19,0x00,0x11,0x10,0x21,0x10,0xC1,0xE0}},
  {0x514A, {0x00,0x00,0x09,0x00,0x19,0x80,0x64,0x60,0x0D,0x00,0x30,0xC0,0x3F,0xE0,0x09,0x00,0x09,0x00,0x19,0x10,0x31,0x10,0xC1,0xE0}},
  {0x514B, {0x00,0x00,0x06,0x00,0xFF,0xF0,0x06,0x00,0x3F,0xC0,0x20,0x40,0x3F,0xC0,0x29,0x40,0x09,0x10,0x19,0x10,0x31,0x30,0xC1,0xE0}},
  {0x514D, {0x00,0x00,0x18,0x00,0x1F,0x80,0x61,0x00,0xFF,0xC0,0x64,0x40,0x64,0x40,0x7F,0xC0,0x0E,0x10,0x1A,0x10,0x32,0x30,0x43,0xE0}},
  {0x514F, {0x00,0x00,0x7F,0xF0,0x42,0x00,0x42,0x00,0x43,0xE0,0x42,0x00,0x7F,0xF0,0x44,0x80,0x44,0x80,0x48,0x90,0xD8,0x90,0xA0,0xE0}},
  {0x5150, {0x00,0x00,0x4F,0xE0,0x48,0x20,0x4F,0xE0,0x48,0x20,0x4F,0xE0,0x08,0x20,0x09,0x00,0x09,0x00,0x11,0x10,0x31,0x10,0xC1,0xE0}},
  {0x5151, {0x00,0x00,0x10,0x80,0x09,0x00,0x7F,0xE0,0x60,0x60,0x60,0x60,0x7F,0xE0,0x09,0x60,0x09,0x00,0x11,0x10,0x31,0x30,0x41,0xE0}},
  {0x5153, {0x00,0x00,0xFF,0xF0,0x10,0x80,0x72,0x80,0xA2,0x80,0xFF,0xF0,0x20,0x80,0x31,0xC0,0x3D,0xC0,0x5B,0x50,0xD6,0x50,0x04,0x60}},
  {0x5154, {0x00,0x00,0x18,0x00,0x1F,0x80,0x61,0x00,0xFF,0xC0,0x64,0x40,0x64,0x40,0x7F,0xC0,0x0E,0x80,0x1A,0x50,0x32,0x30,0x43,0xE0}},
  {0x5155, {0x00,0x00,0x79,0xE0,0x49,0x20,0x49,0x20,0x4F,0x20,0x40,0x20,0x7F,0xE0,0x49,0x00,0x09,0x00,0x11,0x10,0x31,0x30,0xC1,0xE0}},
  {0x5156, {0x00,0x00,0x04,0x00,0x7F,0xE0,0x10,0x80,0x24,0x40,0x49,0x20,0x30,0x80,0x3F,0xC0,0x09,0x20,0x09,0x10,0x31,0x30,0xE1,0xE0}},
  {0x5159, {0x00,0x00,0x10,0x80,0xFC,0x80,0x10,0x80,0x7C,0x80,0x47,0xF0,0x44,0x80,0x78,0x80,0x28,0x80,0x28,0x90,0x48,0x90,0x8F,0xE0}},
  {0x515A, {0x00,0x00,0x26,0x40,0x16,0x80,0x7F,0xE0,0x40,0x20,0x7F,0xE0,0x20,0x40,0x20,0x40,0x3F,0xC0,0x09,0x10,0x11,0x30,0x61,0xE0}},
  {0x515B, {0x00,0x00,0x10,0x60,0xFF,0x80,0x10,0x80,0x7C,0x80,0x47,0xF0,0x44,0x80,0x78,0x80,0x28,0x80,0x28,0x90,0x48,0x90,0x8F,0xE0}},
  {0x515C, {0x00,0x00,0x04,0x00,0x7F,0x60,0x49,0x20,0x4F,0x20,0x69,0x20,0x4F,0x40,0x01,0x00,0x09,0x00,0x19,0x10,0x31,0x30,0xE1,0xE0}},
  {0x515D, {0x00,0x00,0x10,0x40,0xFD,0x40,0x13,0x20,0x7E,0x30,0x07,0xE0,0x05,0x20,0x7D,0x20,0x33,0x20,0x36,0xD0,0x50,0x10,0x8F,0xE0}},
  {0x515E, {0x00,0x00,0x11,0xE0,0xFF,0x00,0x11,0xE0,0x7F,0x80,0x49,0x00,0x49,0xE0,0x7F,0x80,0x29,0x20,0x28,0xF0,0x48,0x10,0x8F,0xE0}},
  {0x515F, {0x00,0x00,0x10,0x80,0x52,0x80,0x7B,0xE0,0x92,0x80,0x10,0x80,0xFF,0xF0,0x51,0x40,0x51,0x40,0x5F,0x50,0x52,0x50,0x84,0x70}},
  {0x5161, {0x00,0x00,0x13,0xE0,0xFC,0x80,0x10,0x80,0x7B,0xE0,0x4A,0x20,0x4B,0xE0,0x7A,0x20,0x2A,0x20,0x2B,0xE0,0x48,0x10,0x8F,0xF0}},
  {0x5162, {0x00,0x00,0x10,0x80,0xFF,0xF0,0x10,0x80,0x7B,0xE0,0x4A,0x20,0x4A,0x20,0x7B,0xE0,0x31,0x40,0x35,0x50,0x5B,0x50,0x96,0x60}},
  {0x5163, {0x00,0x00,0x27,0xE0,0xFC,0x00,0x25,0xE0,0xFD,0x60,0x8D,0xE0,0x8D,0x60,0xFD,0xE0,0x14,0x40,0x5F,0xF0,0x50,0x10,0x9F,0xE0}},
  {0x5164, {0x00,0x00,0x20,0x80,0xAF,0xE0,0x35,0x40,0x27,0xF0,0xFC,0x80,0x57,0xE0,0x56,0xA0,0x5B,0xE0,0x59,0x60,0x9A,0x30,0x9F,0xF0}},
  {0x5165, {0x00,0x00,0x08,0x00,0x0C,0x00,0x04,0x00,0x06,0x00,0x06,0x00,0x09,0x00,0x09,0x00,0x10,0x80,0x30,0xC0,0x60,0x60,0xC0,0x30}},
  {0x5166, {0x00,0x00,0x04,0x00,0x42,0x00,0x42,0x00,0x43,0x00,0x43,0x00,0x44,0x80,0x4C,0xC0,0x48,0x40,0x70,0x20,0x40,0x00,0x7F,0xF0}},
  {0x5168, {0x00,0x00,0x06,0x00,0x0F,0x00,0x19,0x80,0x20,0x40,0xFF,0xF0,0x06,0x00,0x06,0x00,0x3F,0xC0,0x06,0x00,0x06,0x00,0x7F,0xE0}},
  {0x516B, {0x00,0x00,0x09,0x00,0x19,0x00,0x19,0x00,0x11,0x00,0x11,0x80,0x10,0x80,0x30,0x80,0x20,0xC0,0x60,0x40,0x40,0x60,0x80,0x30}},
  {0x516C, {0x00,0x00,0x09,0x00,0x11,0x00,0x10,0x80,0x20,0xC0,0x40,0x60,0xC4,0x30,0x0C,0x00,0x09,0x00,0x10,0x80,0x37,0xC0,0x78,0x40}},
  {0x516D, {0x00,0x00,0x04,0x00,0x06,0x00,0x02,0x00,0xFF,0xF0,0x00,0x00,0x19,0x00,0x10,0x80,0x30,0xC0,0x20,0x40,0x40,0x20,0x40,0x20}},
  {0x516E, {0x00,0x00,0x09,0x00,0x19,0x80,0x30,0x80,0x60,0x60,0xFF,0xB0,0x10,0x00,0x10,0x00,0x1F,0xC0,0x00,0x80,0x00,0x80,0x0F,0x80}},
  {0x516F, {0x00,0x00,0x20,0xC0,0x10,0x80,0x01,0x00,0x7F,0xE0,0x08,0x20,0x08,0x20,0x08,0x20,0x08,0x60,0x0B,0xC0,0x08,0x00,0x08,0x00}},
  {0x5170, {0x00,0x00,0x10,0x80,0x19,0x80,0x7F,0xE0,0x00,0x00,0x00,0x00,0x00,0x00,0x7F,0xC0,0x00,0x00,0x00,0x00,0x00,0x00,0xFF,0xF0}},
  {0x5171, {0x00,0x00,0x10,0x80,0x10,0x80,0x7F,0xE0,0x10,0x80,0x10,0x80,0x10,0x80,0xFF,0xF0,0x19,0x00,0x30,0xC0,0x60,0x60,0xC0,0x20}},
  {0x5172, {0x00,0x00,0x7F,0xE0,0x06,0x00,0x06,0x00,0x7F,0xE0,0x06,0x00,0xFF,0xF0,0x09,0x00,0x19,0x80,0x30,0x80,0x60,0x60,0xC0,0x30}},
  {0x5173, {0x00,0x00,0x30,0x80,0x19,0x80,0x7F,0xE0,0x06,0x00,0x06,0x00,0xFF,0xF0,0x06,0x00,0x0D,0x00,0x19,0x80,0x30,0xC0,0x40,0x20}},
  {0x5174, {0x00,0x00,0x04,0x00,0x44,0x20,0x26,0x40,0x32,0x80,0x00,0x00,0xFF,0xF0,0x09,0x00,0x10,0x80,0x20,0x40,0x60,0x60,0x40,0x20}},
  {0x5175, {0x00,0x00,0x01,0xC0,0x3F,0x00,0x20,0x00,0x20,0x00,0x3F,0xE0,0x21,0x80,0x21,0x80,0xFF,0xF0,0x00,0x00,0x30,0xC0,0x40,0x20}},
  {0x5176, {0x00,0x00,0x20,0x40,0xFF,0xF0,0x20,0x40,0x3F,0xC0,0x20,0x40,0x3F,0xC0,0x20,0x40,0xFF,0xF0,0x00,0x00,0x30,0xC0,0xC0,0x30}},
  {0x5177, {0x00,0x00,0x3F,0xC0,0x20,0x40,0x3F,0xC0,0x20,0x40,0x3F,0xC0,0x20,0x40,0x3F,0xC0,0x20,0x40,0xFF,0xF0,0x01,0xC0,0xF0,0x30}},
  {0x5178, {0x00,0x00,0x09,0x00,0x09,0x00,0x7F,0xE0,0x49,0x20,0x7F,0xE0,0x49,0x20,0x49,0x20,0x49,0x20,0xFF,0xF0,0x19,0x80,0x60,0x60}},
  {0x5179, {0x00,0x00,0x10,0x80,0x19,0x80,0xFF,0xF0,0x31,0x80,0x21,0x00,0x4A,0x40,0x7B,0xC0,0x10,0x80,0x21,0x00,0x4B,0x60,0x77,0xE0}},
  {0x517A, {0x00,0x00,0x09,0x00,0x30,0xC0,0xFF,0xF0,0x08,0x80,0x73,0x80,0x00,0x00,0x7A,0x60,0x4B,0xC0,0x4B,0x10,0x7A,0x10,0x49,0xE0}},
  {0x517B, {0x00,0x00,0x19,0x80,0x7F,0xE0,0x04,0x00,0x7F,0xC0,0x04,0x00,0xFF,0xF0,0x18,0x80,0x79,0xF0,0x11,0x00,0x31,0x00,0x61,0x00}},
  {0x517C, {0x00,0x00,0x11,0x00,0xFF,0xF0,0x09,0x00,0x7F,0xC0,0x09,0x40,0xFF,0xF0,0x09,0x40,0x7F,0xC0,0x19,0x00,0x29,0x40,0x89,0x30}},
  {0x517D, {0x00,0x00,0x19,0x80,0x7F,0xE0,0x46,0x20,0x7F,0xE0,0x46,0x20,0xFF,0xF0,0x00,0x00,0x3F,0xC0,0x20,0x40,0x3F,0xC0,0x00,0x00}},
  {0x5181, {0x00,0x00,0x57,0xF0,0x54,0x10,0x7F,0xE0,0x2C,0x00,0x7D,0x40,0x2F,0xE0,0x7D,0x40,0x27,0xF0,0xFD,0xE0,0x25,0x60,0x29,0xB0}},
  {0x5182, {0x00,0x00,0x7F,0xE0,0x40,0x20,0x40,0x20,0x40,0x20,0x40,0x20,0x40,0x20,0x40,0x20,0x40,0x20,0x40,0x20,0x40,0x60,0x01,0xC0}},
  {0x5183, {0x00,0x00,0x7F,0xE0,0x40,0x20,0x40,0x20,0x5F,0xA0,0x40,0x20,0x40,0x20,0x5F,0xA0,0x40,0x20,0x40,0x20,0x40,0x20,0x41,0xE0}},
  {0x5185, {0x00,0x00,0x06,0x00,0x06,0x00,0x7F,0xE0,0x44,0x20,0x44,0x20,0x46,0x20,0x49,0xA0,0x70,0xE0,0x40,0x20,0x40,0x20,0x41,0xE0}},
  {0x5186, {0x00,0x00,0x7F,0xE0,0x46,0x20,0x46,0x20,0x46,0x20,0x46,0x20,0x7F,0xE0,0x40,0x20,0x40,0x20,0x40,0x20,0x40,0x20,0x41,0xE0}},
  {0x5187, {0x00,0x00,0x08,0x00,0xFF,0xF0,0x10,0x00,0x30,0x00,0x3F,0xC0,0x70,0x40,0x90,0x40,0x10,0x40,0x10,0x40,0x10,0x40,0x11,0xC0}},
  {0x5188, {0x00,0x00,0x7F,0xE0,0x40,0x20,0x50,0xA0,0x49,0x20,0x4F,0x20,0x46,0x20,0x4F,0x20,0x59,0x20,0x50,0xA0,0x40,0x20,0x41,0xE0}},
  {0x5189, {0x00,0x00,0x06,0x00,0x3F,0xC0,0x26,0x40,0x26,0x40,0x3F,0xC0,0x26,0x40,0x26,0x40,0xFF,0xF0,0x20,0x40,0x20,0x40,0x21,0xC0}},
  {0x518B, {0x00,0x00,0x7F,0xE0,0x40,0x20,0x40,0x20,0x5F,0xA0,0x51,0xA0,0x51,0xA0,0x51,0xA0,0x5F,0x20,0x40,0x20,0x40,0x20,0x41,0xE0}},
  {0x518C, {0x00,0x00,0x79,0xE0,0x49,0x20,0x49,0x20,0x49,0x20,0xFF,0xF0,0x49,0x20,0x49,0x20,0x4B,0x20,0x4A,0x20,0x4A,0x20,0x9A,0xC0}},
  {0x518D, {0x00,0x00,0x7F,0xE0,0x06,0x00,0x3F,0xC0,0x26,0x40,0x3F,0xC0,0x26,0x40,0x26,0x40,0xFF,0xF0,0x20,0x40,0x20,0x40,0x21,0xC0}},
  {0x518E, {0x00,0x00,0x3F,0xC0,0x20,0x40,0x3E,0x40,0x22,0x40,0x22,0x40,0x7F,0xE0,0x40,0x20,0x40,0x20,0x40,0x20,0x40,0x20,0x40,0xE0}},
  {0x518F, {0x00,0x00,0x7F,0xE0,0x49,0x20,0x59,0xA0,0x70,0x60,0x5F,0xA0,0x50,0xA0,0x50,0xA0,0x5F,0x20,0x40,0x20,0x40,0x20,0x40,0xE0}},
  {0x5192, {0x00,0x00,0x7F,0xE0,0x40,0x20,0x5F,0xA0,0x00,0x00,0x3F,0xC0,0x20,0x40,0x3F,0xC0,0x20,0x40,0x3F,0xC0,0x20,0x40,0x1F,0x80}},
  {0x5193, {0x00,0x00,0x10,0x80,0x7F,0xE0,0x10,0x80,0x7F,0xE0,0x10,0x80,0xFF,0xF0,0x66,0x40,0x7F,0xC0,0x66,0x40,0xFF,0xF0,0x61,0xC0}},
  {0x5194, {0x00,0x00,0x7F,0xE0,0x40,0x20,0x7F,0xE0,0x40,0x20,0x7F,0xE0,0x7F,0xE0,0x48,0x80,0x4F,0xF0,0x48,0x80,0x78,0x80,0x43,0x80}},
  {0x5195, {0x00,0x00,0x7F,0xE0,0x40,0x20,0x5F,0xA0,0x5F,0xA0,0x10,0x00,0x3F,0xC0,0x64,0x40,0x24,0x40,0x3F,0xC0,0x1A,0x10,0x63,0xE0}},
  {0x5196, {0x00,0x00,0x7F,0xE0,0x40,0x20,0x40,0x20,0x00,0x00,0x00,0x00,0x00,0x00,0x00,0x00,0x00,0x00,0x00,0x00,0x00,0x00,0x00,0x00}},
  {0x5197, {0x00,0x00,0x7F,0xE0,0x40,0x20,0x40,0x20,0x1F,0x80,0x11,0x80,0x11,0x80,0x11,0x80,0x11,0x80,0x31,0x90,0x21,0xB0,0x40,0xE0}},
  {0x5198, {0x00,0x00,0x04,0x00,0x04,0x00,0x7F,0xE0,0x44,0x20,0x44,0x20,0x0E,0x00,0x0A,0x00,0x1A,0x00,0x12,0x10,0x62,0x10,0xC1,0xE0}},
  {0x5199, {0x00,0x00,0x7F,0xE0,0x40,0x20,0x10,0x00,0x3F,0xE0,0x20,0x00,0x3F,0xE0,0x00,0x20,0xFF,0xA0,0x00,0x60,0x00,0x60,0x03,0xC0}},
  {0x519A, {0x00,0x00,0x7F,0xE0,0x40,0x20,0x40,0x20,0x00,0x00,0x06,0x00,0x46,0x20,0x46,0x20,0x46,0x20,0x46,0x20,0x46,0x20,0x7F,0xE0}},
  {0x519B, {0x00,0x00,0x7F,0xE0,0x40,0x20,0x08,0x00,0x7F,0xE0,0x10,0x00,0x22,0x00,0x3F,0xE0,0x02,0x00,0xFF,0xF0,0x02,0x00,0x02,0x00}},
  {0x519C, {0x00,0x00,0x02,0x00,0x7F,0xE0,0x44,0x20,0x4E,0x00,0x1A,0x60,0x13,0xC0,0x31,0x00,0xD0,0x80,0x12,0x60,0x1C,0x30,0x10,0x00}},
  {0x519E, {0x00,0x00,0x7F,0xE0,0x40,0x20,0x66,0x60,0x16,0xC0,0x16,0x80,0xFF,0xF0,0x0F,0x00,0x1F,0x80,0x26,0xC0,0xC6,0x30,0x06,0x00}},
  {0x51A0, {0x00,0x00,0x7F,0xE0,0x40,0x20,0x7C,0x40,0x03,0xE0,0x00,0x40,0x7D,0x40,0x28,0x40,0x28,0x50,0x29,0xD0,0x48,0x30,0xC7,0xE0}},
  {0x51A1, {0x00,0x00,0x7F,0xE0,0x40,0x20,0x7F,0xE0,0x00,0x00,0x7F,0xF0,0x1C,0x40,0x6F,0x80,0x1E,0x80,0x6E,0x40,0x32,0x30,0x4E,0x00}},
  {0x51A2, {0x00,0x00,0x7F,0xE0,0x40,0x20,0x3F,0xC0,0x0C,0x00,0x3C,0x40,0x6C,0x80,0x13,0x80,0x76,0xC0,0x0A,0x60,0x32,0x30,0x4E,0x00}},
  {0x51A3, {0x00,0x00,0x7F,0xE0,0x00,0x00,0x7C,0x00,0x4B,0xE0,0x79,0x20,0x49,0x20,0x49,0xE0,0x78,0xC0,0x4C,0xC0,0xFD,0xE0,0x0A,0x20}},
  {0x51A4, {0x00,0x00,0x7F,0xE0,0x58,0x20,0x1F,0x80,0x21,0x00,0x7F,0xE0,0x24,0x20,0x3F,0xE0,0x0E,0x80,0x0A,0x50,0x32,0x10,0x43,0xE0}},
  {0x51A5, {0x00,0x00,0x7F,0xE0,0x40,0x20,0x7F,0xC0,0x20,0x40,0x3F,0xC0,0x20,0x40,0x3F,0xC0,0x06,0x00,0xFF,0xF0,0x19,0x80,0xE0,0x60}},
  {0x51A6, {0x00,0x00,0x7F,0xE0,0x40,0x20,0x00,0x80,0x7C,0xE0,0x00,0x80,0x7F,0xC0,0x28,0x40,0x29,0x80,0x29,0xF0,0x4A,0x30,0xCF,0xE0}},
  {0x51A7, {0x00,0x00,0x7F,0xE0,0x40,0x20,0x10,0x80,0x10,0x80,0x7F,0xE0,0x30,0xC0,0x39,0xC0,0x52,0xA0,0xD6,0x90,0x10,0x80,0x10,0x80}},
  {0x51A9, {0x00,0x00,0x7F,0xE0,0x40,0x20,0x3B,0xC0,0x3F,0xC0,0x20,0x40,0x3F,0xC0,0x30,0x00,0x7F,0xE0,0xEA,0xA0,0x2A,0xA0,0x01,0xC0}},
  {0x51AB, {0x00,0x00,0x00,0x00,0x20,0x00,0x18,0x00,0x08,0x00,0x00,0x00,0x00,0x00,0x18,0x00,0x10,0x00,0x10,0x00,0x20,0x00,0x20,0x00}},
  {0x51AC, {0x00,0x00,0x08,0x00,0x1F,0xC0,0x30,0xC0,0x49,0x80,0x06,0x00,0x3F,0x80,0xE0,0x70,0x1E,0x00,0x03,0x00,0x3C,0x00,0x07,0x80}},
  {0x51AD, {0x00,0x00,0x04,0x00,0xFF,0xF0,0x09,0x00,0x10,0x80,0x60,0x60,0xCC,0x30,0x07,0x00,0x00,0x00,0x38,0x00,0x0F,0x00,0x01,0x80}},
  {0x51AE, {0x00,0x00,0x00,0x00,0x4F,0xE0,0x61,0x00,0x01,0x00,0x01,0x00,0x21,0x00,0x21,0x00,0x41,0x00,0x41,0x00,0x41,0x00,0x1F,0xF0}},
  {0x51AF, {0x00,0x00,0xDF,0xC0,0x48,0x40,0x28,0x40,0x08,0x40,0x0F,0xF0,0x20,0x20,0x60,0x20,0x5F,0xE0,0x40,0x20,0x40,0x20,0x81,0xE0}},
  {0x51B0, {0x00,0x00,0x41,0x00,0x41,0x00,0x21,0x20,0x1F,0x60,0x05,0xC0,0x25,0x80,0x2D,0xC0,0x69,0x40,0x59,0x20,0x71,0x30,0x46,0x00}},
  {0x51B1, {0x00,0x00,0x5F,0xF0,0x44,0x00,0x2C,0x00,0x0F,0xE0,0x08,0x20,0x28,0x60,0x68,0x40,0x4F,0xC0,0x40,0x40,0xC0,0x40,0x9F,0xF0}},
  {0x51B2, {0x00,0x00,0x41,0x00,0x41,0x00,0x6F,0xE0,0x29,0x20,0x09,0x20,0x29,0x20,0x69,0x20,0x4F,0xE0,0x41,0x00,0xC1,0x00,0x01,0x00}},
  {0x51B3, {0x00,0x00,0x03,0x00,0x43,0x00,0x6F,0xE0,0x22,0x60,0x02,0x60,0x22,0x60,0x7F,0xF0,0x43,0x00,0x44,0x80,0x8C,0xC0,0x10,0x20}},
  {0x51B4, {0x00,0x00,0x5F,0xF0,0x48,0xC0,0x68,0xC0,0x18,0xC0,0x1F,0xF0,0x21,0xC0,0x42,0xC0,0x44,0xC0,0x4C,0xC0,0xF0,0x80,0x03,0x80}},
  {0x51B5, {0x00,0x00,0xCF,0xE0,0x68,0x20,0x28,0x20,0x08,0x20,0x0F,0xE0,0x22,0x80,0x26,0x80,0x64,0x80,0x44,0x90,0xC8,0x90,0x90,0xE0}},
  {0x51B6, {0x00,0x00,0x42,0x00,0x62,0x00,0x24,0x40,0x0C,0x60,0x0F,0xE0,0x20,0x10,0x6F,0xE0,0x48,0x20,0x48,0x20,0xCF,0xE0,0x88,0x20}},
  {0x51B7, {0x00,0x00,0x03,0x00,0xC3,0x80,0x64,0x80,0x0A,0x60,0x11,0x30,0x00,0x00,0x3F,0xE0,0x40,0x40,0x4C,0x80,0x43,0x00,0x00,0x80}},
  {0x51B8, {0x00,0x00,0x01,0x00,0x49,0x20,0x2D,0x60,0x01,0x00,0x1F,0xE0,0x21,0x00,0x61,0x00,0x5F,0xF0,0x41,0x00,0xC1,0x00,0x01,0x00}},
  {0x51BB, {0x00,0x00,0x42,0x00,0x5F,0xF0,0x24,0x00,0x0D,0x00,0x09,0x00,0x2F,0xF0,0x21,0x00,0x65,0x40,0x49,0x20,0x59,0x20,0xD7,0x10}},
  {0x51BC, {0x00,0x00,0x45,0x00,0x4D,0x00,0x2F,0xE0,0x19,0x00,0x01,0x00,0x3F,0xF0,0x64,0x80,0x44,0x80,0x44,0x90,0x48,0x90,0xD0,0xE0}},
  {0x51BD, {0x00,0x00,0x5F,0x20,0x48,0xA0,0x28,0xA0,0x0F,0xA0,0x1A,0xA0,0x7A,0xA0,0x76,0xA0,0x46,0xA0,0x44,0x20,0x88,0x20,0x10,0xE0}},
  {0x51BE, {0x00,0x00,0x01,0x00,0x42,0x80,0x24,0xC0,0x18,0x60,0x17,0xC0,0x20,0x00,0x6F,0xE0,0x48,0x20,0x48,0x20,0xCF,0xE0,0x08,0x20}},
  {0x51BF, {0x00,0x00,0x01,0x00,0x4F,0xE0,0x41,0x20,0x1F,0xF0,0x01,0x20,0x2F,0xE0,0x61,0x00,0x5F,0xE0,0x41,0x00,0xDF,0xF0,0x01,0x00}},
  {0x51C0, {0x00,0x00,0x04,0x00,0x4F,0xC0,0x48,0x80,0x1F,0xE0,0x01,0x20,0x3F,0xF0,0x41,0x20,0x4F,0xE0,0x41,0x20,0xC3,0x00,0x06,0x00}},
  {0x51C1, {0x00,0x00,0x01,0x00,0x5F,0xF0,0x21,0x00,0x0F,0xE0,0x09,0x20,0x29,0x20,0x6F,0xE0,0x43,0x80,0x45,0x40,0x99,0x30,0x01,0x00}},
  {0x51C2, {0x00,0x00,0x04,0x00,0x47,0xC0,0x48,0x80,0x1F,0xE0,0x09,0x20,0x09,0x20,0x4F,0xE0,0x43,0x00,0x47,0x00,0x4D,0x10,0x10,0xE0}},
  {0x51C3, {0x00,0x00,0x03,0x00,0x42,0x80,0x2C,0x40,0x1F,0xF0,0x01,0x00,0x21,0x00,0x5F,0xE0,0x41,0x00,0x49,0x60,0xD1,0x20,0x07,0x00}},
  {0x51C4, {0x00,0x00,0x41,0x00,0x5F,0xE0,0x21,0x20,0x1F,0xF0,0x01,0x20,0x6F,0xE0,0x42,0x00,0x5F,0xF0,0x4C,0x80,0xC7,0x80,0x9C,0x60}},
  {0x51C5, {0x00,0x00,0x1F,0xE0,0x51,0x20,0x51,0x20,0x1F,0xE0,0x11,0x20,0x37,0xA0,0x74,0xA0,0x54,0xA0,0x57,0xA0,0xD0,0x20,0x1F,0xE0}},
  {0x51C6, {0x00,0x00,0x04,0x80,0xC4,0x80,0x4F,0xF0,0x38,0x80,0x1F,0xE0,0x08,0x80,0x2F,0xE0,0x68,0x80,0x48,0x80,0xCF,0xF0,0x08,0x00}},
  {0x51C7, {0x00,0x00,0x89,0x00,0xC9,0x40,0x49,0x40,0x7F,0x20,0x0A,0xA0,0x1E,0x90,0x7D,0x80,0x69,0x20,0x89,0x20,0x0B,0xE0,0x00,0x00}},
  {0x51C9, {0x00,0x00,0x41,0x00,0x5F,0xF0,0x20,0x00,0x0F,0xE0,0x08,0x20,0x28,0x20,0x6F,0xE0,0x41,0x00,0x49,0x60,0x91,0x30,0x07,0x00}},
  {0x51CA, {0x00,0x00,0x01,0x00,0x5F,0xF0,0x41,0x00,0x1F,0xF0,0x2F,0xE0,0x68,0x20,0x4F,0xE0,0x48,0x20,0x4F,0xE0,0xC8,0x20,0x08,0xE0}},
  {0x51CB, {0x00,0x00,0x5F,0xE0,0x51,0x20,0x77,0xE0,0x11,0x20,0x1F,0xE0,0x30,0x20,0x57,0xA0,0x54,0xA0,0x57,0xA0,0x70,0x20,0x20,0xE0}},
  {0x51CC, {0x00,0x00,0x41,0x00,0x6F,0xE0,0x01,0x00,0x1F,0xF0,0x04,0x40,0x38,0x20,0x67,0xC0,0x4C,0x40,0x52,0x80,0x47,0x80,0xD8,0x60}},
  {0x51CE, {0x00,0x00,0x03,0x00,0x43,0x80,0x64,0xC0,0x08,0x60,0x17,0xC0,0x21,0x00,0x7F,0xE0,0x49,0x00,0x49,0x40,0xC1,0x40,0x1F,0xF0}},
  {0x51CF, {0x00,0x00,0x00,0xA0,0x40,0x80,0x5F,0xF0,0x30,0x80,0x1F,0xA0,0x70,0xA0,0x57,0xE0,0x55,0xC0,0x57,0xD0,0xB1,0xF0,0x21,0x20}},
  {0x51D0, {0x00,0x00,0x1F,0xF0,0x42,0x80,0x7F,0xE0,0x12,0xA0,0x12,0xA0,0x3F,0xE0,0x61,0x00,0x5F,0xE0,0x41,0x00,0xC1,0x00,0x1F,0xF0}},
  {0x51D1, {0x00,0x00,0x01,0x00,0x5F,0xE0,0x42,0x00,0x3F,0xF0,0x0C,0xC0,0x6F,0xE0,0x72,0x10,0x4F,0xC0,0x43,0x00,0x84,0xC0,0x18,0x20}},
  {0x51D2, {0x00,0x00,0x01,0x20,0x5F,0xE0,0x40,0x00,0x1F,0xE0,0x00,0x00,0x2F,0xE0,0x68,0x20,0x48,0x20,0x4F,0xE0,0xC4,0x40,0x1F,0xF0}},
  {0x51D3, {0x00,0x00,0x1F,0xE0,0x42,0x80,0x7F,0xE0,0x12,0xA0,0x1F,0xE0,0x20,0x00,0x61,0x00,0x5F,0xF0,0x45,0xC0,0xD9,0x20,0x11,0x00}},
  {0x51D4, {0x00,0x00,0x03,0x80,0x45,0x40,0x1F,0xF0,0x08,0x20,0x0F,0xE0,0x68,0x20,0x4F,0xE0,0x48,0x00,0x5F,0xE0,0xD4,0x20,0xA7,0xE0}},
  {0x51D5, {0x00,0x00,0x1F,0xF0,0x50,0x10,0x4F,0xE0,0x08,0x20,0x0F,0xE0,0x08,0x20,0x6F,0xE0,0x41,0x00,0x5F,0xF0,0xC4,0xC0,0x18,0x30}},
  {0x51D6, {0x00,0x00,0x04,0x80,0x4F,0xE0,0x28,0x80,0x1F,0xE0,0x28,0x80,0x2F,0xE0,0x48,0x80,0xCF,0xE0,0x02,0x00,0xFF,0xF0,0x02,0x00}},
  {0x51D7, {0x00,0x00,0x01,0x00,0x4F,0xE0,0x09,0x80,0x0F,0xF0,0x19,0x00,0x7F,0xE0,0x49,0x00,0x4F,0xE0,0x49,0x00,0xCF,0xF0,0x08,0x00}},
  {0x51D8, {0x00,0x00,0x12,0xE0,0xFF,0x80,0x52,0x80,0x1E,0x80,0x12,0xF0,0x5E,0xA0,0x52,0xA0,0x7F,0xA0,0xD5,0x20,0x93,0x20,0x21,0x20}},
  {0x51D9, {0x00,0x00,0x1F,0xE0,0x54,0xA0,0x5F,0xE0,0x0F,0xE0,0x01,0x00,0x1F,0xF0,0x44,0x80,0x5F,0xE0,0x41,0x00,0xDF,0xF0,0x01,0x00}},
  {0x51DA, {0x00,0x00,0x04,0x40,0x5F,0xE0,0x4E,0xC0,0x17,0x70,0x04,0x00,0x0F,0xC0,0x40,0x00,0x5F,0xF0,0x49,0x40,0xD9,0x60,0x26,0x00}},
  {0x51DB, {0x00,0x00,0x03,0x00,0xDF,0xF0,0x54,0xA0,0x17,0xA0,0x10,0x20,0x5F,0xE0,0x40,0x00,0x5F,0xE0,0x49,0x40,0xD3,0x20,0xA6,0x10}},
  {0x51DD, {0x00,0x00,0x10,0x00,0x95,0xE0,0x58,0x20,0x52,0xC0,0x5C,0x40,0x11,0xF0,0x5C,0x50,0x69,0x60,0x7F,0x40,0x49,0x60,0x97,0xC0}},
  {0x51DE, {0x00,0x00,0x9F,0xE0,0xDA,0x80,0x5F,0x80,0x19,0xE0,0x19,0x80,0x1F,0x90,0x5A,0x90,0x6F,0x60,0x50,0x00,0x94,0xA0,0x20,0x10}},
  {0x51DF, {0x00,0x00,0x01,0x00,0x9F,0xE0,0x41,0x00,0x5F,0xE0,0x10,0xA0,0x1F,0xE0,0x48,0x20,0x48,0x20,0x48,0x20,0x48,0x20,0x9C,0xF0}},
  {0x51E0, {0x00,0x00,0x1F,0x80,0x11,0x80,0x11,0x80,0x11,0x80,0x11,0x80,0x11,0x80,0x31,0x80,0x31,0x90,0x21,0x90,0x41,0xB0,0xC0,0xE0}},
  {0x51E1, {0x00,0x00,0x3F,0x80,0x20,0x80,0x20,0x80,0x20,0x80,0x2C,0x80,0x26,0x80,0x22,0x80,0x20,0x80,0x60,0x90,0x40,0xB0,0x80,0xE0}},
  {0x51E3, {0x00,0x00,0x04,0x00,0x04,0x00,0x1F,0x80,0x10,0x80,0x10,0x80,0x30,0x80,0x30,0x80,0x20,0x80,0x20,0x90,0x40,0xB0,0xC0,0xE0}},
  {0x51E4, {0x00,0x00,0x7F,0xC0,0x40,0x40,0x40,0x40,0x5F,0x40,0x41,0x40,0x5B,0x40,0x4E,0x40,0x46,0x50,0x4F,0x50,0xF1,0x70,0x80,0x20}},
  {0x51E5, {0x00,0x00,0x7F,0xE0,0x60,0x20,0x60,0x20,0x7F,0xE0,0x60,0x00,0x6F,0xC0,0x68,0xC0,0x48,0xC0,0x48,0xD0,0xD0,0xD0,0x30,0x60}},
  {0x51E6, {0x00,0x00,0x23,0xC0,0x22,0x40,0x7A,0x40,0x4A,0x40,0x4A,0x40,0xEA,0x50,0x32,0x50,0x34,0x70,0x38,0x00,0x6C,0x00,0xC3,0xF0}},
  {0x51E7, {0x00,0x00,0x7F,0xC0,0x40,0x40,0x44,0x40,0x5F,0x40,0x55,0x40,0x55,0x40,0x55,0x40,0x55,0x40,0x57,0x50,0xC4,0x70,0x80,0x20}},
  {0x51E8, {0x00,0x00,0x7F,0xC0,0x40,0x40,0x40,0x40,0x5F,0x40,0x40,0x40,0x5F,0xC0,0x4C,0x40,0x4B,0x40,0x49,0x50,0xD3,0x70,0x9C,0x20}},
  {0x51E9, {0x00,0x00,0x7F,0xC0,0x40,0x40,0x44,0x40,0x44,0x40,0x5F,0xC0,0x4C,0x40,0x4F,0x40,0x55,0xC0,0x74,0x50,0xC4,0x70,0x80,0x20}},
  {0x51EC, {0x00,0x00,0x7F,0xC0,0x40,0x40,0x5F,0x40,0x40,0x40,0x5F,0x40,0x51,0x40,0x5F,0x40,0x51,0x50,0x5F,0x50,0xD1,0x70,0x80,0x20}},
  {0x51ED, {0x00,0x00,0x10,0xE0,0x2F,0x80,0x61,0x00,0xBF,0xF0,0x21,0x00,0x2F,0xE0,0x00,0x00,0x1F,0x00,0x11,0x10,0x31,0xB0,0x60,0xE0}},
  {0x51EE, {0x00,0x00,0x7F,0xC0,0x40,0x40,0x5F,0x40,0x48,0x40,0x5F,0x40,0x51,0x40,0x5F,0x40,0x51,0x50,0x5F,0x50,0xD0,0x70,0x80,0x20}},
  {0x51EF, {0x00,0x00,0x13,0xC0,0xD6,0x40,0xD6,0x40,0x7E,0x40,0x02,0x40,0xFA,0x40,0x0A,0x40,0x7A,0x50,0x42,0x50,0x5E,0x50,0x64,0x60}},
  {0x51F0, {0x00,0x00,0x7F,0xC0,0x44,0x40,0x5F,0xC0,0x50,0xC0,0x5F,0xC0,0x50,0xC0,0x5F,0xC0,0x44,0x40,0x5F,0xD0,0xC4,0x70,0xBF,0xB0}},
  {0x51F2, {0x00,0x00,0x7F,0xC0,0x4A,0x40,0x5F,0x40,0x4A,0x40,0x5F,0x40,0x4B,0x40,0x4B,0x40,0x7F,0xC0,0x5B,0x50,0xCB,0x70,0xAA,0x20}},
  {0x51F3, {0x00,0x00,0x7B,0xC0,0x59,0xE0,0x3F,0xC0,0x40,0x30,0x3F,0xC0,0x20,0x40,0x3F,0xC0,0x19,0x80,0x7F,0xE0,0x10,0xA0,0x60,0xE0}},
  {0x51F6, {0x00,0x00,0x10,0x80,0x19,0x80,0x4D,0x20,0x46,0x20,0x46,0x20,0x4D,0x20,0x59,0xA0,0x70,0xA0,0x40,0x20,0x7F,0xE0,0x00,0x20}},
  {0x51F7, {0x00,0x00,0x06,0x00,0x06,0x00,0x46,0x20,0x5F,0xA0,0x46,0x20,0x46,0x20,0x46,0x20,0x7F,0xE0,0x40,0x20,0x40,0x20,0x7F,0xE0}},
  {0x51F8, {0x00,0x00,0x1F,0x80,0x10,0x80,0x10,0x80,0x10,0x80,0x70,0xE0,0x40,0x20,0x40,0x20,0x40,0x20,0x40,0x20,0x7F,0xE0,0x40,0x20}},
  {0x51F9, {0x00,0x00,0x79,0xE0,0x49,0x20,0x49,0x20,0x49,0x20,0x49,0x20,0x4F,0x20,0x40,0x20,0x40,0x20,0x40,0x20,0x7F,0xE0,0x40,0x20}},
  {0x51FA, {0x00,0x00,0x06,0x00,0x66,0x60,0x66,0x60,0x66,0x60,0x7F,0xE0,0x06,0x60,0x06,0x00,0x46,0x20,0x46,0x20,0x46,0x20,0x7F,0xE0}},
  {0x51FB, {0x00,0x00,0x06,0x00,0x06,0x00,0x7F,0xE0,0x06,0x00,0x06,0x00,0xFF,0xF0,0x06,0x00,0x46,0x20,0x46,0x20,0x7F,0xE0,0x00,0x00}},
  {0x51FC, {0x00,0x00,0x02,0x00,0x42,0xE0,0x7F,0xA0,0x4B,0x20,0x4B,0x20,0x53,0xA0,0x52,0xE0,0x6C,0x20,0x40,0x20,0x7F,0xE0,0x00,0x20}},
  {0x51FD, {0x00,0x00,0x3F,0xC0,0x01,0x80,0x52,0xA0,0x42,0x20,0x42,0x20,0x5F,0xA0,0x62,0x60,0x4C,0x20,0x40,0x20,0x7F,0xE0,0x00,0x00}},
  {0x51FE, {0x00,0x00,0x3F,0xC0,0x01,0x80,0x02,0x00,0x7B,0xE0,0x6A,0x60,0x6B,0xE0,0x7A,0xA0,0x47,0xE0,0x5C,0x20,0x40,0x20,0x7F,0xE0}},
  {0x51FF, {0x00,0x00,0x29,0x60,0x29,0x40,0xFF,0xF0,0x09,0x00,0x49,0x20,0x5F,0xA0,0x46,0x20,0x5F,0xA0,0x46,0x20,0x7F,0xE0,0x00,0x00}},
  {0x5200, {0x00,0x00,0x7F,0xE0,0x08,0x20,0x08,0x20,0x08,0x20,0x08,0x20,0x08,0x20,0x10,0x20,0x10,0x60,0x20,0x60,0x60,0x40,0xC3,0xC0}},
  {0x5201, {0x00,0x00,0x7F,0xE0,0x00,0x20,0x00,0x20,0x01,0xA0,0x06,0x20,0x1C,0x60,0x70,0x60,0x40,0x60,0x00,0x60,0x00,0x40,0x07,0xC0}},
  {0x5202, {0x00,0x00,0x00,0x20,0x02,0x20,0x02,0x20,0x02,0x20,0x02,0x20,0x02,0x20,0x02,0x20,0x02,0x20,0x00,0x20,0x00,0x60,0x01,0xC0}},
  {0x5203, {0x00,0x00,0x7F,0xE0,0x04,0x20,0x24,0x20,0x24,0x20,0x6C,0x20,0x48,0x20,0x08,0x60,0x18,0x60,0x10,0x60,0x60,0x40,0x43,0xC0}},
  {0x5204, {0x00,0x00,0x7F,0xC0,0x08,0x40,0x48,0x40,0x48,0x40,0x38,0x40,0x18,0x40,0x1E,0x40,0x13,0xE0,0x20,0x70,0x60,0xC0,0x47,0x80}},
  {0x5205, {0x00,0x00,0x7F,0xC0,0x08,0xC0,0x08,0xC0,0x08,0xC0,0x48,0xE0,0x58,0xF0,0xD0,0x90,0x10,0x80,0x20,0x80,0x60,0x80,0x47,0x80}},
  {0x5206, {0x00,0x00,0x01,0x00,0x09,0x00,0x10,0x80,0x60,0x60,0x80,0x30,0x3F,0xC0,0x08,0xC0,0x08,0x80,0x10,0x80,0x30,0x80,0x47,0x80}},
  {0x5207, {0x00,0x00,0x20,0x00,0x2F,0xE0,0x23,0x20,0xFA,0x20,0x22,0x20,0x22,0x20,0x22,0x20,0x2A,0x20,0x3E,0x20,0x64,0x20,0x09,0xC0}},
  {0x520A, {0x00,0x00,0x7D,0x20,0x11,0x20,0x11,0x20,0x11,0x20,0x11,0x20,0xFF,0x20,0x11,0x20,0x10,0x20,0x10,0x20,0x10,0x20,0x10,0xE0}},
  {0x520C, {0x00,0x00,0x08,0x20,0x08,0xA0,0xFF,0xA0,0x09,0xA0,0x49,0xA0,0x69,0xA0,0x29,0xA0,0x09,0xA0,0x08,0x20,0x08,0x20,0x38,0xE0}},
  {0x520D, {0x00,0x00,0x18,0x00,0x3F,0x80,0x63,0x00,0xFF,0xE0,0x00,0x20,0x00,0x20,0x3F,0xE0,0x00,0x20,0x00,0x20,0x7F,0xE0,0x00,0x20}},
  {0x520E, {0x00,0x00,0x20,0x20,0x7E,0xA0,0x56,0xA0,0xAA,0xA0,0x2A,0xA0,0x2A,0xA0,0x4A,0xA0,0x92,0xA0,0x12,0x20,0x22,0x20,0x5C,0xE0}},
  {0x5210, {0x00,0x00,0x7C,0x20,0x44,0xA0,0x74,0xA0,0x54,0xA0,0x44,0xA0,0xFE,0xA0,0x44,0xA0,0x44,0xA0,0x44,0x20,0xC4,0x20,0x9C,0xE0}},
  {0x5211, {0x00,0x00,0x7E,0x20,0x24,0xA0,0x24,0xA0,0x24,0xA0,0xFF,0xA0,0x24,0xA0,0x24,0xA0,0x24,0xA0,0x44,0x20,0x44,0x20,0x84,0xE0}},
  {0x5212, {0x00,0x00,0x28,0x20,0x24,0xA0,0x3E,0xA0,0xF0,0xA0,0x26,0xA0,0x24,0xA0,0x18,0xA0,0x10,0xA0,0x32,0x20,0xCA,0x20,0x06,0xE0}},
  {0x5213, {0x00,0x00,0x7C,0x20,0x00,0xA0,0x00,0xA0,0x00,0xA0,0xFE,0xA0,0x28,0xA0,0x28,0xA0,0x28,0xA0,0x4A,0x20,0x4C,0x20,0x80,0xE0}},
  {0x5214, {0x00,0x00,0x10,0x20,0x10,0xA0,0x7E,0xA0,0x12,0xA0,0x12,0xA0,0x12,0xA0,0xFE,0xA0,0x30,0xA0,0x28,0xA0,0x44,0x20,0x80,0xE0}},
  {0x5215, {0x00,0x00,0x7F,0xE0,0x08,0x20,0x08,0x20,0x10,0x60,0x63,0xC0,0x00,0x00,0x7F,0xF0,0x24,0xB0,0x25,0x20,0x47,0x20,0xBA,0xE0}},
  {0x5216, {0x00,0x00,0x7C,0x20,0x44,0xA0,0x44,0xA0,0x7C,0xA0,0x44,0xA0,0x44,0xA0,0x7C,0xA0,0x44,0xA0,0x44,0x20,0xC4,0x20,0x9C,0xE0}},
  {0x5217, {0x00,0x00,0xFE,0x20,0x11,0xA0,0x21,0xA0,0x3F,0xA0,0x65,0xA0,0x45,0xA0,0xDD,0xA0,0x99,0xA0,0x10,0x20,0x60,0x20,0x40,0xE0}},
  {0x5218, {0x00,0x00,0x10,0x20,0xFF,0xA0,0x05,0xA0,0x45,0xA0,0x29,0xA0,0x39,0xA0,0x19,0xA0,0x19,0xA0,0x2C,0x20,0x64,0x20,0xC0,0xE0}},
  {0x5219, {0x00,0x00,0x7C,0x20,0x44,0xA0,0x54,0xA0,0x54,0xA0,0x54,0xA0,0x54,0xA0,0x54,0xA0,0x54,0xA0,0x38,0x20,0x64,0x20,0xC6,0xE0}},
  {0x521A, {0x00,0x00,0x7E,0x20,0x42,0xA0,0x66,0xA0,0x6A,0xA0,0x5A,0xA0,0x5A,0xA0,0x5A,0xA0,0x6A,0xA0,0x66,0x20,0x42,0x20,0x4E,0xE0}},
  {0x521B, {0x00,0x00,0x18,0x20,0x38,0xA0,0x24,0xA0,0x46,0xA0,0x7E,0xA0,0x44,0xA0,0x44,0xA0,0x5C,0xA0,0x42,0x20,0x62,0x20,0x3C,0xE0}},
  {0x521D, {0x00,0x00,0x20,0x00,0x27,0xE0,0xF3,0x20,0x33,0x20,0x2B,0x20,0x7A,0x20,0xAA,0x20,0x22,0x20,0x26,0x20,0x2C,0x20,0x29,0xC0}},
  {0x521E, {0x00,0x00,0x7C,0x20,0x44,0xA0,0x44,0xA0,0x7C,0xA0,0x44,0xA0,0x44,0xA0,0x7C,0xA0,0x44,0xA0,0x44,0x20,0x5E,0x20,0xF0,0xE0}},
  {0x521F, {0x00,0x00,0x7E,0x20,0x22,0xA0,0x22,0xA0,0x62,0xA0,0xCC,0xA0,0x00,0xA0,0x7E,0xA0,0x42,0xA0,0x42,0x20,0x42,0x20,0x7E,0xE0}},
  {0x5220, {0x00,0x00,0x77,0xA0,0x55,0xA0,0x55,0xA0,0x55,0xA0,0x55,0xA0,0xFF,0xA0,0x55,0xA0,0x55,0xA0,0x51,0x20,0x59,0x20,0xBE,0xE0}},
  {0x5221, {0x00,0x00,0x7E,0x20,0x42,0xA0,0x42,0xA0,0x7E,0xA0,0x48,0xA0,0x48,0xA0,0x7E,0xA0,0x48,0xA0,0x48,0xA0,0xEE,0x20,0xC6,0xE0}},
  {0x5222, {0x00,0x00,0x18,0x20,0x3C,0xA0,0x66,0xA0,0xD2,0xA0,0x00,0xA0,0x7E,0xA0,0x04,0xA0,0x2C,0xA0,0x38,0x20,0x18,0x20,0x08,0xE0}},
  {0x5223, {0x00,0x00,0x30,0x20,0x24,0xA0,0x44,0xA0,0xFE,0xA0,0x00,0xA0,0x7E,0xA0,0x42,0xA0,0x42,0xA0,0x42,0x20,0x7E,0x20,0x42,0xE0}},
  {0x5224, {0x00,0x00,0x10,0x20,0x52,0x20,0x54,0xA0,0x10,0xA0,0x7E,0xA0,0x10,0xA0,0xFE,0xA0,0x10,0xA0,0x20,0x20,0x60,0x20,0x40,0xE0}},
  {0x5228, {0x00,0x00,0x20,0x20,0x7E,0xA0,0x42,0xA0,0xFA,0xA0,0x4A,0xA0,0x7A,0xA0,0x46,0xA0,0x5C,0xA0,0x41,0xA0,0x43,0x20,0x3E,0xE0}},
  {0x5229, {0x00,0x00,0x1C,0x20,0xF1,0x20,0x11,0x20,0x11,0x20,0xFF,0x20,0x31,0x20,0x79,0x20,0xD5,0x20,0x91,0x20,0x10,0x20,0x10,0xE0}},
  {0x522B, {0x00,0x00,0x7C,0x20,0x44,0xA0,0x44,0xA0,0x7C,0xA0,0x30,0xA0,0x20,0xA0,0x7E,0xA0,0x26,0xA0,0x24,0xA0,0x44,0x20,0xDC,0xE0}},
  {0x522C, {0x00,0x00,0x28,0x20,0x24,0xA0,0x3E,0xA0,0xF0,0xA0,0x22,0xA0,0x7C,0xA0,0x12,0xA0,0x14,0xA0,0x1A,0x20,0x7A,0x20,0x0E,0xE0}},
  {0x522E, {0x00,0x00,0x0E,0x20,0x70,0xA0,0x10,0xA0,0xFE,0xA0,0x10,0xA0,0x10,0xA0,0x7C,0xA0,0x44,0xA0,0x44,0x20,0x44,0x20,0x7C,0xE0}},
  {0x522F, {0x00,0x00,0xFE,0x20,0x00,0xA0,0x7E,0xA0,0x42,0xA0,0x42,0xA0,0x7E,0xA0,0x42,0xA0,0x7E,0xA0,0x00,0x20,0x0E,0x20,0xF0,0xE0}},
  {0x5230, {0x00,0x00,0xFE,0x20,0x30,0xA0,0x24,0xA0,0x44,0xA0,0x7E,0xA0,0x10,0xA0,0xFE,0xA0,0x10,0xA0,0x10,0x20,0x1E,0x20,0xF0,0xE0}},
  {0x5231, {0x00,0x00,0x4B,0xE0,0x49,0x20,0xF9,0x20,0x49,0x20,0x4B,0x20,0x4B,0x30,0xFD,0x20,0x49,0x20,0x4B,0x20,0xCA,0x20,0x8C,0xC0}},
  {0x5232, {0x00,0x00,0x10,0x20,0x7E,0x20,0x10,0xA0,0x10,0xA0,0xFE,0xA0,0x00,0xA0,0x10,0xA0,0x7E,0xA0,0x10,0x20,0x1E,0x20,0xF0,0xE0}},
  {0x5233, {0x00,0x00,0x10,0x20,0x7E,0xA0,0x34,0xA0,0x62,0xA0,0xFD,0xA0,0x00,0xA0,0x7E,0xA0,0x20,0xA0,0x3E,0xA0,0x06,0x20,0x3C,0xE0}},
  {0x5234, {0x00,0x00,0x7C,0x20,0x24,0xA0,0x26,0xA0,0x62,0xA0,0xDE,0xA0,0x00,0xA0,0xFE,0xA0,0x38,0xA0,0x3C,0x20,0x52,0x20,0x90,0xE0}},
  {0x5235, {0x00,0x00,0xFE,0x20,0x44,0xA0,0x44,0xA0,0x7C,0xA0,0x44,0xA0,0x44,0xA0,0x7C,0xA0,0x44,0xA0,0x5E,0x20,0xF4,0x20,0x04,0xE0}},
  {0x5236, {0x00,0x00,0x18,0x20,0x58,0xA0,0x7E,0xA0,0x18,0xA0,0xFF,0xA0,0x18,0xA0,0x7E,0xA0,0x5A,0xA0,0x5A,0x20,0x5E,0x20,0x18,0xE0}},
  {0x5237, {0x00,0x00,0x7E,0x20,0x42,0xA0,0x7E,0xA0,0x40,0xA0,0x4C,0xA0,0x5F,0xA0,0x5D,0xA0,0x5D,0xA0,0x5F,0x20,0x9E,0x20,0x8C,0xE0}},
  {0x5238, {0x00,0x00,0x24,0x40,0x14,0x80,0x7F,0xE0,0x08,0x00,0xFF,0xF0,0x30,0x80,0x60,0x60,0xFF,0xF0,0x08,0x80,0x30,0x80,0x67,0x80}},
  {0x5239, {0x00,0x00,0x44,0x20,0x3C,0xA0,0x24,0xA0,0xC2,0xA0,0x10,0xA0,0xFE,0xA0,0x14,0xA0,0x52,0xA0,0x52,0x20,0x92,0x20,0x70,0xE0}},
  {0x523A, {0x00,0x00,0x10,0x20,0xFE,0xA0,0x10,0xA0,0x7E,0xA0,0x52,0xA0,0x52,0xA0,0x7E,0xA0,0x3C,0xA0,0x54,0x20,0x92,0x20,0x10,0xE0}},
  {0x523B, {0x00,0x00,0x10,0x20,0x18,0x20,0xFE,0xA0,0x24,0xA0,0x48,0xA0,0x7A,0xA0,0x14,0xA0,0x6C,0xA0,0xDC,0x20,0x36,0x20,0x42,0xE0}},
  {0x523D, {0x00,0x00,0x18,0x20,0x34,0xA0,0x62,0xA0,0xC0,0xA0,0x3C,0xA0,0x00,0xA0,0x7E,0xA0,0x24,0xA0,0x64,0x20,0x7E,0x20,0x02,0xE0}},
  {0x523E, {0x00,0x00,0x10,0x20,0xFE,0xA0,0x10,0xA0,0x54,0xA0,0x54,0xA0,0x10,0xA0,0xFE,0xA0,0x30,0xA0,0x38,0xA0,0x44,0x20,0xC0,0xE0}},
  {0x523F, {0x00,0x00,0x10,0x20,0x52,0xA0,0x52,0xA0,0x7E,0xA0,0x20,0xA0,0x3E,0xA0,0x46,0xA0,0xA4,0xA0,0x18,0x20,0x30,0x20,0xC0,0xE0}},
  {0x5240, {0x10,0x20,0xD2,0x20,0xD2,0xA0,0xD2,0xA0,0x7E,0xA0,0x00,0xA0,0xFE,0xA0,0x06,0xA0,0x7E,0xA0,0x40,0x20,0x5C,0x20,0x70,0xE0}},
  {0x5241, {0x00,0x00,0x3C,0x20,0x64,0xA0,0x44,0xA0,0x06,0xA0,0x10,0xA0,0xFE,0xA0,0x3C,0xA0,0x3C,0xA0,0x52,0x20,0x90,0x20,0x10,0xE0}},
  {0x5243, {0x00,0x00,0x04,0x20,0x28,0xA0,0x7E,0xA0,0x12,0xA0,0x7E,0xA0,0x50,0xA0,0x7E,0xA0,0x32,0xA0,0x52,0x20,0x9E,0x20,0x10,0xE0}},
  {0x5245, {0x00,0x00,0xFE,0x20,0x00,0xA0,0x7C,0xA0,0x44,0xA0,0x44,0xA0,0x7C,0xA0,0x00,0xA0,0x44,0xA0,0x28,0x20,0x3E,0x20,0xF0,0xE0}},
  {0x5246, {0x00,0x00,0x10,0x20,0x7C,0xA0,0x44,0xA0,0x7C,0xA0,0x44,0xA0,0x44,0xA0,0x7C,0xA0,0x48,0xA0,0x4C,0x20,0x7E,0x20,0x40,0xE0}},
  {0x5248, {0x00,0x00,0x7C,0x20,0x44,0xA0,0x7C,0xA0,0x00,0xA0,0x7E,0xA0,0x42,0xA0,0x7E,0xA0,0x42,0xA0,0x7E,0x20,0x42,0x20,0x4C,0xE0}},
  {0x524A, {0x00,0x00,0x52,0x20,0x74,0xA0,0x10,0xA0,0x7E,0xA0,0x42,0xA0,0x7E,0xA0,0x42,0xA0,0x7E,0xA0,0x42,0x20,0x42,0x20,0x4C,0xE0}},
  {0x524C, {0x00,0x00,0x10,0x20,0xFE,0xA0,0x10,0xA0,0x7E,0xA0,0x52,0xA0,0x7E,0xA0,0x38,0xA0,0x3C,0xA0,0x52,0x20,0x90,0x20,0x10,0xE0}},
  {0x524D, {0x00,0x00,0x10,0x80,0x09,0x80,0xFF,0xF0,0x00,0x00,0x7D,0xA0,0x45,0xA0,0x7D,0xA0,0x45,0xA0,0x7D,0xA0,0x44,0x20,0x4C,0xE0}},
  {0x5250, {0x00,0x00,0x7E,0x20,0x42,0x20,0x42,0xA0,0x7E,0xA0,0x00,0xA0,0x7E,0xA0,0x52,0xA0,0x7A,0xA0,0x66,0x20,0x42,0x20,0x4E,0xE0}},
  {0x5251, {0x00,0x00,0x18,0x20,0x14,0xA0,0x26,0xA0,0x42,0xA0,0xFE,0xA0,0x12,0xA0,0x5A,0xA0,0x4C,0xA0,0x24,0x20,0x0F,0x20,0x78,0xE0}},
  {0x5252, {0x00,0x00,0x2C,0x20,0xFE,0x20,0x2C,0xA0,0x2C,0xA0,0xFE,0xA0,0x00,0xA0,0x7E,0xA0,0x42,0xA0,0x7E,0xA0,0x42,0x20,0x7E,0xE0}},
  {0x5254, {0x00,0x00,0x7E,0x20,0x42,0xA0,0x7E,0xA0,0x42,0xA0,0x7E,0xA0,0x20,0xA0,0x7F,0xA0,0xD7,0xA0,0x2B,0xA0,0x5A,0x20,0x3E,0xE0}},
  {0x5255, {0x00,0x00,0x28,0x20,0x28,0xA0,0xEE,0xA0,0x28,0xA0,0x28,0xA0,0xEE,0xA0,0x28,0xA0,0xEE,0xA0,0x28,0x20,0x28,0x20,0x28,0xE0}},
  {0x5256, {0x00,0x00,0x10,0x20,0x10,0x20,0x7E,0xA0,0x24,0xA0,0x2C,0xA0,0xFE,0xA0,0x00,0xA0,0x7E,0xA0,0x42,0xA0,0x7E,0x20,0x42,0xE0}},
  {0x525A, {0x00,0x00,0x10,0x20,0xFE,0xA0,0x52,0xA0,0x7E,0xA0,0x7E,0xA0,0x12,0xA0,0xFF,0xA0,0x12,0xA0,0x7E,0x20,0x10,0x20,0x30,0xE0}},
  {0x525C, {0x00,0x00,0x10,0x20,0xFE,0xA0,0x80,0xA0,0x40,0xA0,0x7E,0xA0,0x5A,0xA0,0x5A,0xA0,0xAE,0xA0,0x28,0xA0,0x4E,0x20,0x8C,0xE0}},
  {0x525F, {0x00,0x00,0xFF,0x20,0x1A,0xA0,0x66,0xA0,0x76,0xA0,0x89,0xA0,0x7F,0xA0,0x12,0xA0,0x66,0xA0,0x26,0x20,0x5E,0x20,0x88,0xE0}},
  {0x5260, {0x00,0x00,0x10,0x20,0xFE,0xA0,0x00,0xA0,0x7E,0xA0,0x42,0xA0,0x42,0xA0,0x7E,0xA0,0x10,0xA0,0x54,0xA0,0x92,0x20,0x70,0xE0}},
  {0x5261, {0x00,0x00,0x08,0x20,0x5A,0xA0,0x54,0xA0,0x18,0xA0,0x24,0xA0,0x5A,0xA0,0x52,0xA0,0x54,0xA0,0x18,0x20,0x24,0x20,0xC2,0xE0}},
  {0x5262, {0x00,0x00,0xFE,0x20,0x10,0xA0,0x70,0xA0,0xD6,0xA0,0x7C,0xA0,0x6E,0xA0,0xBA,0xA0,0x2A,0xA0,0xC8,0x20,0x08,0x20,0x30,0xE0}},
  {0x5265, {0x00,0x00,0x7E,0xA0,0x02,0xA0,0x7E,0xA0,0x06,0xA0,0xFF,0xA0,0x18,0xA0,0x5A,0xA0,0x3C,0xA0,0x3C,0xA0,0xDA,0x20,0x30,0xE0}},
  {0x5266, {0x00,0x00,0x10,0x20,0xFE,0xA0,0x24,0xA0,0xD2,0xA0,0x7E,0xA0,0x52,0xA0,0x7E,0xA0,0x52,0xA0,0x7E,0xA0,0x16,0x20,0x18,0xE0}},
  {0x5268, {0x00,0x00,0x18,0x20,0x7E,0xA0,0x18,0xA0,0x7F,0xA0,0x00,0xA0,0x7F,0xA0,0x20,0xA0,0x3E,0x20,0x62,0x20,0xE2,0x20,0x3E,0xE0}},
  {0x5269, {0x00,0x00,0x0F,0x20,0x78,0xA0,0x08,0xA0,0xFF,0xA0,0x2C,0xA0,0xEF,0xA0,0x2C,0xA0,0xFB,0xA0,0x38,0xA0,0x7C,0xA0,0xCA,0xE0}},
  {0x526B, {0x00,0x00,0x08,0x20,0x7F,0xA0,0x54,0xA0,0x7F,0xA0,0x54,0xA0,0x5C,0xA0,0x40,0xA0,0x7E,0xA0,0x54,0xA0,0x9C,0x20,0xF0,0xE0}},
  {0x526C, {0x00,0x00,0x5A,0x20,0x5A,0xA0,0x7E,0xA0,0x00,0xA0,0xFF,0xA0,0x10,0xA0,0x7E,0xA0,0x5A,0xA0,0x5A,0x20,0x5A,0x20,0x46,0xE0}},
  {0x526F, {0x00,0x00,0xFE,0x20,0x00,0xA0,0x7E,0xA0,0x46,0xA0,0x7E,0xA0,0x00,0xA0,0x7E,0xA0,0x52,0xA0,0x7E,0x20,0x52,0x20,0x7E,0xE0}},
  {0x5270, {0x00,0x00,0x0E,0x20,0x78,0x20,0x10,0xA0,0xFF,0xA0,0x52,0xA0,0xFF,0xA0,0x52,0xA0,0xFF,0xA0,0x3C,0x20,0x52,0x20,0x10,0xE0}},
  {0x5272, {0x00,0x00,0x10,0x20,0xFE,0xA0,0x92,0xA0,0x7E,0xA0,0x10,0xA0,0x7E,0xA0,0x10,0xA0,0x7E,0xA0,0x42,0x20,0x7E,0x20,0x42,0xE0}},
  {0x5276, {0x00,0x00,0x20,0x20,0x7E,0xA0,0x44,0xA0,0x7C,0xA0,0xFF,0xA0,0x72,0xA0,0x3E,0xA0,0x6A,0xA0,0x3A,0x20,0x68,0x20,0x38,0xE0}},
  {0x5278, {0x00,0x00,0x10,0x20,0xFE,0xA0,0x10,0xA0,0x7E,0xA0,0x52,0xA0,0x7E,0xA0,0x12,0xA0,0x7E,0xA0,0xFF,0x20,0x24,0x20,0x0C,0xE0}},
  {0x527B, {0x00,0x00,0x08,0x20,0x4A,0x20,0x7E,0xA0,0x00,0xA0,0x7E,0xA0,0x58,0xA0,0x7E,0xA0,0x58,0xA0,0x7E,0x20,0x98,0x20,0xFE,0xE0}},
  {0x527C, {0x00,0x00,0x10,0x20,0x3E,0xA0,0x64,0xA0,0x4A,0xA0,0xFF,0xA0,0x18,0xA0,0x6E,0xA0,0x30,0xA0,0x18,0x20,0x6C,0x20,0x70,0xE0}},
  {0x527D, {0x00,0x00,0xFF,0x20,0x14,0xA0,0x7F,0xA0,0x55,0xA0,0x7F,0xA0,0x00,0xA0,0x7E,0xA0,0x00,0xA0,0x7F,0xA0,0x89,0x20,0x30,0xE0}},
  {0x527E, {0x00,0x00,0x7E,0x20,0x00,0xA0,0x3E,0xA0,0x22,0xA0,0x3E,0xA0,0x00,0xA0,0x36,0xA0,0x24,0xA0,0x36,0x20,0x00,0x20,0x7F,0xE0}},
  {0x527F, {0x00,0x00,0x2A,0x20,0x56,0xA0,0x6A,0xA0,0x7E,0xA0,0x52,0xA0,0x7E,0xA0,0x52,0xA0,0xFE,0xA0,0x3C,0x20,0x54,0x20,0x92,0xE0}},
  {0x5280, {0x00,0x00,0x7E,0x20,0x24,0x20,0x18,0xA0,0xFF,0xA0,0x2A,0xA0,0xD8,0xA0,0xFF,0xA0,0xE7,0xA0,0xFF,0x20,0x81,0x20,0x86,0xE0}},
  {0x5281, {0x00,0x00,0x28,0x20,0x7F,0xA0,0x48,0xA0,0xFE,0xA0,0x48,0xA0,0x7E,0xA0,0x48,0xA0,0x7F,0xA0,0x40,0xA0,0xD6,0x20,0x95,0x60}},
  {0x5282, {0x00,0x00,0x7F,0x20,0x62,0x60,0x4A,0x60,0x7F,0xE0,0x51,0x60,0x52,0x60,0x76,0x60,0x7E,0x60,0x53,0x20,0x94,0xA0,0xA4,0x60}},
  {0x5285, {0x00,0x00,0x7E,0x20,0x50,0x60,0x7E,0x60,0x00,0x60,0x7F,0x60,0x55,0x60,0x7D,0x60,0x55,0x20,0x1D,0x20,0x61,0x20,0x0E,0xE0}},
  {0x5286, {0x00,0x00,0x08,0x20,0x7F,0xA0,0x54,0xA0,0x7F,0xA0,0x55,0xA0,0x7F,0xA0,0x55,0xA0,0x7F,0xA0,0x56,0x20,0xF7,0x20,0x94,0xE0}},
  {0x5288, {0x00,0x00,0x7C,0x80,0x47,0xE0,0x7D,0x40,0x67,0xF0,0x64,0x80,0xBF,0xE0,0x00,0x80,0x7F,0xE0,0x08,0x40,0x30,0x40,0x63,0xC0}},
  {0x528B, {0x00,0x00,0x7E,0x20,0x42,0x20,0x7E,0xA0,0x00,0xA0,0x7E,0xA0,0x1A,0xA0,0x7E,0xA0,0x10,0xA0,0xFF,0xA0,0x7C,0x20,0x90,0xE0}},
  {0x5290, {0x00,0x00,0x24,0x20,0x7F,0xA0,0x2C,0xA0,0x7F,0xA0,0xC8,0xA0,0x7F,0xA0,0x48,0xA0,0x7E,0xA0,0x3F,0x20,0x3C,0x20,0x62,0xE0}},
  {0x5296, {0x00,0x00,0x20,0x20,0x7C,0xA0,0xFF,0xA0,0x01,0xA0,0x7F,0xA0,0x7E,0xA0,0x7F,0xA0,0x49,0xA0,0x7E,0x20,0x3B,0x20,0xEF,0xE0}},
  {0x5298, {0x00,0x00,0x08,0x20,0x7F,0xA0,0x52,0xA0,0x7F,0xA0,0x5E,0xA0,0x7F,0xA0,0x4C,0xA0,0x7F,0xA0,0x4C,0x20,0xFF,0x20,0x8C,0xE0}},
  {0x529B, {0x00,0x00,0x0C,0x00,0x0C,0x00,0x0C,0x00,0x7F,0xE0,0x0C,0x20,0x08,0x20,0x08,0x20,0x08,0x20,0x10,0x20,0x20,0x60,0xC3,0xC0}},
  {0x529C, {0x00,0x00,0x21,0x00,0x21,0x00,0xFD,0x00,0x25,0x00,0x25,0x00,0x25,0x00,0x25,0x00,0x25,0x10,0x45,0x10,0x4D,0x30,0xB8,0xE0}},
  {0x529D, {0x00,0x00,0x01,0x00,0xF9,0x00,0x0F,0xE0,0x51,0x20,0x51,0x20,0x31,0x20,0x32,0x20,0x32,0x20,0x4E,0x20,0x84,0x20,0x09,0xE0}},
  {0x529E, {0x00,0x00,0x08,0x00,0x08,0x00,0x7F,0xC0,0x08,0x40,0x28,0xE0,0x48,0xE0,0x48,0xF0,0x98,0xD0,0x10,0xC0,0x20,0x80,0x47,0x80}},
  {0x529F, {0x03,0x00,0xFB,0x00,0x23,0x00,0x27,0xE0,0x23,0x20,0x22,0x20,0x22,0x20,0x22,0x20,0x3A,0x20,0xE4,0x20,0x0C,0x20,0x11,0xE0}},
  {0x52A0, {0x00,0x00,0x20,0x00,0x21,0xE0,0xFD,0x20,0x25,0x20,0x25,0x20,0x25,0x20,0x25,0x20,0x65,0x20,0x45,0x20,0x4D,0xE0,0xB9,0x20}},
  {0x52A1, {0x00,0x00,0x10,0x00,0x3F,0xC0,0x78,0xC0,0x4F,0x00,0x1F,0x80,0xE0,0x70,0x0C,0x00,0x7F,0xC0,0x08,0x40,0x10,0x40,0x63,0xC0}},
  {0x52A2, {0x00,0x00,0x01,0x00,0xFD,0x00,0x23,0xE0,0x21,0x20,0x39,0x20,0x29,0x20,0x29,0x20,0x49,0x20,0x4B,0x20,0x4A,0x20,0xBC,0xE0}},
  {0x52A3, {0x00,0x00,0x06,0x00,0x16,0xC0,0x66,0x70,0x03,0x80,0x7C,0x00,0x04,0x00,0x7F,0xE0,0x08,0x20,0x18,0x20,0x30,0x60,0xC3,0xC0}},
  {0x52A4, {0x00,0x00,0x0D,0x80,0x71,0x80,0x43,0xF0,0x41,0xB0,0x7D,0xB0,0x49,0x20,0x49,0x20,0x49,0x20,0x4B,0x20,0xCA,0x20,0x8C,0xE0}},
  {0x52A5, {0x00,0x00,0x21,0x00,0x21,0x00,0xFF,0xF0,0x01,0x30,0x79,0x30,0x49,0x20,0x49,0x20,0x4D,0x20,0x4E,0x20,0xCA,0x20,0x84,0xE0}},
  {0x52A8, {0x00,0x00,0x01,0x00,0x7D,0x00,0x03,0xF0,0x01,0x20,0xFD,0x20,0x21,0x20,0x29,0x20,0x49,0x20,0x5A,0x20,0xE6,0x20,0x04,0xE0}},
  {0x52A9, {0x00,0x00,0x79,0x00,0x49,0x00,0x4B,0xE0,0x79,0x20,0x49,0x20,0x79,0x20,0x49,0x20,0x4D,0x20,0x7E,0x20,0xE6,0x20,0x04,0xE0}},
  {0x52AA, {0x00,0x00,0x20,0x00,0x23,0xE0,0x7C,0x20,0x69,0x40,0x38,0xC0,0x33,0x60,0x44,0x00,0x7F,0xE0,0x08,0x60,0x18,0x40,0x63,0xC0}},
  {0x52AB, {0x00,0x00,0x11,0x00,0x11,0x00,0x7F,0xE0,0x11,0x20,0x11,0x20,0xFD,0x20,0x21,0x20,0x49,0x20,0x5E,0x20,0xE6,0x20,0x04,0xE0}},
  {0x52AC, {0x00,0x00,0x20,0x80,0x7C,0x80,0x47,0xE0,0xF4,0xA0,0x54,0xA0,0x54,0xA0,0x55,0x20,0x75,0x20,0x45,0x20,0x0E,0x20,0x3E,0xE0}},
  {0x52AD, {0x00,0x00,0x7C,0x80,0x24,0x80,0x27,0xE0,0x4D,0xA0,0x99,0xA0,0x01,0x20,0x7D,0x20,0x45,0x20,0x45,0x20,0x7F,0x20,0x46,0xE0}},
  {0x52AF, {0x00,0x00,0x01,0x00,0xFD,0x00,0x23,0xF0,0x61,0x30,0x79,0x30,0xC9,0x20,0x49,0x20,0x49,0x20,0x7A,0x20,0x06,0x20,0x04,0xE0}},
  {0x52B0, {0x00,0x00,0x21,0x00,0x21,0x00,0x7B,0xF0,0x49,0x30,0x49,0x30,0x79,0x20,0x49,0x20,0x4B,0x20,0x7A,0x20,0x46,0x20,0x04,0xE0}},
  {0x52B2, {0x00,0x00,0x7D,0x00,0x09,0x00,0x13,0xE0,0x39,0x20,0xE5,0x20,0x01,0x20,0x7D,0x20,0x11,0x20,0x13,0x20,0x3E,0x20,0x64,0xE0}},
  {0x52B3, {0x00,0x00,0x19,0x80,0x7F,0xE0,0x19,0x80,0x00,0x00,0xFF,0xF0,0xC0,0x30,0x04,0x00,0x7F,0xC0,0x08,0x40,0x18,0x40,0x63,0xC0}},
  {0x52B4, {0x00,0x00,0x04,0x40,0x26,0x40,0x00,0x80,0x7F,0xE0,0x40,0x20,0x04,0x00,0x7F,0xC0,0x0C,0x40,0x08,0x40,0x30,0x40,0x63,0xC0}},
  {0x52B5, {0x00,0x00,0x22,0x40,0x14,0x80,0x7F,0xE0,0x0C,0x00,0xFF,0xF0,0x30,0xC0,0x64,0x70,0x3F,0xC0,0x08,0x40,0x30,0xC0,0x67,0x80}},
  {0x52B6, {0x00,0x00,0x78,0x80,0x40,0x80,0x43,0xF0,0x7D,0xB0,0x41,0xB0,0x7D,0x20,0x65,0x20,0x65,0x20,0xFD,0x20,0xA2,0x20,0x02,0xE0}},
  {0x52B7, {0x00,0x00,0x49,0x00,0x59,0x00,0xFF,0xF0,0x21,0x30,0x79,0x30,0x21,0x20,0x21,0x20,0xFD,0x20,0x22,0x20,0x46,0x20,0x84,0xE0}},
  {0x52B8, {0x00,0x00,0x11,0x80,0x7D,0x00,0x13,0xF0,0xFD,0x30,0x01,0x30,0x11,0x20,0xFD,0x20,0x11,0x20,0x13,0x20,0x3E,0x20,0xF6,0xE0}},
  {0x52BA, {0x00,0x00,0x20,0x80,0x48,0x80,0xFF,0xF0,0x51,0xB0,0x7D,0xB0,0x91,0x20,0x11,0x20,0xFD,0x20,0x13,0x20,0x12,0x20,0x14,0xE0}},
  {0x52BB, {0x00,0x00,0x7E,0x80,0x40,0x80,0x7F,0xE0,0x48,0xA0,0x48,0xA0,0x7C,0xA0,0x49,0xA0,0x49,0x20,0x7D,0x20,0x41,0x20,0x7E,0xE0}},
  {0x52BC, {0x00,0x00,0x10,0x80,0xFC,0x80,0x13,0xF0,0x11,0xB0,0x7D,0xB0,0x01,0x20,0x79,0x20,0x49,0x20,0x4B,0x20,0x7E,0x20,0x04,0xE0}},
  {0x52BD, {0x00,0x00,0x7E,0x20,0x21,0xA0,0x7F,0xA0,0xE5,0xA0,0x18,0x20,0x74,0xC0,0x04,0x00,0x7F,0xE0,0x08,0x20,0x30,0x40,0xE3,0xC0}},
  {0x52BE, {0x00,0x00,0x10,0x80,0xFE,0x80,0x21,0xF0,0x48,0xB0,0x78,0xB0,0x34,0xA0,0x64,0xA0,0xC9,0x20,0x19,0x20,0x27,0x20,0x42,0xE0}},
  {0x52BF, {0x00,0x00,0x23,0x00,0x7F,0xC0,0x32,0x40,0x7E,0x50,0x27,0x50,0x6C,0x20,0x04,0x00,0x7F,0xC0,0x08,0x40,0x18,0x40,0x63,0xC0}},
  {0x52C0, {0x00,0x00,0x11,0x80,0xFD,0x80,0x13,0xF0,0x7D,0xA0,0x45,0x20,0x45,0x20,0x7D,0x20,0x31,0x20,0x33,0x20,0x5E,0x20,0x84,0xE0}},
  {0x52C2, {0x00,0x00,0x50,0x80,0x7C,0x80,0x53,0xF0,0x11,0xB0,0xFD,0xB0,0x01,0x20,0x7D,0x20,0x45,0x20,0x47,0x20,0x7E,0x20,0x44,0xE0}},
  {0x52C3, {0x00,0x00,0x10,0x80,0x7C,0x80,0x11,0xF0,0xFE,0x90,0x82,0xB0,0x3C,0xB0,0x08,0xB0,0x1D,0xA0,0xF1,0x20,0x13,0x20,0x72,0xE0}},
  {0x52C4, {0x00,0x00,0x20,0x80,0x7C,0x80,0xC3,0xE0,0x7C,0xA0,0x54,0xA0,0xFF,0xA0,0x75,0x20,0x55,0x20,0x7F,0x20,0x0A,0x20,0x3A,0xE0}},
  {0x52C6, {0x00,0x00,0x11,0x00,0x7D,0x00,0x47,0xE0,0x45,0x20,0x7D,0x20,0x45,0x20,0x7D,0x20,0x51,0x20,0x5A,0x20,0x76,0x20,0x04,0xE0}},
  {0x52C7, {0x00,0x00,0x7F,0xC0,0x09,0x80,0x7F,0xE0,0x44,0x20,0x7F,0xE0,0x44,0x20,0x7F,0xE0,0x04,0x00,0x7F,0xE0,0x18,0x60,0xE3,0xC0}},
  {0x52C8, {0x00,0x00,0x7C,0x80,0x48,0x80,0x33,0xF0,0x7C,0xA0,0x54,0xA0,0x7C,0xA0,0x54,0xA0,0x7D,0x20,0x55,0x20,0x57,0x20,0x0E,0xE0}},
  {0x52C9, {0x00,0x00,0x20,0x80,0x7C,0x80,0xCB,0xE0,0x7C,0xA0,0x54,0xA0,0x55,0x20,0x7D,0x20,0x33,0x20,0x32,0xF0,0x58,0x10,0x8F,0xE0}},
  {0x52CA, {0x00,0x00,0x10,0x80,0xFC,0x80,0x13,0xE0,0x7D,0x20,0x45,0x20,0x45,0x20,0x7D,0x20,0x33,0x20,0x32,0xD0,0x58,0x10,0x8F,0xE0}},
  {0x52CB, {0x00,0x00,0x7C,0x80,0x44,0x80,0x7D,0xF0,0x00,0xB0,0x7C,0xA0,0x54,0xA0,0x54,0xA0,0x55,0x20,0x79,0x20,0x25,0x20,0xC2,0xE0}},
  {0x52CD, {0x00,0x00,0x11,0x00,0xFD,0x80,0x03,0xF0,0x7D,0x20,0x45,0x20,0x7D,0x20,0x11,0x20,0x5D,0x20,0x57,0x20,0x92,0x20,0x74,0xE0}},
  {0x52CE, {0x00,0x00,0x11,0x80,0x7D,0x80,0x13,0xF0,0xFD,0xA0,0x29,0x20,0xC5,0x20,0x11,0x20,0x7D,0x20,0x11,0x20,0x1E,0x20,0xF2,0xE0}},
  {0x52CF, {0x00,0x00,0x10,0x80,0xFD,0x80,0x4B,0xE0,0x69,0xA0,0xFD,0xA0,0x01,0x20,0x7D,0x20,0x45,0x20,0x45,0x20,0x7E,0x20,0x42,0xE0}},
  {0x52D0, {0x00,0x00,0x7C,0x80,0x08,0x80,0xFF,0xE0,0x10,0xA0,0x30,0xA0,0x00,0xA0,0x7C,0xA0,0x2C,0xA0,0x2D,0x20,0x6F,0x20,0xFA,0xE0}},
  {0x52D1, {0x00,0x00,0x10,0x80,0xFC,0x80,0x17,0xF0,0x54,0xA0,0x7C,0xA0,0x93,0xA0,0x39,0x20,0x3D,0x20,0x57,0x20,0x93,0x20,0x12,0xE0}},
  {0x52D2, {0x00,0x00,0x68,0x80,0xFE,0x80,0x6B,0xE0,0x78,0xA0,0x10,0xA0,0x7D,0xA0,0x55,0x20,0x7D,0x20,0x11,0x20,0xFE,0x20,0x12,0xE0}},
  {0x52D3, {0x00,0x00,0x40,0x80,0x7C,0x80,0x4B,0xF0,0x7C,0xB0,0x6C,0xB0,0x20,0xA0,0x7C,0xA0,0x45,0xA0,0x7D,0x20,0x47,0x20,0x7E,0xE0}},
  {0x52D4, {0x00,0x00,0xFE,0x80,0x20,0x80,0x7F,0xF0,0x2C,0xB0,0x3C,0xB0,0x2C,0xA0,0x2C,0xA0,0x3D,0x20,0x2D,0x20,0x7F,0x20,0x02,0xE0}},
  {0x52D6, {0x00,0x00,0x7C,0x80,0x44,0x80,0x7F,0xE0,0x44,0xA0,0x7C,0xA0,0x00,0xA0,0x7C,0xA0,0x7D,0xA0,0x7D,0x20,0x45,0x20,0x7E,0xE0}},
  {0x52D7, {0x00,0x00,0x3F,0xE0,0x20,0x20,0x3F,0xE0,0x20,0x20,0x7F,0xE0,0x44,0x80,0x7F,0xF0,0x45,0x20,0x7D,0x20,0x4F,0x20,0xF2,0xE0}},
  {0x52D8, {0x00,0x00,0x64,0x80,0xFE,0x80,0x65,0xE0,0x7C,0xA0,0x64,0xA0,0x7C,0xA0,0x64,0xA0,0xFF,0xA0,0x55,0x20,0x55,0x20,0x66,0xE0}},
  {0x52DC, {0x00,0x00,0x28,0x80,0x44,0x80,0xF9,0xF0,0x3C,0xB0,0x64,0xB0,0x00,0xA0,0xFC,0xA0,0x34,0xA0,0x6D,0x20,0xB7,0x20,0x6E,0xE0}},
  {0x52DF, {0x00,0x00,0x09,0x00,0xFF,0xF0,0x09,0x00,0x3F,0xC0,0x20,0x40,0x7F,0xE0,0x28,0xC0,0x48,0x60,0x9F,0x90,0x18,0x80,0x33,0x80}},
  {0x52E0, {0x00,0x00,0xFE,0x80,0x6A,0x80,0x6F,0xE0,0xFA,0xA0,0x38,0xA0,0x7E,0xA0,0x7A,0xA0,0x59,0x20,0x6D,0x20,0x3A,0x20,0xC2,0xE0}},
  {0x52E1, {0x00,0x00,0xFE,0x80,0x28,0x80,0xFF,0xF0,0xAC,0xA0,0xFC,0xA0,0x7D,0xA0,0x01,0x20,0xFF,0x20,0x51,0x20,0xD6,0x20,0x72,0xE0}},
  {0x52E4, {0x00,0x00,0x44,0x80,0xFE,0x80,0x45,0xE0,0x7C,0xA0,0x10,0xA0,0x7E,0xA0,0x52,0xA0,0x52,0xA0,0xFF,0x20,0x11,0x20,0xFF,0xE0}},
  {0x52E5, {0x00,0x00,0x77,0xE0,0x14,0x20,0x77,0xE0,0x77,0xE0,0x11,0x20,0x7F,0xF0,0x04,0x00,0x7F,0xE0,0x08,0x40,0x30,0x40,0x63,0xC0}},
  {0x52E7, {0x00,0x00,0x40,0x80,0x7C,0x80,0xA1,0xF0,0xFC,0xA0,0x28,0xA0,0x7C,0xA0,0xC9,0x20,0x7D,0x20,0x49,0x20,0x7F,0x20,0x02,0xE0}},
  {0x52E8, {0x00,0x00,0x20,0x80,0x78,0x80,0xFF,0xF0,0x52,0xA0,0x7C,0xA0,0x74,0xA0,0xFD,0xA0,0x7D,0x20,0x3B,0x20,0x4A,0x20,0x32,0xE0}},
  {0x52EA, {0x00,0x00,0x7C,0x80,0x30,0x80,0xFF,0xF0,0x6C,0x90,0x7E,0xB0,0xCA,0xA0,0x7C,0xA0,0x44,0xA0,0x7D,0x20,0x67,0x20,0x0E,0xE0}},
  {0x52EB, {0x00,0x00,0x7C,0x80,0x54,0x80,0xFF,0xE0,0x3C,0xA0,0xD0,0xA0,0x7C,0xA0,0x54,0xA0,0x7C,0xA0,0x55,0x20,0x55,0x20,0x7E,0xE0}},
  {0x52EC, {0x00,0x00,0x54,0x80,0x54,0x80,0x7F,0xE0,0x30,0xA0,0xFE,0xA0,0x74,0xA0,0x70,0xA0,0x7C,0xA0,0x55,0x20,0x57,0x20,0x32,0xE0}},
  {0x52ED, {0x00,0x00,0x10,0x80,0x7C,0x80,0x49,0xE0,0xFC,0xA0,0x14,0xA0,0x7C,0xA0,0x14,0xA0,0xFD,0x20,0x11,0x20,0x1F,0x20,0xF2,0xE0}},
  {0x52EF, {0x00,0x00,0x10,0x80,0xFE,0x80,0x7F,0xE0,0x6C,0xA0,0x7C,0xA0,0x44,0xA0,0x7C,0xA0,0x45,0x20,0x7D,0x20,0x07,0x20,0xF2,0xE0}},
  {0x52F2, {0x00,0x00,0x7C,0x80,0x10,0x80,0xFF,0xE0,0x14,0xA0,0x7C,0xA0,0x11,0xA0,0x7D,0x20,0x1F,0x20,0xF0,0xE0,0x48,0x20,0x49,0x20}},
  {0x52F4, {0x00,0x00,0x10,0x80,0x1C,0x80,0x7F,0xF0,0x52,0x90,0x5C,0xB0,0x7E,0xA0,0x6A,0xA0,0x7E,0xA0,0xCA,0xA0,0xF7,0x20,0x9D,0x60}},
  {0x52F6, {0x00,0x00,0x24,0x40,0x7F,0xF0,0xCA,0xA0,0x3F,0xA0,0x6F,0x60,0x21,0x40,0x2F,0xE0,0x07,0x90,0x7F,0xE0,0x18,0x20,0x63,0xC0}},
  {0x52F7, {0x00,0x00,0x10,0x00,0xFF,0x40,0x5B,0xF0,0x7E,0x10,0xFE,0x90,0x24,0x90,0x7E,0x90,0x24,0x90,0xFF,0x80,0x6F,0x20,0x31,0x60}},
  {0x52F9, {0x00,0x00,0x10,0x00,0x30,0x00,0x3F,0xE0,0x60,0x20,0xC0,0x20,0x00,0x20,0x00,0x20,0x00,0x20,0x00,0x20,0x00,0x60,0x03,0xC0}},
  {0x52FA, {0x00,0x00,0x10,0x00,0x30,0x00,0x3F,0xE0,0x60,0x20,0xC0,0x20,0x18,0x20,0x0C,0x20,0x04,0x20,0x00,0x20,0x00,0x60,0x03,0xC0}},
  {0x52FC, {0x00,0x00,0x10,0x00,0x3F,0xE0,0x48,0x20,0xC8,0x20,0x3F,0x20,0x1B,0x20,0x13,0x20,0x13,0xE0,0x61,0xA0,0x40,0x20,0x01,0xC0}},
  {0x52FD, {0x00,0x00,0x10,0x00,0x3F,0xE0,0x20,0x20,0x4C,0x20,0x88,0x20,0x0C,0x20,0x1E,0x20,0x31,0x20,0x60,0x20,0x00,0x20,0x03,0xC0}},
  {0x52FE, {0x00,0x00,0x10,0x00,0x30,0x00,0x3F,0xE0,0x68,0x20,0xC8,0x20,0x1A,0x20,0x33,0x20,0x3F,0x20,0x01,0x20,0x00,0x60,0x03,0xC0}},
  {0x5300, {0x00,0x00,0x10,0x00,0x10,0x00,0x3F,0xE0,0x60,0x20,0x58,0x20,0xC4,0x20,0x00,0x20,0x03,0xA0,0x1E,0x20,0x60,0x60,0x03,0xC0}},
  {0x5301, {0x00,0x00,0x10,0x00,0x3F,0xE0,0x64,0x20,0x44,0x20,0x1C,0x20,0x0C,0x20,0x0E,0x60,0x19,0xC0,0x30,0x70,0x60,0x40,0x47,0xC0}},
  {0x5302, {0x00,0x00,0x10,0x00,0x3F,0xE0,0x40,0x20,0xE0,0x20,0x23,0x20,0x3C,0x20,0x20,0xA0,0x21,0xA0,0x3F,0x20,0x00,0x20,0x03,0xC0}},
  {0x5303, {0x00,0x00,0x10,0x00,0x3F,0xE0,0x40,0x20,0xC6,0x20,0x44,0x20,0x4F,0x20,0x59,0xA0,0x40,0x20,0x7F,0xA0,0x00,0x20,0x03,0xC0}},
  {0x5304, {0x00,0x00,0x30,0x00,0x3F,0xE0,0x44,0x20,0x84,0x20,0x7F,0xA0,0x20,0x20,0x20,0x20,0x20,0x20,0x3F,0xA0,0x00,0x20,0x03,0xC0}},
  {0x5305, {0x00,0x00,0x10,0x00,0x30,0x00,0x3F,0xC0,0x60,0x40,0x7E,0x40,0xA2,0x40,0x3E,0x40,0x20,0x40,0x23,0xD0,0x20,0x30,0x3F,0xE0}},
  {0x5306, {0x00,0x00,0x10,0x00,0x3F,0xE0,0x65,0x20,0xC9,0x20,0x19,0x20,0x1D,0x20,0x33,0x20,0x67,0xA0,0x44,0x20,0x08,0x60,0x13,0xC0}},
  {0x5308, {0x00,0x00,0x10,0x00,0x30,0x00,0x7F,0xE0,0xC0,0x20,0x1E,0x20,0x6C,0xA0,0x7E,0xA0,0x60,0xA0,0x7F,0xA0,0x00,0x20,0x03,0xC0}},
  {0x5309, {0x00,0x00,0x30,0x00,0x3F,0xE0,0x40,0x20,0xFF,0xA0,0x25,0x20,0x05,0x20,0x7F,0xA0,0x04,0x20,0x04,0x20,0x04,0x20,0x07,0xC0}},
  {0x530B, {0x00,0x00,0x10,0x00,0x3F,0xE0,0x50,0x20,0xBF,0x20,0x24,0x20,0x7F,0xA0,0x04,0x20,0x24,0xA0,0x3F,0xA0,0x00,0x20,0x03,0xC0}},
  {0x530C, {0x00,0x00,0x10,0x00,0x3F,0xE0,0x4C,0x20,0x9A,0x20,0x7F,0xA0,0x00,0x20,0x3F,0x20,0x21,0x20,0x3F,0x20,0x20,0x20,0x03,0xC0}},
  {0x530D, {0x00,0x00,0x10,0x00,0x3F,0xE0,0x45,0x20,0xFF,0xE0,0x04,0x20,0x7F,0xA0,0x44,0xA0,0x7F,0xA0,0x44,0xA0,0x7F,0xA0,0x47,0xE0}},
  {0x530E, {0x00,0x00,0x30,0x00,0x3F,0xE0,0x48,0x20,0xFF,0xA0,0x13,0x20,0x3F,0xA0,0x25,0x20,0x3F,0xA0,0x07,0xA0,0x00,0x20,0x01,0xC0}},
  {0x530F, {0x00,0x00,0x21,0x00,0xFB,0xE0,0x3A,0x20,0x47,0xA0,0xFA,0xA0,0x03,0xA0,0x7A,0x20,0x42,0xC0,0x7A,0x10,0x0A,0x10,0x31,0xE0}},
  {0x5311, {0x00,0x00,0x30,0x00,0x3F,0xE0,0x50,0x20,0xFB,0xA0,0x28,0xA0,0x3B,0xA0,0x2A,0x20,0x7B,0xA0,0x18,0xA0,0x68,0xA0,0x1B,0xE0}},
  {0x5312, {0x00,0x00,0x10,0x00,0x3F,0xE0,0x52,0x20,0xFF,0xA0,0x1E,0x20,0x33,0x20,0x7F,0xA0,0x21,0x20,0x3F,0x20,0x20,0x20,0x01,0xC0}},
  {0x5313, {0x00,0x00,0x30,0x00,0x3F,0xE0,0x60,0x20,0x7B,0xA0,0xCA,0xA0,0x3C,0xA0,0x0F,0xA0,0x32,0xA0,0x0B,0xA0,0x7E,0xA0,0x01,0xC0}},
  {0x5314, {0x00,0x00,0x30,0x00,0x3F,0xE0,0x50,0x20,0xFB,0xA0,0x2A,0xA0,0x3B,0xA0,0x2B,0xA0,0x7A,0xA0,0x1B,0xA0,0x68,0x20,0x39,0xC0}},
  {0x5315, {0x00,0x00,0x20,0x00,0x20,0x60,0x20,0xC0,0x23,0x00,0x2E,0x00,0x38,0x00,0x20,0x00,0x20,0x20,0x20,0x20,0x30,0x20,0x1F,0xE0}},
  {0x5316, {0x00,0x00,0x12,0x00,0x12,0x00,0x22,0x20,0x22,0x60,0x63,0xC0,0xE3,0x00,0xA6,0x00,0x2A,0x10,0x22,0x10,0x23,0x30,0x21,0xE0}},
  {0x5317, {0x00,0x00,0x09,0x00,0x09,0x00,0x09,0x20,0xF9,0x60,0x09,0x80,0x09,0x00,0x09,0x00,0x39,0x10,0x69,0x10,0x89,0x30,0x09,0xE0}},
  {0x5318, {0x00,0x00,0x44,0xA0,0x45,0x60,0x49,0x40,0x55,0xA0,0x63,0x00,0x4F,0xE0,0x4A,0x60,0x5B,0xA0,0x5B,0xE0,0x68,0x60,0x0F,0xE0}},
  {0x5319, {0x00,0x00,0x7D,0x80,0x45,0x80,0x7D,0xA0,0x45,0xC0,0x7D,0x80,0x05,0x80,0xFF,0x80,0x51,0xB0,0x5E,0xE0,0x70,0x00,0x9F,0xF0}},
  {0x531A, {0x00,0x00,0x7F,0xE0,0x60,0x00,0x60,0x00,0x60,0x00,0x60,0x00,0x60,0x00,0x60,0x00,0x60,0x00,0x60,0x00,0x60,0x00,0x7F,0xE0}},
  {0x531B, {0x00,0x00,0x7F,0xF0,0x44,0x00,0x4F,0x80,0x48,0x80,0x51,0x80,0x51,0x00,0x43,0x80,0x46,0xC0,0x58,0x60,0x50,0x20,0x7F,0xF0}},
  {0x531D, {0x00,0x00,0x7F,0xF0,0x40,0x00,0x42,0x00,0x5F,0xE0,0x52,0x60,0x52,0x60,0x52,0x60,0x53,0xC0,0x42,0x00,0x40,0x00,0x7F,0xF0}},
  {0x531E, {0x00,0x00,0x7F,0xF0,0x40,0x00,0x40,0x00,0x5F,0xE0,0x42,0x00,0x42,0x00,0x42,0x00,0x5F,0xE0,0x40,0x00,0x40,0x00,0x7F,0xF0}},
  {0x5320, {0x00,0x00,0x7F,0xF0,0x40,0x00,0x41,0xC0,0x4E,0x00,0x48,0x00,0x4F,0xE0,0x48,0x80,0x50,0x80,0x50,0x80,0x40,0x00,0x7F,0xF0}},
  {0x5321, {0x00,0x00,0x7F,0xE0,0x40,0x00,0x5F,0xE0,0x42,0x00,0x42,0x00,0x5F,0xC0,0x42,0x00,0x42,0x00,0x5F,0xE0,0x40,0x00,0x7F,0xF0}},
  {0x5322, {0x00,0x00,0x7F,0xF0,0x48,0x00,0x5F,0xE0,0x55,0xA0,0x65,0x20,0x49,0x20,0x5A,0x20,0x76,0x20,0x4D,0xC0,0x40,0x00,0x7F,0xF0}},
  {0x5323, {0x00,0x00,0x7F,0xE0,0x40,0x00,0x5F,0xE0,0x52,0x20,0x5F,0xE0,0x52,0x20,0x5F,0xE0,0x52,0x20,0x42,0x00,0x42,0x00,0x7F,0xF0}},
  {0x5324, {0x00,0x00,0x7F,0xF0,0x40,0x00,0x5F,0xE0,0x42,0x00,0x42,0x00,0x5F,0xC0,0x42,0x80,0x42,0x40,0x7F,0xE0,0x40,0x00,0x7F,0xF0}},
  {0x5325, {0x00,0x00,0x7F,0xF0,0x46,0x00,0x4C,0x80,0x5F,0xC0,0x40,0x00,0x48,0x80,0x5F,0xE0,0x48,0x80,0x48,0x80,0x50,0x80,0x7F,0xF0}},
  {0x5326, {0x00,0x00,0x7F,0xE0,0x49,0x00,0x5D,0x00,0x59,0xC0,0x59,0x40,0x5D,0x40,0x49,0x50,0x7F,0x40,0x4A,0x60,0x40,0x00,0x7F,0xF0}},
  {0x5327, {0x00,0x00,0x7F,0xF0,0x42,0x00,0x7F,0xE0,0x4A,0x40,0x5A,0xC0,0x5E,0xE0,0x47,0x00,0x4D,0x80,0x58,0x60,0x40,0x00,0x7F,0xF0}},
  {0x5328, {0x00,0x00,0x7F,0xF0,0x40,0x00,0x54,0x80,0x54,0x80,0x5F,0xE0,0x44,0x80,0x7C,0x80,0x54,0x80,0x77,0xE0,0x40,0x00,0x7F,0xF0}},
  {0x5329, {0x00,0x00,0x7F,0xF0,0x52,0x20,0x5F,0xE0,0x42,0x00,0x5F,0xE0,0x42,0x00,0x5F,0xC0,0x42,0x00,0x5F,0xE0,0x40,0x00,0x7F,0xF0}},
  {0x532A, {0x00,0x00,0x7F,0xF0,0x45,0x80,0x45,0x80,0x7D,0xE0,0x45,0x80,0x5D,0xE0,0x45,0x80,0x7D,0xF0,0x45,0x80,0x45,0x80,0x7F,0xF0}},
  {0x532B, {0x00,0x00,0x7F,0xF0,0x48,0x00,0x5F,0xE0,0x65,0x20,0x5A,0xC0,0x40,0x00,0x5F,0xE0,0x50,0x20,0x5F,0xE0,0x40,0x00,0x7F,0xF0}},
  {0x532E, {0x00,0x00,0x7F,0xE0,0x42,0x00,0x5F,0xC0,0x52,0x40,0x5F,0xC0,0x42,0x00,0x5F,0xE0,0x52,0x40,0x57,0xC0,0x58,0x40,0x7F,0xF0}},
  {0x5330, {0x00,0x00,0x7F,0xF0,0x40,0x00,0x5D,0xE0,0x40,0x00,0x5F,0xE0,0x52,0x20,0x5F,0xE0,0x42,0x00,0x7F,0xE0,0x42,0x00,0x7F,0xF0}},
  {0x5334, {0x00,0x00,0x7F,0xF0,0x40,0x00,0x5F,0xE0,0x5F,0xE0,0x50,0x20,0x5F,0xE0,0x50,0x20,0x5F,0xE0,0x7F,0xE0,0x58,0x80,0x7F,0xF0}},
  {0x5335, {0x00,0x00,0x7F,0xF0,0x40,0x00,0x7F,0xE0,0x7F,0xE0,0x64,0xA0,0x7F,0xE0,0x5F,0xE0,0x50,0x20,0x5F,0xE0,0x5C,0xE0,0x7F,0xF0}},
  {0x5337, {0x00,0x00,0x7F,0xF0,0x40,0x00,0x5D,0xE0,0x51,0x20,0x5D,0xE0,0x49,0x00,0x5F,0xE0,0x51,0x00,0x5F,0xE0,0x40,0x00,0x7F,0xF0}},
  {0x5338, {0x00,0x00,0xFF,0xF0,0x60,0x00,0x60,0x00,0x60,0x00,0x60,0x00,0x60,0x00,0x60,0x00,0x60,0x00,0x60,0x00,0x60,0x00,0x7F,0xE0}},
  {0x5339, {0x00,0x00,0x7F,0xF0,0x4D,0x00,0x49,0x00,0x49,0x00,0x49,0x00,0x49,0x20,0x59,0xA0,0x70,0xE0,0x40,0x00,0x40,0x00,0x7F,0xF0}},
  {0x533A, {0x00,0x00,0x7F,0xE0,0x40,0x00,0x50,0x40,0x4C,0x80,0x47,0x00,0x47,0x00,0x4D,0x80,0x58,0xC0,0x40,0x00,0x40,0x00,0x7F,0xE0}},
  {0x533B, {0x00,0x00,0x7F,0xF0,0x48,0x00,0x4F,0xE0,0x53,0x00,0x43,0x00,0x5F,0xE0,0x43,0x00,0x4D,0xC0,0x58,0x60,0x40,0x00,0x7F,0xF0}},
  {0x533C, {0x00,0x00,0x7F,0xF0,0x43,0x00,0x47,0x80,0x58,0xE0,0x7F,0xE0,0x40,0x00,0x5F,0xC0,0x50,0x40,0x5F,0xC0,0x50,0x00,0x7F,0xF0}},
  {0x533E, {0x00,0x00,0x7F,0xE0,0x42,0x00,0x5F,0xE0,0x50,0x20,0x5F,0xE0,0x50,0x00,0x5F,0xE0,0x6A,0xA0,0x6F,0xE0,0x4A,0xA0,0x7F,0xF0}},
  {0x533F, {0x00,0x00,0x7F,0xF0,0x48,0x80,0x7F,0xE0,0x4E,0x80,0x7F,0xE0,0x48,0x00,0x5F,0xC0,0x68,0x40,0x4F,0xC0,0x40,0x00,0x7F,0xF0}},
  {0x5341, {0x00,0x00,0x06,0x00,0x06,0x00,0x06,0x00,0x06,0x00,0xFF,0xF0,0x06,0x00,0x06,0x00,0x06,0x00,0x06,0x00,0x06,0x00,0x06,0x00}},
  {0x5342, {0x00,0x00,0x7F,0xC0,0x08,0x40,0x08,0x40,0x08,0x40,0x08,0x40,0xFF,0xC0,0x08,0x40,0x08,0x40,0x08,0x50,0x08,0x70,0x08,0x30}},
  {0x5343, {0x00,0x00,0x03,0xE0,0x7F,0x00,0x06,0x00,0x06,0x00,0x06,0x00,0xFF,0xF0,0x06,0x00,0x06,0x00,0x06,0x00,0x06,0x00,0x06,0x00}},
  {0x5344, {0x00,0x00,0x11,0x80,0x11,0x80,0x11,0x80,0x11,0x80,0x11,0x80,0xFF,0xF0,0x11,0x80,0x11,0x80,0x11,0x80,0x11,0x80,0x11,0x80}},
  {0x5345, {0x00,0x00,0x22,0x40,0x22,0x40,0x22,0x40,0x22,0x40,0xFF,0xF0,0x22,0x40,0x22,0x40,0x22,0x40,0x22,0x40,0x42,0x40,0x42,0x40}},
  {0x5346, {0x00,0x00,0x08,0x00,0x7F,0x80,0x18,0x80,0x10,0x90,0x30,0x90,0xC6,0xE0,0x06,0x00,0xFF,0xF0,0x06,0x00,0x06,0x00,0x06,0x00}},
  {0x5347, {0x00,0x00,0x0E,0x80,0x78,0x80,0x10,0x80,0x10,0x80,0xFF,0xF0,0x10,0x80,0x10,0x80,0x10,0x80,0x30,0x80,0x20,0x80,0x40,0x80}},
  {0x5348, {0x00,0x00,0x10,0x00,0x30,0x00,0x3F,0xE0,0x62,0x00,0x42,0x00,0x02,0x00,0xFF,0xF0,0x02,0x00,0x02,0x00,0x02,0x00,0x02,0x00}},
  {0x5349, {0x00,0x00,0x06,0x00,0x06,0x00,0x7F,0xE0,0x06,0x00,0x16,0x80,0x10,0x80,0xFF,0xF0,0x30,0x80,0x20,0x80,0x60,0x80,0xC0,0x80}},
  {0x534A, {0x00,0x00,0x06,0x00,0x66,0x60,0x36,0xC0,0x06,0x00,0x7F,0xE0,0x06,0x00,0x06,0x00,0xFF,0xF0,0x06,0x00,0x06,0x00,0x06,0x00}},
  {0x534C, {0x00,0x00,0x69,0x60,0x69,0x60,0x69,0x60,0x69,0x60,0x69,0x60,0xFF,0xF0,0x69,0x60,0x69,0x60,0x69,0x60,0x69,0x60,0x69,0x60}},
  {0x534D, {0x00,0x00,0xFE,0x20,0x06,0x20,0x06,0x20,0x06,0x20,0x06,0x20,0x7F,0xE0,0x46,0x00,0x46,0x00,0x46,0x00,0x46,0x00,0x47,0xF0}},
  {0x534E, {0x00,0x00,0x12,0x00,0x12,0x20,0x23,0xC0,0x63,0x80,0xA7,0x10,0x3B,0x30,0x21,0xE0,0x06,0x00,0xFF,0xF0,0x06,0x00,0x06,0x00}},
  {0x5350, {0x00,0x00,0x47,0xF0,0x46,0x00,0x46,0x00,0x46,0x00,0x46,0x00,0x7F,0xE0,0x06,0x20,0x06,0x20,0x06,0x20,0x06,0x20,0xFE,0x20}},
  {0x5351, {0x00,0x00,0x0C,0x00,0x7F,0xC0,0x44,0x40,0x7F,0xC0,0x44,0x40,0x7F,0xC0,0x1A,0x40,0x32,0x00,0xFF,0xF0,0x02,0x00,0x02,0x00}},
  {0x5352, {0x00,0x00,0x04,0x00,0x06,0x00,0x7F,0xE0,0x10,0x80,0x31,0x80,0x29,0x40,0x4A,0x20,0x06,0x00,0xFF,0xF0,0x06,0x00,0x06,0x00}},
  {0x5353, {0x00,0x00,0x04,0x00,0x07,0xE0,0x04,0x00,0x3F,0xC0,0x20,0x40,0x3F,0xC0,0x20,0x40,0x3F,0xC0,0x06,0x00,0xFF,0xF0,0x06,0x00}},
  {0x5355, {0x10,0x80,0x19,0x80,0x7F,0xE0,0x46,0x20,0x7F,0xE0,0x46,0x20,0x7F,0xE0,0x46,0x20,0x06,0x00,0xFF,0xF0,0x06,0x00,0x06,0x00}},
  {0x5356, {0x00,0x00,0x06,0x00,0x7F,0xE0,0x06,0x00,0x7F,0xE0,0x30,0x20,0x0B,0x20,0x22,0x00,0x1A,0x00,0xFF,0xF0,0x0F,0x80,0x70,0x60}},
  {0x5357, {0x00,0x00,0x06,0x00,0xFF,0xF0,0x06,0x00,0x7F,0xE0,0x49,0x20,0x49,0x20,0x5F,0xA0,0x46,0x20,0x7F,0xE0,0x46,0x20,0x46,0xE0}},
  {0x535A, {0x00,0x00,0x41,0x40,0x41,0x00,0x5F,0xF0,0xE9,0x20,0x4F,0xE0,0x49,0x20,0x4F,0xE0,0x48,0x20,0x5F,0xF0,0x40,0x40,0x47,0xC0}},
  {0x535B, {0x00,0x00,0x04,0x40,0x4F,0xA0,0xF0,0xE0,0x5F,0x60,0x70,0xF0,0x1F,0x00,0xB9,0xF0,0xBF,0x80,0x00,0x00,0x7F,0xF0,0x06,0x00}},
  {0x535C, {0x00,0x00,0x0C,0x00,0x0C,0x00,0x0C,0x00,0x0E,0x00,0x0F,0x00,0x0C,0xC0,0x0C,0x60,0x0C,0x00,0x0C,0x00,0x0C,0x00,0x0C,0x00}},
  {0x535D, {0x00,0x00,0x09,0x00,0x09,0x00,0x09,0x00,0x09,0x00,0x09,0x00,0xF9,0xF0,0x09,0x00,0x09,0x00,0x09,0x00,0x09,0x00,0x09,0x00}},
  {0x535E, {0x00,0x00,0x04,0x00,0x06,0x00,0xFF,0xF0,0x04,0x00,0x04,0x00,0x07,0x00,0x05,0xC0,0x04,0x60,0x04,0x00,0x04,0x00,0x04,0x00}},
  {0x535F, {0x00,0x00,0x01,0x00,0x79,0x00,0x49,0x00,0x49,0x80,0x49,0xC0,0x49,0x60,0x49,0x30,0x49,0x00,0x79,0x00,0x49,0x00,0x01,0x00}},
  {0x5360, {0x00,0x00,0x04,0x00,0x04,0x00,0x07,0xF0,0x04,0x00,0x04,0x00,0x3F,0xC0,0x20,0x40,0x20,0x40,0x20,0x40,0x3F,0xC0,0x20,0x40}},
  {0x5361, {0x00,0x00,0x04,0x00,0x04,0x00,0x07,0xE0,0x04,0x00,0x04,0x00,0xFF,0xF0,0x04,0x00,0x07,0x80,0x04,0x60,0x04,0x00,0x04,0x00}},
  {0x5362, {0x00,0x00,0x04,0x00,0x07,0xF0,0x04,0x00,0x3F,0xE0,0x20,0x20,0x60,0x20,0x7F,0xE0,0x40,0x20,0x40,0x00,0x40,0x00,0x80,0x00}},
  {0x5363, {0x00,0x00,0x04,0x00,0x07,0xE0,0x04,0x00,0x7F,0xE0,0x40,0x20,0x7F,0x20,0x41,0x20,0x7F,0x20,0x40,0x20,0x7F,0xE0,0x00,0x00}},
  {0x5364, {0x00,0x00,0x04,0x00,0x07,0xE0,0x04,0x00,0x7F,0xE0,0x50,0xA0,0x4D,0x20,0x46,0x20,0x4D,0x20,0x50,0xA0,0x7F,0xE0,0x00,0x00}},
  {0x5366, {0x00,0x00,0x11,0x80,0x11,0x80,0x7F,0x80,0x11,0xC0,0xFF,0xC0,0x11,0xA0,0x11,0x90,0x7F,0x80,0x11,0x80,0x1F,0x80,0xF1,0x80}},
  {0x5367, {0x00,0x00,0x7E,0x80,0x48,0x80,0x48,0x80,0x7E,0xC0,0x46,0xA0,0x46,0xB0,0x7E,0x80,0x48,0x80,0x48,0x80,0x48,0x80,0x7E,0x80}},
  {0x5369, {0x00,0x00,0x07,0xE0,0x06,0x20,0x06,0x20,0x06,0x20,0x06,0x20,0x06,0x20,0x06,0x20,0x07,0xE0,0x06,0x00,0x06,0x00,0x00,0x00}},
  {0x536A, {0x00,0x00,0x1F,0x80,0x10,0x80,0x10,0x80,0x14,0x80,0x12,0x80,0x10,0x80,0x10,0x80,0x10,0x80,0x17,0x80,0x10,0x00,0x10,0x00}},
  {0x536B, {0x00,0x00,0x7F,0xE0,0x08,0x20,0x08,0x60,0x08,0x60,0x08,0x60,0x08,0x40,0x0B,0xC0,0x08,0x00,0x08,0x00,0x08,0x00,0xFF,0xF0}},
  {0x536C, {0x00,0x00,0x1F,0xE0,0x62,0x20,0x42,0x20,0x42,0x20,0x42,0x20,0x42,0x20,0x42,0x20,0x5E,0x20,0x72,0xE0,0x02,0x00,0x02,0x00}},
  {0x536D, {0x00,0x00,0xFB,0xE0,0x22,0x20,0x22,0x20,0x22,0x20,0x22,0x20,0x22,0x20,0x22,0x20,0x3E,0x20,0xFA,0xE0,0x02,0x00,0x02,0x00}},
  {0x536F, {0x00,0x00,0x18,0x00,0x61,0xE0,0x49,0x20,0x49,0x20,0x49,0x20,0x49,0x20,0x79,0x20,0x49,0x20,0x19,0xE0,0x31,0x00,0x41,0x00}},
  {0x5370, {0x00,0x00,0x18,0x00,0x63,0xE0,0x42,0x20,0x42,0x20,0x7A,0x20,0x42,0x20,0x42,0x20,0x42,0x20,0x4E,0x20,0x7A,0xE0,0x42,0x00}},
  {0x5371, {0x00,0x00,0x10,0x00,0x3F,0x80,0x61,0x80,0xFF,0xF0,0x20,0x00,0x2F,0xC0,0x28,0x40,0x48,0xC0,0x49,0xA0,0x48,0x20,0x8F,0xE0}},
  {0x5372, {0x00,0x00,0x7D,0xE0,0x25,0x20,0x25,0x20,0x45,0x20,0xDD,0x20,0x01,0x20,0x7D,0x20,0x45,0x20,0x45,0xE0,0x45,0x00,0x7D,0x00}},
  {0x5373, {0x00,0x00,0x7D,0xE0,0x45,0x20,0x7D,0x20,0x45,0x20,0x45,0x20,0x7D,0x20,0x45,0x20,0x49,0x20,0x4D,0x20,0x75,0xE0,0x41,0x00}},
  {0x5374, {0x00,0x00,0x10,0x00,0x11,0xE0,0x7D,0x20,0x11,0x20,0x11,0x20,0xFF,0x20,0x21,0x20,0x69,0x20,0x7D,0xE0,0xC5,0x00,0x01,0x00}},
  {0x5375, {0x00,0x00,0x19,0xE0,0x61,0x20,0x49,0xA0,0x79,0xA0,0x59,0xE0,0x49,0x20,0x79,0x20,0x69,0x20,0x19,0xE0,0x31,0x00,0x41,0x00}},
  {0x5376, {0x00,0x00,0x21,0xE0,0x3F,0x20,0x45,0x20,0x39,0x20,0x31,0x20,0x71,0x20,0x3F,0x20,0x65,0x20,0x3D,0xE0,0x31,0x00,0xE1,0x00}},
  {0x5377, {0x00,0x00,0x26,0x40,0x14,0x80,0x7F,0xE0,0x08,0x00,0xFF,0xF0,0x10,0xC0,0x7F,0xF0,0xD0,0x80,0x13,0x00,0x10,0x60,0x1F,0xC0}},
  {0x5378, {0x00,0x00,0x20,0x00,0x7F,0xE0,0xD1,0x20,0x11,0x20,0xFF,0x20,0x11,0x20,0x5F,0x20,0x51,0x20,0x7F,0xE0,0xE1,0x00,0x01,0x00}},
  {0x537E, {0x00,0x00,0x6F,0xE0,0x0B,0xA0,0x6F,0xA0,0x01,0xA0,0x7D,0xA0,0x01,0xA0,0xFF,0xA0,0x41,0xA0,0x7D,0xE0,0x05,0x80,0x1D,0x80}},
  {0x537F, {0x00,0x00,0x30,0xE0,0x4E,0xA0,0x58,0xA0,0x5E,0xA0,0x58,0xA0,0x78,0xA0,0xE8,0xA0,0x2E,0xA0,0x2A,0xE0,0x4E,0x80,0xC1,0x80}},
  {0x5381, {0x00,0x00,0x19,0x60,0x7D,0xE0,0x11,0x60,0x7C,0xF0,0x53,0xE0,0x74,0x60,0x00,0x00,0x7F,0xE0,0x04,0x20,0x04,0xC0,0x04,0x00}},
  {0x5382, {0x00,0x00,0x3F,0xF0,0x20,0x00,0x20,0x00,0x20,0x00,0x20,0x00,0x20,0x00,0x20,0x00,0x60,0x00,0x40,0x00,0x40,0x00,0x80,0x00}},
  {0x5384, {0x00,0x00,0x7F,0xF0,0x60,0x00,0x60,0x00,0x60,0x00,0x6F,0xC0,0x68,0x40,0x48,0x40,0x49,0xD0,0x48,0x30,0x48,0x20,0x8F,0xE0}},
  {0x5385, {0x00,0x00,0x7F,0xF0,0x60,0x00,0x60,0x00,0x7F,0xF0,0x61,0x00,0x61,0x00,0x41,0x00,0x41,0x00,0x41,0x00,0x41,0x00,0x86,0x00}},
  {0x5386, {0x00,0x00,0x7F,0xF0,0x60,0x00,0x62,0x00,0x62,0x00,0x7F,0xE0,0x66,0x20,0x46,0x20,0x44,0x20,0x4C,0x20,0x58,0x60,0xB1,0xC0}},
  {0x5387, {0x00,0x00,0x7F,0xF0,0x60,0x00,0x67,0xC0,0x6F,0x00,0x63,0x00,0x43,0xF0,0x5F,0x00,0x43,0x10,0x43,0x10,0xC3,0x30,0x81,0xE0}},
  {0x5388, {0x00,0x00,0x7F,0xF0,0x60,0x00,0x60,0x00,0x6F,0xE0,0x61,0x00,0x61,0x00,0x7F,0xF0,0x41,0x00,0x41,0x00,0xC1,0x00,0x81,0x00}},
  {0x538A, {0x00,0x00,0x7F,0xF0,0x40,0x00,0x40,0x00,0x5F,0xE0,0x48,0x80,0x58,0x80,0x5F,0xF0,0x43,0x80,0x46,0x80,0xD8,0x80,0x83,0x80}},
  {0x538B, {0x00,0x00,0x7F,0xF0,0x61,0x00,0x61,0x00,0x61,0x00,0x7F,0xE0,0x61,0x00,0x61,0x40,0x41,0x40,0x41,0x60,0x41,0x20,0x81,0x00}},
  {0x538C, {0x00,0x00,0x7F,0xF0,0x60,0x00,0x63,0x40,0x63,0x40,0x63,0x00,0x7F,0xF0,0x43,0x00,0x43,0x00,0x44,0x80,0x48,0x40,0x90,0x20}},
  {0x538D, {0x00,0x00,0x7F,0xF0,0x44,0x00,0x44,0x00,0x7F,0xE0,0x48,0x00,0x49,0x00,0x59,0x00,0x5F,0xE0,0x5F,0xF0,0xC1,0x00,0x81,0x00}},
  {0x538E, {0x00,0x00,0x7F,0xF0,0x40,0x00,0x40,0xE0,0x5F,0x00,0x59,0x00,0x59,0x00,0x5F,0xF0,0x59,0x00,0x5A,0x90,0xDE,0xF0,0x81,0x20}},
  {0x538F, {0x00,0x00,0x7F,0xF0,0x48,0x00,0x48,0x00,0x4F,0xE0,0x54,0x00,0x57,0xE0,0x44,0x00,0x44,0x00,0x47,0xE0,0xC4,0x00,0x84,0x00}},
  {0x5390, {0x00,0x00,0x7F,0xF0,0x44,0x80,0x44,0x40,0x7F,0xF0,0x4D,0x00,0x49,0x20,0x49,0x40,0x49,0x90,0x53,0x10,0xD7,0x10,0xA5,0xE0}},
  {0x5392, {0x00,0x00,0x7F,0xF0,0x40,0x00,0x48,0x00,0x4F,0xE0,0x51,0x00,0x51,0x00,0x7F,0xF0,0x41,0x20,0x51,0x20,0xD1,0x20,0x9F,0xE0}},
  {0x5395, {0x00,0x00,0x7F,0xF0,0x40,0x00,0x5F,0x20,0x51,0xA0,0x55,0xA0,0x55,0xA0,0x55,0xA0,0x55,0xA0,0x4C,0xA0,0xDA,0x20,0xB1,0xE0}},
  {0x5396, {0x00,0x00,0x7F,0xF0,0x44,0x80,0x44,0x40,0x7F,0xF0,0x47,0xC0,0x4F,0x40,0x4B,0xC0,0x4B,0x60,0x5B,0x90,0xDF,0x30,0xA1,0xE0}},
  {0x5397, {0x00,0x00,0x7F,0xF0,0x43,0x00,0x5F,0xE0,0x48,0x40,0x44,0x80,0x7F,0xF0,0x41,0x00,0x41,0x00,0x5F,0xE0,0xC1,0x00,0x81,0x00}},
  {0x5398, {0x00,0x00,0x7F,0xF0,0x40,0x00,0x5F,0xE0,0x53,0x20,0x5F,0xE0,0x53,0x20,0x5F,0xE0,0x43,0x00,0x5F,0xE0,0x43,0x00,0xBF,0xF0}},
  {0x539A, {0x00,0x00,0x7F,0xF0,0x50,0x20,0x5F,0xE0,0x50,0x20,0x50,0x20,0x5F,0xE0,0x4F,0xE0,0x40,0xC0,0x7F,0xF0,0x41,0x00,0x87,0x00}},
  {0x539B, {0x00,0x00,0x7F,0xF0,0x40,0x00,0x5D,0xE0,0x55,0x00,0x55,0x00,0x55,0xF0,0x55,0x40,0x55,0x40,0x5E,0x40,0xD2,0x40,0x82,0x40}},
  {0x539C, {0x00,0x00,0x7F,0xF0,0x40,0x00,0x5F,0xE0,0x41,0x00,0x5F,0xE0,0x49,0x40,0x7F,0xF0,0x49,0x40,0x5F,0xF0,0xC1,0x00,0x9F,0xE0}},
  {0x539D, {0x00,0x00,0x7F,0xF0,0x48,0x80,0x7F,0xE0,0x48,0x80,0x48,0x80,0x7F,0xF0,0x5F,0xE0,0x50,0x20,0x5F,0xE0,0x50,0x20,0x9F,0xE0}},
  {0x539E, {0x00,0x00,0x7F,0xF0,0x44,0x80,0x44,0x80,0x7C,0xF0,0x44,0x80,0x44,0x80,0x5C,0xE0,0x44,0x80,0x7C,0xF0,0xC4,0x80,0x84,0x80}},
  {0x539F, {0x00,0x00,0x7F,0xF0,0x42,0x00,0x4F,0xE0,0x48,0x20,0x4F,0xE0,0x48,0x20,0x4F,0xE0,0x41,0x00,0x49,0x40,0xD1,0x20,0xB6,0x10}},
  {0x53A1, {0x00,0x00,0x7F,0xF0,0x42,0x00,0x4F,0xE0,0x48,0x20,0x4F,0xE0,0x48,0x20,0x4F,0xE0,0x41,0x20,0x5D,0xC0,0xD9,0x60,0x87,0x00}},
  {0x53A2, {0x00,0x00,0x7F,0xF0,0x40,0x00,0x49,0xE0,0x49,0x20,0x5F,0xE0,0x49,0x20,0x5F,0xE0,0x59,0x20,0x69,0x20,0xC9,0xE0,0x89,0x20}},
  {0x53A5, {0x00,0x00,0x7F,0xF0,0x40,0x00,0x52,0x80,0x56,0x80,0x7F,0xF0,0x5B,0xA0,0x5A,0x80,0x5A,0xC0,0x5E,0xC0,0xC9,0x20,0x92,0x30}},
  {0x53A6, {0x00,0x00,0x7F,0xF0,0x40,0x00,0x7F,0xE0,0x42,0x00,0x5F,0xE0,0x50,0x20,0x5F,0xE0,0x48,0x00,0x5F,0xC0,0xF7,0x80,0x9C,0xF0}},
  {0x53A7, {0x00,0x00,0x7F,0xF0,0x40,0x00,0x5F,0xE0,0x41,0x00,0x4F,0xE0,0x48,0x20,0x4F,0xE0,0x48,0x20,0x7F,0xF0,0xCC,0xC0,0x90,0x20}},
  {0x53A8, {0x00,0x00,0x7F,0xF0,0x40,0x20,0x5E,0x20,0x41,0xF0,0x5E,0x20,0x53,0x20,0x5E,0xA0,0x52,0xA0,0x56,0x20,0xCE,0x20,0xB8,0xC0}},
  {0x53AB, {0x00,0x00,0x7F,0xF0,0x48,0x80,0x7E,0x80,0x49,0xF0,0x5F,0xA0,0x7E,0xA0,0x58,0xA0,0x5E,0xC0,0x52,0x40,0xF2,0xA0,0xAF,0x10}},
  {0x53AC, {0x00,0x00,0x7F,0xF0,0x40,0x00,0x5F,0xE0,0x50,0x20,0x5F,0xE0,0x5E,0xE0,0x6E,0xB0,0x7B,0xF0,0x5F,0xE0,0xD0,0x20,0x9F,0xE0}},
  {0x53AE, {0x00,0x00,0x7F,0xF0,0x52,0x20,0x7F,0xC0,0x52,0x80,0x5E,0x80,0x52,0xF0,0x5E,0xA0,0x52,0xA0,0x53,0x20,0xFF,0x20,0xB5,0x20}},
  {0x53B1, {0x00,0x00,0x7F,0xF0,0x43,0x00,0x44,0x80,0x7F,0xE0,0x60,0x00,0x5F,0xE0,0x53,0x20,0x5F,0xE0,0x48,0x80,0xDD,0xE0,0xB1,0x30}},
  {0x53B5, {0x00,0x00,0x7F,0xE0,0x42,0x00,0x5F,0xC0,0x49,0x00,0x56,0x60,0x00,0x00,0x7F,0xF0,0x66,0x00,0x7E,0xE0,0x3A,0x60,0xF7,0xD0}},
  {0x53B7, {0x00,0x00,0x04,0x00,0xFF,0xF0,0x08,0x00,0x19,0x00,0x12,0x00,0x32,0x00,0x24,0x80,0x44,0x40,0x88,0x60,0x19,0xE0,0x1E,0x20}},
  {0x53B8, {0x00,0x00,0x10,0x40,0x30,0x80,0x20,0x80,0x20,0x80,0x31,0xC0,0x49,0x20,0x49,0x20,0x4B,0x20,0xFF,0xF0,0x04,0x10,0x04,0x10}},
  {0x53B9, {0x00,0x00,0x08,0x00,0x7F,0x80,0x18,0x80,0x10,0x90,0x30,0x90,0xC4,0xE0,0x08,0x00,0x19,0x80,0x10,0xC0,0x23,0xC0,0x7C,0x20}},
  {0x53BA, {0x00,0x00,0x04,0x00,0x7F,0xF0,0x09,0x00,0x19,0x80,0x70,0xE0,0xC4,0x20,0x09,0x00,0x18,0x80,0x10,0xC0,0x23,0xE0,0x7E,0x20}},
  {0x53BB, {0x00,0x00,0x06,0x00,0x06,0x00,0x7F,0xE0,0x06,0x00,0x06,0x00,0x06,0x00,0xFF,0xF0,0x0C,0x00,0x18,0x80,0x33,0xC0,0x78,0x20}},
  {0x53BC, {0x00,0x00,0x04,0x00,0x08,0x00,0x10,0x80,0x20,0xC0,0x7F,0xE0,0x02,0x20,0x02,0x00,0x22,0x40,0x42,0x20,0xC6,0x30,0x1C,0x00}},
  {0x53BD, {0x00,0x00,0x04,0x00,0x08,0x00,0x10,0xC0,0x37,0xE0,0x78,0x20,0x00,0x80,0x20,0x80,0x21,0x60,0x49,0x20,0x4B,0xE0,0xFE,0x10}},
  {0x53BE, {0x00,0x00,0x7F,0xC0,0x08,0x40,0x08,0x40,0x7F,0x40,0x08,0x40,0x08,0x40,0xFF,0xC0,0x10,0x40,0x22,0x50,0x67,0x70,0x79,0x20}},
  {0x53BF, {0x00,0x00,0x3F,0xC0,0x20,0x40,0x3F,0xC0,0x20,0x40,0x3F,0xC0,0x20,0x40,0xFF,0xF0,0x18,0x00,0x10,0x80,0x27,0xC0,0x78,0x20}},
  {0x53C0, {0x00,0x00,0x06,0x00,0xFF,0xF0,0x7F,0xE0,0x46,0x20,0x7F,0xE0,0x46,0x20,0x7F,0xE0,0x08,0x00,0x10,0x80,0x33,0xE0,0x7C,0x20}},
  {0x53C1, {0x00,0x00,0x0D,0x00,0x10,0x80,0x3F,0xC0,0x08,0x00,0x7F,0xF0,0x10,0x80,0x3F,0xC0,0xC0,0x30,0x3F,0xC0,0x00,0x00,0x7F,0xE0}},
  {0x53C2, {0x00,0x00,0x08,0x00,0x11,0x00,0x3F,0xC0,0x0C,0x40,0xFF,0xF0,0x15,0x80,0x7B,0x40,0xC6,0x30,0x38,0xC0,0x07,0x00,0x38,0x00}},
  {0x53C5, {0x00,0x00,0x04,0x00,0x1F,0xC0,0x39,0x00,0x2B,0x40,0x7F,0xE0,0x06,0x00,0x3D,0xC0,0x44,0x70,0x35,0x40,0x25,0x20,0x1C,0x00}},
  {0x53C6, {0x00,0x00,0xF7,0xE0,0x05,0x20,0x04,0x40,0x0F,0xF0,0xFA,0x00,0x4F,0xF0,0x42,0x00,0x57,0xE0,0xDF,0x40,0xF9,0xC0,0x06,0x70}},
  {0x53C7, {0x00,0x00,0x08,0x80,0xFF,0xE0,0x04,0xA0,0x03,0xF0,0xFC,0xA0,0x47,0xE0,0x66,0xA0,0x57,0xE0,0xFD,0x90,0x1C,0x00,0x13,0xF0}},
  {0x53C8, {0x00,0x00,0x7F,0xC0,0x30,0x40,0x10,0xC0,0x10,0x80,0x10,0x80,0x09,0x00,0x0F,0x00,0x06,0x00,0x0F,0x00,0x30,0xC0,0xC0,0x30}},
  {0x53C9, {0x00,0x00,0x7F,0xC0,0x20,0x40,0x24,0x40,0x12,0x80,0x10,0x80,0x19,0x80,0x09,0x00,0x06,0x00,0x0F,0x00,0x30,0xC0,0xC0,0x30}},
  {0x53CA, {0x00,0x00,0x7F,0x80,0x10,0x80,0x10,0x80,0x19,0x00,0x19,0xC0,0x1C,0x40,0x34,0xC0,0x23,0x80,0x63,0x00,0x4C,0xC0,0x98,0x30}},
  {0x53CB, {0x00,0x00,0x08,0x00,0x08,0x00,0xFF,0xF0,0x18,0x00,0x1F,0xC0,0x18,0x40,0x34,0xC0,0x26,0x80,0x63,0x00,0x4E,0xC0,0xB0,0x70}},
  {0x53CC, {0x00,0x00,0xFF,0xE0,0x0A,0x20,0x4A,0x20,0x4A,0x20,0x2A,0x40,0x31,0x40,0x11,0xC0,0x39,0x80,0x29,0xC0,0x4E,0x60,0x8C,0x30}},
  {0x53CD, {0x00,0x00,0x01,0xE0,0x3F,0x00,0x20,0x00,0x20,0x00,0x3F,0xE0,0x28,0x40,0x68,0xC0,0x45,0x80,0x43,0x00,0x4F,0xC0,0xB8,0x70}},
  {0x53CE, {0x00,0x00,0x17,0xE0,0x52,0x20,0x52,0x20,0x52,0x20,0x52,0x40,0x51,0x40,0x71,0xC0,0xF1,0x80,0x11,0xC0,0x16,0x60,0x1C,0x20}},
  {0x53CF, {0x00,0x00,0x04,0x00,0x7F,0xE0,0x04,0x60,0x04,0x60,0xFF,0xF0,0x04,0x00,0x3F,0xC0,0x18,0x80,0x0F,0x00,0x1F,0x80,0xF0,0xF0}},
  {0x53D0, {0x00,0x00,0x01,0xE0,0x7C,0x00,0x08,0x00,0x7F,0xF0,0x10,0x00,0x1F,0xC0,0x38,0x40,0x24,0x80,0x43,0x00,0xCF,0xC0,0x38,0x60}},
  {0x53D1, {0x00,0x00,0x64,0x80,0x4C,0x40,0x48,0x00,0x7F,0xF0,0x08,0x00,0x1F,0xC0,0x1C,0x40,0x34,0x80,0x23,0x80,0x47,0x80,0xB8,0x60}},
  {0x53D2, {0x00,0x00,0x7F,0xC0,0x10,0xC0,0x1F,0x80,0x0F,0x80,0x78,0xE0,0x40,0x00,0x7F,0xE0,0x4B,0x20,0x39,0xC0,0x39,0xC0,0xC6,0x30}},
  {0x53D4, {0x00,0x00,0x10,0x00,0x13,0xE0,0x1E,0x20,0x11,0x20,0x11,0x20,0xFD,0x40,0x11,0xC0,0x54,0xC0,0x55,0xC0,0x93,0x60,0x76,0x30}},
  {0x53D5, {0x00,0x00,0x7F,0xE0,0x48,0x20,0x39,0xC0,0x38,0xC0,0x6F,0x60,0x02,0x00,0x7F,0xE0,0x4B,0x20,0x39,0xC0,0x39,0xC0,0xC6,0x30}},
  {0x53D6, {0x00,0x00,0xFC,0x00,0x4B,0xE0,0x4A,0x20,0x79,0x20,0x49,0x20,0x79,0x40,0x49,0xC0,0x48,0xC0,0x7D,0xC0,0xEB,0x60,0x0E,0x30}},
  {0x53D7, {0x00,0x00,0x01,0xE0,0x7E,0x00,0x24,0x40,0x26,0x80,0xFF,0xE0,0xC0,0x20,0x3F,0xC0,0x18,0x80,0x0F,0x00,0x0F,0x00,0x60,0xF0}},
  {0x53D8, {0x00,0x00,0x04,0x00,0xFF,0xF0,0x09,0x00,0x29,0x40,0x69,0x60,0xC0,0x20,0x3F,0xC0,0x18,0x80,0x0F,0x00,0x0F,0x80,0x60,0x70}},
  {0x53D9, {0x00,0x00,0x10,0x00,0x2B,0xE0,0x66,0x20,0xC1,0x20,0xFD,0x20,0x11,0x60,0xFD,0x40,0x50,0xC0,0x54,0xC0,0x97,0x60,0x76,0x30}},
  {0x53DA, {0x00,0x00,0x7F,0xE0,0x44,0x20,0x44,0x20,0x7F,0xE0,0x40,0x00,0x7B,0xE0,0x41,0x20,0x41,0x40,0x7D,0xC0,0x41,0xE0,0x46,0x30}},
  {0x53DB, {0x00,0x00,0x20,0xF0,0x6F,0x80,0x7A,0x00,0x22,0x00,0x7B,0xE0,0x27,0x20,0xFD,0x20,0x24,0xC0,0x24,0xC0,0x4D,0xE0,0xCA,0x30}},
  {0x53DC, {0x00,0x00,0x04,0x00,0x7F,0xE0,0x66,0x60,0x14,0x80,0x0F,0x80,0xF0,0x60,0x3F,0xC0,0x18,0x80,0x0F,0x00,0x1F,0x80,0xF0,0x70}},
  {0x53DF, {0x00,0x00,0x1E,0x00,0x67,0xE0,0x46,0x20,0x7F,0xE0,0x46,0x20,0x7F,0xE0,0x06,0x00,0x7F,0xC0,0x19,0x80,0x0F,0x00,0xF9,0xF0}},
  {0x53E0, {0x00,0x00,0x3F,0xC0,0x01,0x80,0x7F,0xE0,0x78,0x40,0x4B,0xE0,0x00,0x00,0x7F,0xE0,0x20,0x40,0x3F,0xC0,0x20,0x40,0xFF,0xF0}},
  {0x53E1, {0x00,0x00,0x10,0x00,0x1D,0xE0,0x10,0xA0,0xFE,0xA0,0xFE,0xA0,0x52,0xA0,0x3C,0xE0,0xC6,0xC0,0x7C,0x40,0x44,0x20,0x7D,0x10}},
  {0x53E3, {0x00,0x00,0x7F,0xE0,0x40,0x20,0x40,0x20,0x40,0x20,0x40,0x20,0x40,0x20,0x40,0x20,0x40,0x20,0x40,0x20,0x7F,0xE0,0x40,0x20}},
  {0x53E4, {0x00,0x00,0x06,0x00,0x06,0x00,0xFF,0xF0,0x06,0x00,0x06,0x00,0x3F,0xC0,0x20,0x40,0x20,0x40,0x20,0x40,0x3F,0xC0,0x20,0x40}},
  {0x53E5, {0x00,0x00,0x10,0x00,0x3F,0xE0,0x20,0x20,0x40,0x20,0xBF,0x20,0x23,0x20,0x23,0x20,0x23,0x20,0x3F,0x20,0x20,0x60,0x03,0xC0}},
  {0x53E6, {0x00,0x00,0x3F,0xC0,0x20,0x40,0x20,0x40,0x3F,0xC0,0x00,0x00,0x08,0x00,0x7F,0xE0,0x08,0x20,0x18,0x20,0x30,0x60,0xC3,0xC0}},
  {0x53E7, {0x00,0x00,0x3F,0xC0,0x20,0x40,0x20,0x40,0x3F,0xC0,0x20,0x00,0x00,0x00,0x7F,0xE0,0x08,0x20,0x18,0x20,0x30,0x60,0xC3,0xC0}},
  {0x53E8, {0x00,0x00,0x7F,0xE0,0x4B,0x20,0x4B,0x20,0x4B,0x20,0x4B,0x20,0x4A,0x20,0x4A,0x20,0x7A,0x20,0x44,0x20,0x0C,0x20,0x09,0xC0}},
  {0x53E9, {0x00,0x00,0x7B,0xE0,0x4A,0x20,0x4A,0x20,0x4A,0x20,0x4A,0x20,0x4A,0x20,0x4A,0x20,0x7A,0x20,0x4B,0xE0,0x02,0x00,0x02,0x00}},
  {0x53EA, {0x00,0x00,0x3F,0xC0,0x20,0x40,0x20,0x40,0x20,0x40,0x20,0x40,0x20,0x40,0x3F,0xC0,0x00,0x40,0x19,0x80,0x70,0xE0,0xC0,0x30}},
  {0x53EB, {0x00,0x00,0x00,0x20,0x7A,0x20,0x4A,0x20,0x4A,0x20,0x4A,0x20,0x4A,0x20,0x4A,0x20,0x4B,0xE0,0x7B,0x20,0x48,0x20,0x00,0x20}},
  {0x53EC, {0x00,0x00,0x7F,0xE0,0x08,0x20,0x18,0x60,0x10,0x40,0x73,0xC0,0xC0,0x00,0x3F,0xC0,0x20,0x40,0x20,0x40,0x3F,0xC0,0x20,0x40}},
  {0x53ED, {0x00,0x00,0x02,0xC0,0x72,0xC0,0x52,0x40,0x52,0x40,0x56,0x40,0x54,0x40,0x54,0x40,0x74,0x40,0x4C,0x20,0x08,0x20,0x10,0x10}},
  {0x53EE, {0x00,0x00,0x7F,0xF0,0x48,0x80,0x48,0x80,0x48,0x80,0x48,0x80,0x48,0x80,0x48,0x80,0x78,0x80,0x48,0x80,0x00,0x80,0x07,0x80}},
  {0x53EF, {0x00,0x00,0xFF,0xF0,0x00,0x40,0x00,0x40,0x7E,0x40,0x62,0x40,0x62,0x40,0x62,0x40,0x7E,0x40,0x60,0x40,0x00,0x40,0x03,0xC0}},
  {0x53F0, {0x00,0x00,0x04,0x00,0x08,0x00,0x10,0xC0,0x67,0xE0,0x7C,0x10,0x00,0x00,0x3F,0xC0,0x20,0x40,0x20,0x40,0x3F,0xC0,0x20,0x40}},
  {0x53F1, {0x00,0x00,0x01,0x00,0x71,0x00,0x51,0x20,0x51,0x60,0x51,0xC0,0x51,0x80,0x57,0x00,0x5D,0x00,0x71,0x10,0x51,0x30,0x01,0xE0}},
  {0x53F2, {0x00,0x00,0x06,0x00,0x06,0x00,0x7F,0xE0,0x46,0x20,0x46,0x20,0x7F,0xE0,0x04,0x00,0x34,0x00,0x1C,0x00,0x1F,0x00,0x61,0xF0}},
  {0x53F3, {0x00,0x00,0x04,0x00,0x04,0x00,0xFF,0xF0,0x08,0x00,0x10,0x00,0x3F,0xE0,0x70,0x20,0xD0,0x20,0x10,0x20,0x1F,0xE0,0x10,0x20}},
  {0x53F4, {0x00,0x00,0x08,0x00,0x7F,0x80,0x18,0x90,0x10,0x90,0x20,0xE0,0xC0,0x00,0x3F,0xC0,0x20,0x40,0x20,0x40,0x20,0x40,0x3F,0xC0}},
  {0x53F5, {0x00,0x00,0x7F,0xF0,0x40,0x00,0x40,0x00,0x4F,0xC0,0x48,0x40,0x48,0x40,0x48,0x40,0x4F,0xC0,0x48,0x40,0x40,0x00,0x7F,0xF0}},
  {0x53F6, {0x00,0x00,0x00,0x80,0x78,0x80,0x48,0x80,0x48,0x80,0x4F,0xF0,0x48,0x80,0x48,0x80,0x48,0x80,0x78,0x80,0x48,0x80,0x00,0x80}},
  {0x53F7, {0x00,0x00,0x3F,0xC0,0x20,0x40,0x3F,0xC0,0x20,0x40,0x00,0x00,0xFF,0xF0,0x30,0x00,0x3F,0xC0,0x00,0x40,0x00,0x40,0x07,0x80}},
  {0x53F8, {0x00,0x00,0x7F,0xE0,0x00,0x20,0xFF,0xA0,0x00,0x20,0x7F,0x20,0x61,0x20,0x61,0x20,0x7F,0x20,0x60,0x20,0x00,0x20,0x01,0xE0}},
  {0x53F9, {0x00,0x00,0x7F,0xE0,0x56,0x20,0x52,0x20,0x52,0x60,0x52,0x40,0x53,0x40,0x51,0x80,0x71,0x80,0x43,0xC0,0x06,0x60,0x08,0x30}},
  {0x53FA, {0x00,0x00,0x02,0x00,0xF2,0x00,0xD1,0x00,0xD1,0x00,0xD3,0x80,0xD2,0x80,0xD2,0xC0,0xF4,0x40,0x4C,0x60,0x18,0x20,0x10,0x10}},
  {0x53FB, {0x00,0x00,0x01,0x00,0x79,0x00,0x4F,0xE0,0x49,0x20,0x49,0x20,0x4B,0x20,0x4A,0x20,0x4A,0x20,0x7E,0x20,0x4C,0x20,0x19,0xE0}},
  {0x53FC, {0x00,0x00,0x7F,0xE0,0x58,0x20,0x58,0x20,0x58,0x20,0x59,0xA0,0x5B,0x20,0x5C,0x20,0x58,0x20,0x78,0x20,0x58,0x20,0x01,0xC0}},
  {0x53FE, {0x00,0x00,0x7F,0xE0,0x01,0x80,0x02,0x00,0x02,0x00,0x0E,0x00,0x00,0x00,0x7F,0xE0,0x60,0x60,0x60,0x60,0x60,0x60,0x7F,0xE0}},
  {0x53FF, {0x00,0x00,0x77,0xF0,0x50,0x80,0x50,0x80,0x50,0x80,0x50,0x80,0x50,0x80,0x50,0x80,0x50,0x80,0x70,0x80,0x40,0x80,0x0F,0xF0}},
  {0x5400, {0x00,0x00,0x77,0xE0,0x50,0x80,0x50,0x80,0x50,0x80,0x50,0x80,0x5F,0xF0,0x50,0x80,0x70,0x80,0x50,0x80,0x00,0x80,0x00,0x80}},
  {0x5402, {0x00,0x00,0x02,0x00,0xFF,0xF0,0x20,0x00,0x20,0x00,0x3F,0xE0,0x00,0x00,0x3F,0xE0,0x20,0x20,0x20,0x20,0x20,0x20,0x3F,0xE0}},
  {0x5403, {0x00,0x00,0x02,0x00,0x72,0x00,0x57,0xF0,0x54,0x00,0x58,0x00,0x57,0xC0,0x50,0xC0,0x71,0x10,0x52,0x10,0x04,0x30,0x07,0xE0}},
  {0x5404, {0x00,0x00,0x10,0x00,0x3F,0xC0,0x78,0xC0,0x4F,0x00,0x0F,0x80,0xF0,0xF0,0x3F,0xC0,0x20,0x40,0x20,0x40,0x3F,0xC0,0x20,0x40}},
  {0x5405, {0x00,0x00,0x7B,0xE0,0x4A,0x20,0x4A,0x20,0x4A,0x20,0x4A,0x20,0x4A,0x20,0x4A,0x20,0x4A,0x20,0x7A,0x20,0x4B,0xE0,0x02,0x20}},
  {0x5406, {0x00,0x00,0x01,0x00,0x71,0x00,0x53,0x00,0x52,0x20,0x54,0x60,0x5F,0xC0,0x50,0x80,0x51,0x40,0x72,0x20,0x57,0xE0,0x07,0x10}},
  {0x5407, {0x00,0x00,0x77,0xF0,0x50,0x60,0x50,0xC0,0x50,0x80,0x50,0x80,0x5F,0xF0,0x50,0x80,0x70,0x80,0x50,0x80,0x00,0x80,0x03,0x80}},
  {0x5408, {0x00,0x00,0x06,0x00,0x0F,0x00,0x19,0x80,0x30,0xC0,0xFF,0xF0,0x00,0x00,0x3F,0xC0,0x20,0x40,0x20,0x40,0x3F,0xC0,0x20,0x40}},
  {0x5409, {0x00,0x00,0x06,0x00,0x06,0x00,0xFF,0xF0,0x06,0x00,0x7F,0xE0,0x00,0x00,0x3F,0xC0,0x20,0x40,0x20,0x40,0x3F,0xC0,0x20,0x40}},
  {0x540A, {0x00,0x00,0x3F,0xC0,0x20,0x40,0x20,0x40,0x3F,0xC0,0x26,0x40,0x06,0x00,0x7F,0xE0,0x46,0x20,0x46,0x20,0x46,0xE0,0x06,0x00}},
  {0x540B, {0x00,0x00,0x78,0x40,0x58,0x40,0x5F,0xF0,0x58,0x40,0x5A,0x40,0x5A,0x40,0x5B,0x40,0x78,0x40,0x50,0x40,0x00,0x40,0x01,0xC0}},
  {0x540C, {0x00,0x00,0x7F,0xE0,0x40,0x20,0x40,0x20,0x5F,0xA0,0x40,0x20,0x5F,0xA0,0x51,0xA0,0x51,0xA0,0x5F,0x20,0x50,0x20,0x40,0xE0}},
  {0x540D, {0x00,0x00,0x08,0x00,0x1F,0xE0,0x20,0x40,0x58,0x80,0x0F,0x00,0x0C,0x00,0x3F,0xE0,0xF0,0x20,0x30,0x20,0x3F,0xE0,0x30,0x20}},
  {0x540E, {0x00,0x00,0x01,0xE0,0x7F,0x00,0x60,0x00,0x7F,0xF0,0x60,0x00,0x60,0x00,0x5F,0xE0,0x58,0x20,0x58,0x20,0x58,0x20,0x9F,0xE0}},
  {0x540F, {0x00,0x00,0x02,0x00,0x7F,0xE0,0x02,0x00,0x7F,0xE0,0x42,0x20,0x46,0x20,0x7F,0xE0,0x24,0x20,0x1C,0x00,0x1F,0x00,0xE1,0xF0}},
  {0x5410, {0x00,0x00,0x00,0x80,0x78,0x80,0x58,0x80,0x5F,0xE0,0x58,0x80,0x58,0x80,0x58,0x80,0x58,0x80,0x70,0x80,0x40,0x80,0x0F,0xF0}},
  {0x5411, {0x00,0x00,0x04,0x00,0x04,0x00,0x7F,0xE0,0x40,0x20,0x5F,0xA0,0x59,0xA0,0x59,0xA0,0x5F,0x20,0x58,0x20,0x40,0x20,0x40,0xE0}},
  {0x5413, {0x00,0x00,0x7F,0xF0,0x59,0x00,0x59,0x00,0x59,0x80,0x59,0x60,0x59,0x30,0x59,0x00,0x79,0x00,0x59,0x00,0x01,0x00,0x01,0x00}},
  {0x5414, {0x00,0x00,0x00,0x80,0x74,0x80,0x55,0xE0,0x57,0xA0,0x5C,0xA0,0x54,0xA0,0x54,0xE0,0x54,0x90,0x74,0x10,0x54,0x30,0x03,0xE0}},
  {0x5415, {0x00,0x00,0x3F,0xC0,0x20,0x40,0x20,0x40,0x3F,0xC0,0x20,0x40,0x00,0x00,0x7F,0xE0,0x40,0x20,0x40,0x20,0x7F,0xE0,0x40,0x20}},
  {0x5417, {0x00,0x00,0x07,0xC0,0x70,0x40,0x56,0x40,0x54,0x40,0x54,0x40,0x57,0xE0,0x50,0x20,0x7F,0xE0,0x50,0x20,0x00,0x20,0x01,0xE0}},
  {0x5418, {0x00,0x00,0x02,0x00,0x73,0xE0,0x54,0x80,0x54,0x80,0x50,0x80,0x50,0x80,0x5F,0xF0,0x70,0x80,0x50,0x80,0x00,0x80,0x00,0x80}},
  {0x5419, {0x00,0x00,0x01,0x00,0x71,0x00,0x51,0x00,0x55,0x20,0x55,0xE0,0x51,0x80,0x51,0x80,0x53,0xC0,0x72,0x40,0x04,0x20,0x08,0x10}},
  {0x541B, {0x00,0x00,0x7F,0xC0,0x08,0x40,0xFF,0xF0,0x10,0x40,0x7F,0xC0,0x10,0x00,0x3F,0xC0,0x70,0x40,0x90,0x40,0x1F,0xC0,0x00,0x00}},
  {0x541C, {0x00,0x00,0x7F,0xE0,0x52,0x20,0x52,0x20,0x52,0x20,0x52,0x20,0x5F,0xE0,0x52,0x20,0x52,0x20,0x72,0x20,0x02,0x20,0x0F,0xF0}},
  {0x541D, {0x00,0x00,0x04,0x00,0x7F,0xE0,0x10,0x80,0x09,0x00,0x07,0x00,0x19,0xC0,0xE0,0x70,0x3F,0xC0,0x20,0x40,0x20,0x40,0x1F,0x80}},
  {0x541E, {0x00,0x00,0x7F,0xE0,0x04,0x00,0x04,0x00,0xFF,0xF0,0x19,0x00,0x30,0xC0,0xFF,0xF0,0x20,0x40,0x20,0x40,0x3F,0xC0,0x20,0x40}},
  {0x541F, {0x00,0x00,0x01,0x80,0x73,0x80,0x52,0x40,0x55,0x60,0x59,0x30,0x50,0x00,0x57,0xE0,0x50,0x40,0x70,0xC0,0x40,0x80,0x01,0x80}},
  {0x5420, {0x00,0x40,0x01,0x20,0x71,0x00,0x51,0x00,0x5F,0xF0,0x51,0x00,0x51,0x80,0x52,0x80,0x52,0x80,0x74,0x40,0x0C,0x20,0x08,0x30}},
  {0x5421, {0x00,0x00,0x04,0x80,0x74,0x80,0x54,0xB0,0x57,0xE0,0x54,0xC0,0x54,0x80,0x54,0x80,0x54,0x90,0x74,0x90,0x57,0xB0,0x04,0xE0}},
  {0x5422, {0x00,0x00,0x14,0x00,0x53,0x20,0x50,0x20,0x90,0xB0,0x0F,0x80,0x00,0x00,0x7F,0xE0,0x60,0x60,0x60,0x60,0x60,0x60,0x7F,0xE0}},
  {0x5423, {0x00,0x00,0x01,0x00,0x71,0x80,0x52,0x80,0x52,0x00,0x56,0x20,0x5A,0x30,0x5A,0x10,0x5A,0x00,0x72,0x00,0x52,0x40,0x01,0xC0}},
  {0x5425, {0x00,0x00,0x7F,0xF0,0x51,0x00,0x51,0x00,0x53,0x00,0x53,0xC0,0x57,0xE0,0x55,0xB0,0x5D,0x90,0x79,0x80,0x01,0x80,0x01,0x80}},
  {0x5426, {0x00,0x00,0x7F,0xE0,0x06,0x00,0x0F,0x00,0x36,0x40,0xC6,0x30,0x06,0x00,0x00,0x00,0x3F,0xC0,0x20,0x40,0x3F,0xC0,0x20,0x40}},
  {0x5427, {0x00,0x00,0x07,0xE0,0x75,0x20,0x55,0x20,0x55,0x20,0x55,0x20,0x57,0xE0,0x54,0x20,0x74,0x00,0x54,0x10,0x04,0x10,0x07,0xE0}},
  {0x5428, {0x00,0x00,0x01,0x00,0x7F,0xF0,0x51,0x00,0x55,0x20,0x55,0x20,0x55,0x20,0x57,0xE0,0x51,0x20,0x71,0x10,0x11,0x90,0x00,0xE0}},
  {0x5429, {0x00,0x00,0x02,0x80,0x72,0xC0,0x56,0x40,0x54,0x60,0x58,0x30,0x57,0xE0,0x52,0x20,0x52,0x20,0x72,0x60,0x04,0x40,0x09,0xC0}},
  {0x542A, {0x00,0x00,0x02,0x80,0x72,0x80,0x54,0xB0,0x54,0xA0,0x5C,0xC0,0x5C,0x80,0x57,0x80,0x74,0x80,0x54,0x90,0x04,0x90,0x04,0xE0}},
  {0x542B, {0x00,0x00,0x06,0x00,0x0B,0x00,0x15,0x80,0x22,0x40,0xFF,0xB0,0x01,0x80,0x01,0x00,0x3F,0xC0,0x20,0x40,0x20,0x40,0x3F,0xC0}},
  {0x542C, {0x00,0x00,0x00,0xE0,0x73,0x80,0x52,0x00,0x52,0x00,0x53,0xF0,0x56,0x40,0x56,0x40,0x54,0x40,0x74,0x40,0x44,0x40,0x08,0x40}},
  {0x542D, {0x00,0x00,0x01,0x00,0x71,0x00,0x5F,0xE0,0x50,0x00,0x57,0xC0,0x56,0x40,0x54,0x40,0x74,0x40,0x44,0x50,0x08,0x50,0x18,0x60}},
  {0x542E, {0x00,0x00,0x01,0x00,0x72,0x40,0x52,0x60,0x54,0x60,0x5F,0xF0,0x52,0x80,0x52,0x80,0x54,0x80,0x74,0x90,0x08,0x90,0x10,0x60}},
  {0x542F, {0x00,0x00,0x06,0x00,0x7F,0xE0,0x60,0x20,0x60,0x20,0x7F,0xE0,0x40,0x00,0x5F,0xE0,0x50,0x20,0x50,0x20,0x50,0x20,0x9F,0xE0}},
  {0x5430, {0x00,0x00,0x71,0x00,0x51,0x00,0x5F,0xF0,0x52,0x00,0x52,0x80,0x52,0x80,0x54,0x80,0x7D,0x40,0x49,0x20,0x13,0x60,0x03,0x90}},
  {0x5432, {0x00,0x00,0x7F,0x20,0x51,0x20,0x51,0x20,0x57,0x20,0x55,0x20,0x58,0x20,0x5F,0x20,0x51,0x20,0x71,0x20,0x01,0x20,0x06,0x20}},
  {0x5435, {0x00,0x00,0x01,0x80,0x71,0x80,0x53,0xE0,0x55,0xA0,0x5D,0xB0,0x59,0xA0,0x51,0x40,0x70,0xC0,0x41,0x80,0x06,0x00,0x0C,0x00}},
  {0x5437, {0x00,0x00,0x71,0x00,0x51,0x00,0x57,0xE0,0x51,0x20,0x51,0x20,0x51,0x20,0x5F,0xF0,0x53,0x80,0x72,0xC0,0x0C,0x60,0x08,0x30}},
  {0x5438, {0x00,0x00,0x7F,0xC0,0x54,0x40,0x54,0xC0,0x56,0x80,0x56,0xE0,0x56,0x20,0x55,0x40,0x75,0xC0,0x09,0xC0,0x0B,0x60,0x16,0x20}},
  {0x5439, {0x00,0x00,0x02,0x00,0x72,0x00,0x57,0xF0,0x54,0x20,0x5D,0x20,0x51,0x00,0x51,0x80,0x53,0x80,0x72,0xC0,0x0C,0x60,0x18,0x30}},
  {0x543A, {0x00,0x00,0x77,0xC0,0x54,0x40,0x54,0x40,0x5C,0x70,0x58,0x00,0x57,0xE0,0x54,0x40,0x52,0x40,0x71,0x80,0x07,0xC0,0x1C,0x30}},
  {0x543B, {0x00,0x00,0x02,0x00,0x76,0x00,0x57,0xE0,0x5F,0xE0,0x5A,0xA0,0x52,0xA0,0x56,0xA0,0x55,0x20,0x79,0x20,0x52,0x20,0x05,0xC0}},
  {0x543C, {0x00,0x00,0x7F,0x80,0x51,0x80,0x52,0x80,0x52,0x80,0x53,0x80,0x56,0x80,0x5E,0x80,0x52,0x90,0x72,0x90,0x46,0xD0,0x0C,0x60}},
  {0x543D, {0x00,0x00,0x70,0x80,0x54,0x80,0x57,0xE0,0x54,0x80,0x58,0x80,0x50,0x80,0x5F,0xF0,0x70,0x80,0x50,0x80,0x00,0x80,0x00,0x80}},
  {0x543E, {0x00,0x00,0x7F,0xE0,0x08,0x00,0x7F,0xC0,0x10,0x40,0x10,0x40,0xFF,0xF0,0x00,0x00,0x3F,0xC0,0x20,0x40,0x3F,0xC0,0x00,0x00}},
  {0x543F, {0x00,0x00,0x22,0x00,0x3F,0xE0,0x42,0x00,0x42,0x00,0xFF,0xF0,0x02,0x00,0x3F,0xE0,0x20,0x60,0x20,0x60,0x20,0x60,0x3F,0xE0}},
  {0x5441, {0x00,0x00,0x02,0x00,0x73,0xE0,0x54,0x20,0x52,0x20,0x51,0x20,0x51,0x20,0x50,0xE0,0x77,0x20,0x54,0x20,0x00,0x20,0x01,0xE0}},
  {0x5443, {0x00,0x00,0x77,0xF0,0x54,0x00,0x54,0x00,0x57,0xE0,0x56,0x20,0x56,0x20,0x5E,0x20,0x7A,0xC0,0x4A,0x10,0x0B,0x10,0x11,0xE0}},
  {0x5444, {0x00,0x00,0x7F,0x80,0x08,0x80,0x19,0xE0,0x10,0x20,0x60,0xE0,0x06,0x00,0xFF,0xF0,0x06,0x00,0x3F,0xC0,0x20,0x40,0x3F,0xC0}},
  {0x5445, {0x00,0x00,0x71,0x00,0x50,0x80,0x57,0xF0,0x54,0x20,0x52,0x40,0x52,0x40,0x53,0xC0,0x51,0x80,0x71,0xC0,0x06,0x60,0x0C,0x30}},
  {0x5446, {0x00,0x00,0x3F,0xC0,0x20,0x40,0x20,0x40,0x3F,0xC0,0x20,0x40,0x06,0x00,0xFF,0xF0,0x0F,0x00,0x16,0x80,0x66,0x60,0x46,0x20}},
  {0x5448, {0x00,0x00,0x3F,0xC0,0x20,0x40,0x20,0x40,0x3F,0xC0,0x00,0x00,0x7F,0xE0,0x06,0x00,0x3F,0xC0,0x06,0x00,0x06,0x00,0xFF,0xF0}},
  {0x544A, {0x00,0x00,0x22,0x00,0x3F,0xE0,0x42,0x00,0x02,0x00,0xFF,0xF0,0x00,0x00,0x3F,0xC0,0x20,0x40,0x20,0x40,0x3F,0xC0,0x00,0x00}},
  {0x544D, {0x00,0x00,0x77,0xE0,0x50,0x00,0x50,0x00,0x50,0x00,0x5F,0xF0,0x51,0x00,0x51,0x00,0x52,0x40,0x72,0x20,0x04,0xE0,0x07,0x90}},
  {0x544E, {0x00,0x00,0x77,0xE0,0x54,0x20,0x54,0x20,0x54,0x20,0x57,0xE0,0x55,0x00,0x55,0x80,0x54,0x80,0x78,0x40,0x08,0x60,0x10,0x30}},
  {0x544F, {0x00,0x00,0x01,0xC0,0x7F,0x40,0x52,0x40,0x52,0x40,0x5F,0xF0,0x52,0x40,0x52,0x40,0x52,0x40,0x74,0x40,0x04,0x40,0x08,0x40}},
  {0x5450, {0x00,0x00,0x00,0x80,0x70,0x80,0x57,0xE0,0x55,0xA0,0x55,0xA0,0x55,0xA0,0x57,0x60,0x56,0x60,0x74,0x20,0x54,0x20,0x04,0xE0}},
  {0x5451, {0x00,0x00,0x01,0xE0,0x7E,0x00,0x04,0x00,0xFF,0xF0,0x19,0x80,0x60,0x60,0xFF,0xC0,0x20,0x40,0x20,0x40,0x20,0x40,0x3F,0xC0}},
  {0x5454, {0x00,0x00,0x01,0x00,0x71,0x00,0x51,0x00,0x5F,0xF0,0x51,0x00,0x51,0x80,0x53,0x80,0x52,0xC0,0x77,0x40,0x0D,0x20,0x09,0x10}},
  {0x5455, {0x00,0x00,0x77,0xF0,0x56,0x00,0x55,0x20,0x55,0xC0,0x54,0xC0,0x54,0xC0,0x55,0x40,0x75,0x20,0x56,0x20,0x04,0x00,0x07,0xF0}},
  {0x5457, {0x00,0x00,0x77,0xE0,0x54,0x20,0x54,0xA0,0x54,0xA0,0x54,0xA0,0x54,0xA0,0x55,0xA0,0x71,0x80,0x41,0xC0,0x02,0x60,0x0C,0x10}},
  {0x5458, {0x00,0x00,0x3F,0xC0,0x20,0x40,0x3F,0xC0,0x00,0x00,0x7F,0xE0,0x40,0x20,0x44,0x20,0x44,0x20,0x47,0x20,0x19,0xC0,0x70,0x30}},
  {0x5459, {0x00,0x00,0x3F,0xC0,0x20,0x40,0x3F,0xC0,0x06,0x00,0x04,0x00,0x7F,0xE0,0x46,0x20,0x4B,0x20,0x50,0xA0,0x40,0x20,0x40,0xE0}},
  {0x545A, {0x00,0x00,0x72,0x00,0x52,0x00,0x57,0xF0,0x56,0x40,0x5E,0x40,0x52,0x40,0x52,0x40,0x51,0x80,0x71,0x80,0x03,0xE0,0x0C,0x30}},
  {0x545B, {0x00,0x00,0x01,0x80,0x73,0x80,0x56,0x60,0x5C,0x30,0x57,0xC0,0x54,0x40,0x54,0x40,0x55,0xC0,0x74,0x10,0x44,0x20,0x03,0xE0}},
  {0x545C, {0x00,0x00,0x01,0x00,0x77,0xE0,0x54,0x60,0x54,0x40,0x55,0xC0,0x54,0x00,0x57,0xE0,0x50,0x20,0x77,0xE0,0x50,0x20,0x01,0xE0}},
  {0x545D, {0x00,0x00,0x01,0x00,0x7F,0xE0,0x58,0x20,0x5F,0xE0,0x58,0x00,0x5F,0xE0,0x58,0xC0,0x69,0x80,0x4B,0x10,0x16,0x30,0x13,0xE0}},
  {0x545F, {0x00,0x00,0x01,0x00,0x7F,0xF0,0x51,0x00,0x52,0x20,0x56,0x60,0x57,0xC0,0x50,0x80,0x71,0x40,0x53,0x20,0x06,0xE0,0x07,0x10}},
  {0x5460, {0x00,0x00,0x71,0x00,0x51,0x00,0x5F,0xF0,0x53,0x80,0x53,0x80,0x53,0x40,0x55,0x40,0x7D,0x20,0x4B,0xF0,0x01,0x00,0x01,0x00}},
  {0x5461, {0x00,0x00,0x77,0xE0,0x54,0x20,0x54,0x20,0x57,0xE0,0x54,0x80,0x54,0x80,0x57,0xF0,0x54,0x80,0x74,0x90,0x07,0x50,0x04,0x20}},
  {0x5462, {0x00,0x00,0x77,0xE0,0x54,0x20,0x54,0x20,0x57,0xE0,0x54,0x00,0x55,0x20,0x55,0x40,0x79,0x80,0x49,0x10,0x09,0x30,0x11,0xE0}},
  {0x5463, {0x00,0x00,0x77,0xE0,0x54,0x20,0x54,0xA0,0x54,0x20,0x5F,0xF0,0x54,0x20,0x55,0xA0,0x54,0x20,0x77,0xF0,0x00,0x20,0x01,0xC0}},
  {0x5464, {0x00,0x00,0x01,0x80,0x73,0x80,0x56,0x60,0x5D,0x30,0x50,0x80,0x57,0xE0,0x50,0x60,0x54,0xC0,0x73,0x80,0x40,0x80,0x00,0x40}},
  {0x5465, {0x00,0x00,0x00,0x80,0x77,0xE0,0x54,0xA0,0x54,0xA0,0x57,0xE0,0x54,0xA0,0x54,0xA0,0x7F,0xF0,0x54,0x20,0x04,0x20,0x04,0xE0}},
  {0x5467, {0x00,0x00,0x00,0xE0,0x77,0x80,0x54,0x80,0x54,0x80,0x57,0xF0,0x54,0x80,0x54,0x80,0x74,0xC0,0x57,0x50,0x07,0x70,0x00,0xA0}},
  {0x5468, {0x00,0x00,0x7F,0xE0,0x42,0x20,0x5F,0xA0,0x42,0x20,0x5F,0xE0,0x40,0x20,0x4F,0xA0,0x48,0xA0,0x4F,0xA0,0x48,0x20,0x80,0xE0}},
  {0x546B, {0x00,0x00,0x71,0x80,0x51,0x80,0x51,0xF0,0x51,0x80,0x51,0x80,0x51,0x80,0x57,0xE0,0x54,0x20,0x74,0x20,0x54,0x20,0x07,0xE0}},
  {0x546F, {0x00,0x00,0x77,0xE0,0x51,0x80,0x55,0xA0,0x55,0xA0,0x53,0xC0,0x51,0x80,0x5F,0xF0,0x71,0x80,0x51,0x80,0x01,0x80,0x01,0x80}},
  {0x5470, {0x00,0x00,0x11,0x00,0x5D,0xE0,0x51,0x80,0x51,0x10,0x5D,0x30,0xF9,0xE0,0x00,0x00,0x3F,0xC0,0x20,0x40,0x20,0x40,0x3F,0xC0}},
  {0x5471, {0x00,0x00,0x00,0xE0,0x77,0xC0,0x55,0x40,0x55,0x40,0x55,0x40,0x55,0x40,0x55,0x40,0x59,0x60,0x79,0xA0,0x49,0xA0,0x13,0xD0}},
  {0x5472, {0x00,0x00,0x02,0x80,0x62,0x80,0x6A,0x90,0x6A,0xE0,0x6B,0xC0,0x6A,0x80,0x6A,0x80,0x6A,0x80,0x6A,0x90,0x4F,0x90,0x1C,0x60}},
  {0x5473, {0x00,0x00,0x01,0x00,0x71,0x00,0x57,0xE0,0x51,0x00,0x51,0x00,0x51,0x00,0x5F,0xF0,0x73,0x80,0x45,0x40,0x09,0x30,0x01,0x00}},
  {0x5475, {0x00,0x00,0x7F,0xF0,0x50,0x20,0x50,0x20,0x57,0xA0,0x54,0xA0,0x54,0xA0,0x54,0xA0,0x57,0xA0,0x74,0x20,0x50,0x20,0x01,0xC0}},
  {0x5476, {0x00,0x00,0x05,0xE0,0x74,0xA0,0x5F,0xA0,0x5E,0xA0,0x5A,0xA0,0x5A,0xA0,0x5E,0xC0,0x56,0x40,0x66,0xC0,0x49,0xA0,0x11,0x10}},
  {0x5477, {0x00,0x00,0x77,0xE0,0x55,0xA0,0x55,0xA0,0x57,0xE0,0x55,0xA0,0x55,0xA0,0x55,0xA0,0x77,0xE0,0x51,0xA0,0x01,0x80,0x01,0x80}},
  {0x5478, {0x00,0x00,0x77,0xF0,0x51,0x00,0x51,0x00,0x53,0xC0,0x53,0x60,0x55,0x20,0x5D,0x10,0x79,0x00,0x41,0x00,0x00,0x00,0x0F,0xF0}},
  {0x547A, {0x00,0x00,0x77,0xE0,0x54,0x20,0x54,0x20,0x57,0xE0,0x50,0x00,0x5F,0xF0,0x52,0x00,0x73,0xE0,0x50,0x20,0x00,0x20,0x03,0xC0}},
  {0x547B, {0x00,0x00,0x01,0x80,0x77,0xE0,0x55,0xA0,0x55,0xA0,0x57,0xE0,0x55,0xA0,0x55,0xA0,0x57,0xE0,0x75,0x80,0x51,0x80,0x01,0x80}},
  {0x547C, {0x00,0x00,0x00,0xE0,0x77,0x80,0x50,0xA0,0x56,0xE0,0x50,0x80,0x5F,0xF0,0x50,0x80,0x50,0x80,0x70,0x80,0x51,0x80,0x07,0x00}},
  {0x547D, {0x00,0x00,0x06,0x00,0x09,0x00,0x30,0xC0,0xDF,0xB0,0x00,0x00,0x7B,0xE0,0x4A,0x20,0x4A,0x20,0x7B,0xE0,0x4A,0x00,0x02,0x00}},
  {0x547E, {0x00,0x00,0x77,0xE0,0x54,0x20,0x54,0x20,0x54,0x20,0x57,0xE0,0x54,0x20,0x54,0x20,0x77,0xE0,0x54,0x20,0x00,0x00,0x07,0xF0}},
  {0x5481, {0x00,0x00,0x74,0x20,0x54,0x20,0x5F,0xF0,0x54,0x20,0x54,0x20,0x57,0xE0,0x54,0x20,0x74,0x20,0x54,0x20,0x07,0xE0,0x04,0x20}},
  {0x5482, {0x00,0x00,0x77,0xF0,0x54,0x80,0x54,0x80,0x57,0xE0,0x56,0xA0,0x56,0xA0,0x56,0xA0,0x56,0xE0,0x74,0x80,0x54,0x00,0x07,0xF0}},
  {0x5483, {0x00,0x00,0x04,0x80,0x64,0x80,0x69,0xE0,0x7F,0xE0,0x7B,0xA0,0x69,0xA0,0x69,0xE0,0x69,0xE0,0x49,0x10,0x09,0x10,0x09,0xE0}},
  {0x5484, {0x00,0x00,0x00,0x80,0x74,0xA0,0x54,0xA0,0x54,0xA0,0x57,0xC0,0x50,0x80,0x54,0xA0,0x74,0xA0,0x44,0xA0,0x07,0xE0,0x00,0x00}},
  {0x5485, {0x00,0x00,0x04,0x00,0x7F,0xE0,0x10,0x80,0x11,0x80,0xFF,0xF0,0x00,0x00,0x3F,0xC0,0x20,0x40,0x20,0x40,0x20,0x40,0x3F,0xC0}},
  {0x5486, {0x00,0x00,0x04,0x00,0x77,0xE0,0x58,0x20,0x5F,0xA0,0x54,0xA0,0x54,0xA0,0x57,0xA0,0x54,0x20,0x75,0xD0,0x54,0x30,0x07,0xE0}},
  {0x5487, {0x00,0x00,0x01,0x00,0x71,0xA0,0x52,0x40,0x52,0x40,0x56,0xE0,0x5A,0xB0,0x5B,0x90,0x73,0x00,0x46,0x20,0x0E,0x60,0x01,0xC0}},
  {0x5489, {0x00,0x00,0x01,0x00,0x71,0x00,0x57,0xE0,0x55,0x20,0x55,0x20,0x55,0x20,0x5F,0xF0,0x71,0x80,0x42,0xC0,0x04,0x60,0x08,0x30}},
  {0x548B, {0x00,0x00,0x02,0x00,0x77,0xF0,0x55,0x00,0x59,0x00,0x51,0xE0,0x51,0x00,0x51,0x00,0x71,0xF0,0x51,0x00,0x01,0x00,0x01,0x00}},
  {0x548C, {0x00,0x00,0x18,0x00,0xF3,0xE0,0x22,0x20,0x22,0x20,0xFE,0x20,0x22,0x20,0x72,0x20,0xEA,0x20,0xA2,0x20,0x23,0xE0,0x22,0x20}},
  {0x548D, {0x00,0x00,0x01,0x00,0x71,0x00,0x52,0x40,0x54,0x20,0x57,0xF0,0x50,0x00,0x57,0xE0,0x74,0x20,0x14,0x20,0x07,0xE0,0x04,0x20}},
  {0x548E, {0x00,0x00,0x21,0x00,0x3D,0x80,0x45,0x60,0xE9,0x30,0x19,0x00,0x3F,0xF0,0xC0,0x00,0x3F,0xC0,0x20,0x40,0x3F,0xC0,0x00,0x00}},
  {0x548F, {0x00,0x00,0x03,0x00,0x70,0x80,0x57,0x80,0x51,0xA0,0x5F,0xE0,0x53,0x80,0x55,0xC0,0x75,0xC0,0x49,0xA0,0x19,0x10,0x03,0x00}},
  {0x5491, {0x00,0x00,0x75,0xF0,0x54,0x40,0x5E,0x40,0x54,0x40,0x54,0x40,0x57,0x40,0x5C,0x40,0x54,0x40,0x74,0x40,0x04,0x40,0x0D,0xC0}},
  {0x5492, {0x00,0x00,0x79,0xE0,0x49,0x20,0x49,0x20,0x79,0xE0,0x09,0x20,0x00,0x00,0x1F,0x00,0x11,0x10,0x11,0x10,0x31,0x30,0xC0,0xE0}},
  {0x5493, {0x00,0x00,0x7F,0xF0,0x54,0x00,0x54,0x00,0x57,0xC0,0x54,0x40,0x54,0x40,0x55,0x40,0x54,0x50,0x74,0x50,0x0D,0x50,0x0E,0x60}},
  {0x5494, {0x00,0x00,0x01,0x00,0x71,0xE0,0x51,0x00,0x51,0x00,0x5F,0xF0,0x51,0x00,0x51,0x80,0x71,0x40,0x51,0x20,0x01,0x00,0x01,0x00}},
  {0x5495, {0x00,0x00,0x00,0x80,0x70,0x80,0x57,0xF0,0x50,0x80,0x50,0x80,0x57,0xE0,0x54,0x20,0x74,0x20,0x54,0x20,0x07,0xE0,0x04,0x20}},
  {0x5496, {0x00,0x00,0x04,0x00,0x74,0xE0,0x5F,0xA0,0x55,0xA0,0x55,0xA0,0x5D,0xA0,0x59,0xA0,0x6B,0xA0,0x4B,0xA0,0x12,0xE0,0x16,0xA0}},
  {0x5497, {0x00,0x00,0x01,0x00,0x71,0x00,0x57,0xF0,0x52,0x00,0x52,0x00,0x56,0x00,0x57,0xE0,0x5C,0x80,0x78,0x80,0x50,0x80,0x07,0xF0}},
  {0x5498, {0x00,0x00,0x01,0x00,0x7F,0xF0,0x52,0x00,0x56,0x80,0x54,0x80,0x5F,0xF0,0x54,0xB0,0x74,0xB0,0x54,0xB0,0x04,0xE0,0x00,0x80}},
  {0x5499, {0x00,0x00,0x06,0x80,0x76,0x40,0x5F,0xF0,0x54,0x80,0x54,0xA0,0x54,0xA0,0x54,0xC0,0x54,0x90,0x7B,0x90,0x4E,0xB0,0x10,0xE0}},
  {0x549A, {0x00,0x00,0x02,0x00,0x77,0xE0,0x56,0x60,0x59,0xC0,0x53,0xC0,0x5C,0x30,0x53,0x80,0x50,0xC0,0x50,0x00,0x77,0x00,0x00,0xE0}},
  {0x549B, {0x00,0x00,0x01,0x00,0x70,0x80,0x57,0xF0,0x54,0x30,0x50,0x00,0x5F,0xF0,0x50,0x80,0x70,0x80,0x50,0x80,0x01,0x80,0x03,0x00}},
  {0x549C, {0x00,0x00,0x00,0x80,0x77,0xF0,0x54,0x10,0x50,0x00,0x52,0x20,0x52,0x40,0x53,0x80,0x72,0x00,0x52,0x10,0x02,0x20,0x03,0xE0}},
  {0x549F, {0x00,0x00,0x77,0xF0,0x51,0x80,0x51,0x00,0x57,0xE0,0x54,0x20,0x54,0x20,0x57,0xE0,0x74,0x20,0x54,0x20,0x07,0xE0,0x04,0x20}},
  {0x54A1, {0x00,0x00,0x7F,0xF0,0x54,0x20,0x54,0x20,0x57,0xE0,0x54,0x20,0x54,0x20,0x57,0xE0,0x74,0x20,0x44,0xF0,0x0F,0x20,0x00,0x20}},
  {0x54A2, {0x00,0x00,0x79,0xE0,0x49,0x20,0x79,0xE0,0x00,0x00,0x3F,0xC0,0x00,0x00,0xFF,0xF0,0x20,0x00,0x3F,0xC0,0x00,0x40,0x07,0x80}},
  {0x54A3, {0x00,0x00,0x01,0x00,0x7D,0x20,0x55,0x60,0x55,0x40,0x51,0x00,0x5F,0xF0,0x52,0x80,0x72,0x80,0x44,0x90,0x0C,0x90,0x18,0x60}},
  {0x54A4, {0x00,0x00,0x01,0x00,0x7F,0xF0,0x58,0x10,0x50,0xC0,0x57,0x80,0x51,0x00,0x51,0xE0,0x7F,0x00,0x51,0x10,0x01,0x30,0x01,0xE0}},
  {0x54A7, {0x00,0x00,0x7F,0x20,0x54,0xA0,0x54,0xA0,0x5F,0xA0,0x59,0xA0,0x5D,0xA0,0x56,0xA0,0x62,0xA0,0x44,0x20,0x0C,0x20,0x08,0xE0}},
  {0x54A8, {0x00,0x00,0x44,0x00,0x2F,0xE0,0x09,0x20,0x23,0x00,0x66,0xC0,0x58,0x70,0xFF,0xC0,0x20,0x40,0x20,0x40,0x3F,0xC0,0x20,0x40}},
  {0x54A9, {0x00,0x00,0x02,0x40,0x72,0xC0,0x5F,0xE0,0x51,0x00,0x51,0x00,0x57,0xE0,0x51,0x00,0x51,0x00,0x7F,0xF0,0x51,0x00,0x01,0x00}},
  {0x54AA, {0x00,0x00,0x05,0x20,0x75,0x60,0x53,0x40,0x51,0x00,0x5F,0xF0,0x53,0x80,0x53,0xC0,0x75,0x40,0x49,0x20,0x19,0x10,0x01,0x00}},
  {0x54AC, {0x00,0x00,0x01,0x00,0x71,0x00,0x50,0x80,0x5F,0xF0,0x52,0x40,0x5E,0x60,0x52,0x70,0x51,0xC0,0x71,0x80,0x02,0xC0,0x0C,0x30}},
  {0x54AE, {0x00,0x00,0x01,0x00,0x75,0x00,0x57,0xE0,0x55,0x00,0x51,0x00,0x5F,0xF0,0x53,0x80,0x73,0xC0,0x45,0x20,0x09,0x30,0x01,0x00}},
  {0x54AF, {0x00,0x00,0x02,0x00,0x73,0xE0,0x56,0x60,0x59,0xC0,0x53,0xC0,0x5C,0x30,0x57,0xE0,0x54,0x20,0x74,0x20,0x07,0xE0,0x00,0x00}},
  {0x54B0, {0x00,0x00,0x02,0x00,0x77,0xF0,0x54,0x20,0x5F,0xA0,0x54,0xA0,0x54,0xA0,0x57,0xA0,0x54,0xA0,0x77,0xA0,0x10,0x20,0x01,0xE0}},
  {0x54B1, {0x00,0x00,0x01,0x00,0x77,0xE0,0x54,0x20,0x54,0x20,0x57,0xE0,0x54,0x20,0x57,0xE0,0x54,0x20,0x74,0x20,0x07,0xE0,0x00,0x00}},
  {0x54B2, {0x00,0x00,0x76,0x40,0x52,0x40,0x57,0xE0,0x51,0x00,0x51,0x00,0x5F,0xF0,0x51,0x80,0x73,0x80,0x42,0x40,0x04,0x20,0x08,0x10}},
  {0x54B3, {0x00,0x00,0x01,0x80,0x7F,0xF0,0x52,0x00,0x52,0x40,0x54,0x40,0x57,0xA0,0x51,0x20,0x56,0x40,0x7D,0xC0,0x43,0x20,0x0C,0x10}},
  {0x54B4, {0x00,0x00,0x02,0x00,0x7F,0xF0,0x52,0x00,0x54,0x80,0x56,0xA0,0x56,0xA0,0x55,0xE0,0x59,0xC0,0x79,0x40,0x52,0x20,0x04,0x10}},
  {0x54B5, {0x00,0x00,0x01,0x00,0x7F,0xE0,0x52,0x40,0x57,0xF0,0x50,0x00,0x57,0xE0,0x56,0x00,0x77,0xE0,0x50,0x20,0x00,0x60,0x03,0xC0}},
  {0x54B6, {0x00,0x00,0x77,0xE0,0x50,0x80,0x50,0x80,0x5F,0xF0,0x50,0x80,0x50,0x80,0x57,0xE0,0x74,0x20,0x54,0x20,0x04,0x20,0x07,0xE0}},
  {0x54B7, {0x00,0x00,0x02,0x80,0x72,0x80,0x5E,0xA0,0x56,0xE0,0x52,0x80,0x52,0xC0,0x56,0xE0,0x5A,0x80,0x72,0x90,0x04,0x90,0x08,0x70}},
  {0x54B8, {0x00,0x00,0x01,0x40,0x7F,0xF0,0x41,0x00,0x7F,0x20,0x41,0x20,0x5F,0x40,0x52,0xC0,0x52,0xD0,0x5E,0x90,0x51,0xF0,0x82,0x60}},
  {0x54BA, {0x00,0x00,0x77,0xF0,0x50,0x00,0x57,0xE0,0x54,0x20,0x54,0x20,0x57,0xE0,0x54,0x20,0x54,0x20,0x77,0xE0,0x40,0x00,0x0F,0xF0}},
  {0x54BB, {0x00,0x00,0x74,0x80,0x54,0x80,0x57,0xF0,0x5C,0xC0,0x5D,0xC0,0x5D,0xC0,0x56,0xA0,0x76,0xA0,0x54,0x90,0x04,0x80,0x04,0x80}},
  {0x54BD, {0x00,0x00,0x07,0xE0,0x74,0x20,0x55,0x20,0x55,0x20,0x57,0xE0,0x55,0x20,0x55,0xA0,0x57,0x60,0x76,0x20,0x57,0xE0,0x04,0x20}},
  {0x54BE, {0x00,0x00,0x01,0x00,0x77,0xD0,0x51,0x20,0x51,0x40,0x5F,0xF0,0x53,0x00,0x5E,0x60,0x73,0xC0,0x52,0x30,0x02,0x20,0x03,0xE0}},
  {0x54C0, {0x00,0x00,0x06,0x00,0xFF,0xF0,0x00,0x00,0x3F,0xC0,0x20,0x40,0x3F,0xC0,0x2A,0x40,0x11,0x60,0x31,0x80,0xD6,0xC0,0x18,0x30}},
  {0x54C1, {0x00,0x00,0x3F,0xC0,0x20,0x40,0x20,0x40,0x3F,0xC0,0x00,0x00,0x79,0xE0,0x49,0x20,0x49,0x20,0x49,0x20,0x79,0xE0,0x49,0x20}},
  {0x54C2, {0x00,0x00,0x0F,0xF0,0x72,0x80,0x5F,0xE0,0x5A,0xA0,0x5A,0xA0,0x5A,0xA0,0x5E,0x60,0x5C,0x20,0x78,0x20,0x1F,0xE0,0x00,0x00}},
  {0x54C3, {0x00,0x00,0x77,0xF0,0x54,0x30,0x57,0xF0,0x54,0x30,0x57,0xF0,0x56,0x70,0x56,0x70,0x77,0xF0,0x54,0x30,0x04,0x30,0x04,0xE0}},
  {0x54C4, {0x00,0x00,0x02,0x40,0x72,0x40,0x5F,0xE0,0x52,0x40,0x52,0x40,0x52,0x40,0x5F,0xF0,0x70,0x00,0x52,0x40,0x0C,0x60,0x08,0x30}},
  {0x54C5, {0x00,0x00,0x04,0x00,0x77,0xF0,0x58,0x20,0x53,0x20,0x57,0x20,0x57,0x60,0x57,0xE0,0x74,0xE0,0x57,0xE0,0x00,0x20,0x01,0xE0}},
  {0x54C6, {0x00,0x00,0x02,0x00,0x73,0xE0,0x56,0x20,0x59,0xC0,0x53,0x00,0x5D,0x00,0x53,0xF0,0x56,0x20,0x79,0xC0,0x41,0x80,0x0E,0x00}},
  {0x54C7, {0x00,0x00,0x01,0x00,0x77,0xE0,0x51,0x00,0x51,0x00,0x5F,0xF0,0x50,0x00,0x51,0x00,0x5F,0xE0,0x71,0x00,0x41,0x00,0x0F,0xF0}},
  {0x54C8, {0x00,0x00,0x01,0x80,0x71,0x80,0x52,0x40,0x54,0x60,0x5F,0xF0,0x50,0x00,0x57,0xE0,0x54,0x20,0x74,0x20,0x57,0xE0,0x04,0x20}},
  {0x54C9, {0x00,0x00,0x11,0x00,0x11,0x40,0x7D,0x20,0x11,0x00,0xFF,0xF0,0x01,0x20,0x7D,0x40,0x44,0xC0,0x44,0x90,0x7F,0xD0,0x46,0x60}},
  {0x54CB, {0x00,0x00,0x00,0x40,0x69,0x40,0x29,0x60,0x3F,0xD0,0x29,0x50,0x29,0x60,0x29,0x60,0x29,0x50,0x6F,0x10,0x0D,0x10,0x01,0xE0}},
  {0x54CC, {0x00,0x00,0x00,0xE0,0x7F,0x80,0x5C,0x60,0x5F,0xC0,0x5E,0x80,0x5E,0xB0,0x5A,0x60,0x5A,0x40,0x7A,0x40,0x5B,0xA0,0x13,0x10}},
  {0x54CD, {0x00,0x00,0x01,0x00,0x7F,0xE0,0x58,0x20,0x5B,0xA0,0x5A,0xA0,0x5A,0xA0,0x5A,0xA0,0x5B,0xA0,0x78,0x20,0x58,0x20,0x08,0xE0}},
  {0x54CE, {0x00,0x00,0x02,0x40,0x02,0x40,0x7F,0xF0,0x52,0x40,0x50,0x00,0x54,0x40,0x54,0x40,0x52,0x80,0x71,0x80,0x43,0xC0,0x0C,0x60}},
  {0x54CF, {0x00,0x00,0x07,0xE0,0x74,0x20,0x54,0x20,0x57,0xE0,0x54,0x20,0x57,0xE0,0x55,0x20,0x54,0xE0,0x74,0xC0,0x57,0x60,0x06,0x30}},
  {0x54D0, {0x00,0x00,0x07,0xF0,0x74,0x00,0x57,0xE0,0x54,0x80,0x54,0x80,0x55,0xE0,0x54,0x80,0x54,0x80,0x77,0xE0,0x54,0x00,0x07,0xF0}},
  {0x54D2, {0x00,0x00,0x08,0xC0,0x74,0xC0,0x53,0xF0,0x5C,0x80,0x54,0xC0,0x54,0xE0,0x54,0xA0,0x55,0x20,0x76,0x10,0x4E,0x00,0x03,0xF0}},
  {0x54D3, {0x00,0x00,0x02,0x00,0x73,0xE0,0x5F,0xC0,0x51,0x90,0x56,0xF0,0x50,0x00,0x5F,0xE0,0x52,0x80,0x76,0x90,0x44,0x90,0x18,0x60}},
  {0x54D4, {0x00,0x00,0x04,0x80,0x74,0xA0,0x56,0xC0,0x54,0x90,0x56,0x90,0x54,0xE0,0x51,0x00,0x5F,0xF0,0x71,0x00,0x41,0x00,0x01,0x00}},
  {0x54D5, {0x00,0x00,0x00,0x80,0x74,0xA0,0x54,0xA0,0x57,0xE0,0x52,0x00,0x53,0xE0,0x54,0x20,0x5A,0x40,0x71,0x80,0x03,0x00,0x04,0x00}},
  {0x54D6, {0x00,0x00,0x02,0x00,0x77,0xF0,0x54,0x80,0x58,0x80,0x57,0xF0,0x54,0x80,0x54,0x80,0x7F,0xF0,0x50,0x80,0x00,0x80,0x00,0x80}},
  {0x54D7, {0x00,0x00,0x02,0x80,0x74,0xA0,0x54,0xC0,0x5F,0x90,0x5C,0x90,0x54,0xE0,0x51,0x00,0x5F,0xF0,0x71,0x00,0x41,0x00,0x01,0x00}},
  {0x54D8, {0x00,0x00,0x72,0xF0,0x56,0x00,0x5E,0x00,0x52,0x00,0x57,0xF0,0x5E,0x40,0x5E,0x40,0x76,0x40,0x56,0x40,0x06,0x40,0x07,0xC0}},
  {0x54D9, {0x00,0x00,0x01,0x80,0x73,0x80,0x52,0x40,0x54,0x60,0x5F,0xD0,0x50,0x00,0x5F,0xE0,0x52,0x40,0x72,0x40,0x55,0xE0,0x0F,0x20}},
  {0x54DA, {0x00,0x00,0x03,0xC0,0x72,0x40,0x54,0x40,0x5C,0x70,0x51,0x00,0x51,0x00,0x5F,0xF0,0x53,0x80,0x75,0x40,0x59,0x30,0x01,0x00}},
  {0x54DB, {0x00,0x00,0x7A,0x20,0x4B,0xC0,0x4B,0x20,0x7B,0x20,0x49,0xE0,0x19,0x80,0x70,0xE0,0x7F,0xF0,0x08,0x40,0x30,0x40,0x63,0x80}},
  {0x54DD, {0x00,0x00,0x01,0x00,0x7F,0xE0,0x59,0x20,0x53,0x00,0x52,0x20,0x56,0xA0,0x56,0xC0,0x5E,0x40,0x7A,0x40,0x43,0xA0,0x06,0x10}},
  {0x54DE, {0x00,0x00,0x01,0x00,0x72,0x40,0x54,0x60,0x5F,0xE0,0x55,0x80,0x55,0x80,0x5F,0xE0,0x59,0x80,0x7F,0xF0,0x41,0x80,0x01,0x80}},
  {0x54DF, {0x00,0x00,0x04,0x80,0x74,0x80,0x5B,0xE0,0x5B,0x20,0x5D,0x20,0x58,0xA0,0x5E,0xA0,0x50,0x20,0x7E,0x20,0x40,0x20,0x01,0xE0}},
  {0x54E0, {0x00,0x00,0x00,0x80,0x77,0xE0,0x54,0x80,0x50,0x80,0x5F,0xF0,0x50,0x00,0x57,0xE0,0x74,0x20,0x54,0x20,0x07,0xE0,0x04,0x20}},
  {0x54E2, {0x00,0x00,0x77,0xE0,0x51,0x00,0x57,0xE0,0x51,0x00,0x5F,0xF0,0x50,0x40,0x52,0x40,0x7F,0xF0,0x46,0x40,0x04,0x40,0x08,0x40}},
  {0x54E3, {0x00,0x00,0x7F,0xF0,0x50,0x00,0x57,0xE0,0x54,0x20,0x54,0x20,0x54,0x20,0x57,0xE0,0x50,0x20,0x72,0x60,0x42,0x40,0x0F,0xF0}},
  {0x54E4, {0x00,0x00,0x72,0xC0,0x52,0x40,0x5F,0xF0,0x53,0x40,0x57,0xC0,0x55,0xE0,0x55,0xC0,0x55,0x20,0x79,0xD0,0x0B,0x90,0x10,0xE0}},
  {0x54E5, {0x00,0x00,0xFF,0xF0,0x00,0x40,0x3E,0x40,0x22,0x00,0xFF,0xF0,0x00,0x40,0x00,0x40,0x3E,0x40,0x22,0x40,0x3E,0x40,0x01,0xC0}},
  {0x54E6, {0x00,0x00,0x00,0x80,0x7F,0xA0,0x54,0xA0,0x54,0x80,0x5F,0xF0,0x54,0xA0,0x57,0xA0,0x5C,0xC0,0x64,0xD0,0x47,0x50,0x0C,0x30}},
  {0x54E8, {0x00,0x00,0x05,0xA0,0x75,0xE0,0x57,0xE0,0x54,0x20,0x54,0x20,0x57,0xE0,0x54,0x20,0x77,0xE0,0x54,0x20,0x04,0x20,0x04,0xE0}},
  {0x54EA, {0x00,0x00,0x0E,0xF0,0x6A,0xA0,0x6A,0xA0,0x7E,0xE0,0x6A,0xA0,0x6A,0xA0,0x7E,0x90,0x6A,0x90,0x0A,0xE0,0x12,0x80,0x2E,0x80}},
  {0x54EB, {0x00,0x00,0x77,0xE0,0x54,0x20,0x54,0x20,0x54,0x20,0x57,0xE0,0x50,0x80,0x54,0x80,0x74,0xF0,0x44,0x80,0x0B,0x80,0x09,0xF0}},
  {0x54EC, {0x00,0x00,0x04,0x00,0x67,0xF0,0x4C,0x20,0x5F,0xA0,0x5E,0xA0,0x56,0xA0,0x46,0xA0,0x47,0xA0,0x64,0x20,0x04,0x20,0x04,0xE0}},
  {0x54ED, {0x00,0x00,0x7D,0xE0,0x4D,0x20,0x4D,0x20,0x7D,0xE0,0x01,0x20,0x00,0x80,0x06,0x40,0xFF,0xF0,0x07,0x00,0x18,0x80,0xE0,0x70}},
  {0x54EE, {0x00,0x00,0x02,0x00,0x67,0xA0,0x62,0x40,0x7F,0xF0,0x63,0x00,0x7F,0xE0,0x60,0xC0,0x6F,0xF0,0x60,0x80,0x01,0x80,0x07,0x00}},
  {0x54F0, {0x00,0x00,0x00,0x80,0x77,0xF0,0x54,0x10,0x52,0x80,0x57,0xE0,0x54,0x80,0x50,0x80,0x7F,0xF0,0x50,0x80,0x00,0x80,0x00,0x80}},
  {0x54F2, {0x00,0x00,0x20,0x60,0xFF,0xE0,0x32,0x00,0xFF,0xF0,0x24,0x40,0x64,0x40,0x00,0x00,0x3F,0xC0,0x20,0x40,0x3F,0xC0,0x20,0x40}},
  {0x54F3, {0x00,0x00,0x04,0x60,0x65,0xC0,0x7F,0x00,0x65,0x00,0x65,0xF0,0x67,0x20,0x7D,0x20,0x65,0x20,0x65,0x20,0x47,0x20,0x1A,0x20}},
  {0x54F4, {0x00,0x00,0x01,0x00,0x77,0xE0,0x54,0x20,0x57,0xE0,0x54,0x20,0x57,0xE0,0x55,0x20,0x74,0xE0,0x54,0xC0,0x07,0x70,0x04,0x00}},
  {0x54F5, {0x00,0x00,0x6F,0x20,0x29,0x20,0x29,0x60,0x2F,0x60,0x29,0x60,0x24,0x60,0x3F,0x60,0x25,0x60,0x65,0x20,0x09,0x20,0x16,0x60}},
  {0x54F7, {0x00,0x00,0x7F,0xE0,0x51,0x00,0x55,0x20,0x54,0xE0,0x50,0x40,0x50,0x40,0x5F,0xF0,0x50,0x40,0x76,0x40,0x12,0x40,0x01,0xC0}},
  {0x54F8, {0x00,0x00,0x7F,0xF0,0x51,0x00,0x55,0xA0,0x54,0x20,0x51,0x00,0x5F,0xF0,0x56,0x40,0x56,0x40,0x71,0x80,0x03,0x60,0x0C,0x30}},
  {0x54FA, {0x00,0x00,0x01,0x40,0x7F,0xF0,0x51,0x00,0x5F,0xE0,0x59,0x20,0x5F,0xE0,0x59,0x20,0x5F,0xE0,0x79,0x20,0x59,0x20,0x09,0xE0}},
  {0x54FB, {0x00,0x00,0x77,0xE0,0x54,0x20,0x57,0xE0,0x54,0x20,0x57,0xE0,0x50,0x00,0x57,0xE0,0x51,0x80,0x7F,0xF0,0x01,0x80,0x01,0x80}},
  {0x54FC, {0x00,0x00,0x01,0x00,0x7F,0xF0,0x54,0x20,0x57,0xE0,0x50,0x00,0x57,0xE0,0x50,0x40,0x70,0x80,0x50,0x80,0x01,0x80,0x07,0x00}},
  {0x54FD, {0x00,0x00,0x0F,0xF0,0x71,0x00,0x5F,0xE0,0x59,0x20,0x5F,0xE0,0x59,0x20,0x5F,0xE0,0x75,0x20,0x47,0x00,0x07,0x80,0x18,0x70}},
  {0x54FE, {0x00,0x00,0x72,0x40,0x52,0x40,0x57,0xE0,0x54,0x20,0x54,0x20,0x54,0x20,0x57,0xE0,0x52,0x80,0x72,0x90,0x04,0x90,0x08,0x70}},
  {0x54FF, {0x00,0x00,0x20,0x00,0x7D,0xE0,0x25,0x20,0xD9,0xE0,0x00,0x00,0xFF,0xF0,0x00,0x40,0x3E,0x40,0x22,0x40,0x3E,0x40,0x03,0xC0}},
  {0x5502, {0x00,0x00,0x02,0x40,0x76,0x20,0x5D,0x90,0x51,0x80,0x52,0x40,0x5C,0x30,0x57,0xE0,0x74,0x20,0x14,0x20,0x07,0xE0,0x04,0x20}},
  {0x5503, {0x00,0x00,0x02,0x00,0x77,0xC0,0x54,0xC0,0x5F,0xE0,0x54,0xA0,0x54,0xA0,0x57,0xE0,0x54,0xA0,0x77,0xE0,0x0C,0xA0,0x08,0x60}},
  {0x5505, {0x00,0x00,0x01,0x80,0x73,0xC0,0x57,0x60,0x58,0x10,0x57,0xE0,0x50,0x40,0x50,0x40,0x77,0xE0,0x54,0x20,0x04,0x20,0x07,0xE0}},
  {0x5506, {0x00,0x00,0x01,0x00,0x72,0x40,0x54,0x60,0x5F,0xF0,0x54,0x40,0x5A,0x20,0x57,0xE0,0x5E,0x40,0x71,0x80,0x43,0xC0,0x0C,0x30}},
  {0x5507, {0x00,0x00,0x7F,0xF0,0x40,0x00,0x5F,0xE0,0x40,0x00,0x7F,0xF0,0x52,0x60,0x5F,0xC0,0x58,0x60,0x5F,0xE0,0x50,0x20,0x9F,0xE0}},
  {0x5509, {0x00,0x00,0x01,0x00,0x72,0x40,0x54,0x40,0x5F,0xE0,0x54,0x20,0x5F,0xE0,0x59,0x00,0x5F,0xF0,0x71,0x80,0x06,0x40,0x0C,0x30}},
  {0x550A, {0x00,0x00,0x01,0x00,0x71,0x00,0x5F,0xF0,0x55,0x20,0x55,0x60,0x5F,0x60,0x59,0x90,0x51,0x80,0x72,0xC0,0x04,0x60,0x08,0x30}},
  {0x550B, {0x00,0x00,0x01,0x80,0x73,0x80,0x52,0x40,0x5C,0x20,0x5F,0xF0,0x51,0x00,0x5F,0xE0,0x51,0x00,0x75,0x60,0x09,0x20,0x03,0x00}},
  {0x550D, {0x00,0x00,0x01,0x00,0x7F,0xF0,0x58,0x00,0x50,0x00,0x57,0xE0,0x50,0x00,0x5F,0xF0,0x52,0x80,0x72,0x90,0x04,0x90,0x08,0x70}},
  {0x5510, {0x00,0x00,0x02,0x00,0x7F,0xF0,0x42,0x00,0x5F,0xE0,0x42,0x20,0x7F,0xF0,0x42,0x20,0x5F,0xE0,0x50,0x60,0x5F,0xE0,0x90,0x60}},
  {0x5511, {0x00,0x00,0x01,0x00,0x75,0x20,0x55,0x40,0x5D,0x60,0x5F,0xE0,0x5B,0x90,0x51,0x00,0x5F,0xE0,0x71,0x00,0x41,0x00,0x0F,0xF0}},
  {0x5512, {0x00,0x00,0x7F,0xF0,0x51,0x40,0x51,0x40,0x57,0xE0,0x55,0x40,0x56,0x40,0x56,0x60,0x54,0x00,0x77,0xE0,0x14,0x00,0x07,0xE0}},
  {0x5513, {0x00,0x00,0x00,0x80,0x77,0xE0,0x50,0x80,0x57,0xE0,0x54,0xA0,0x57,0xE0,0x54,0xA0,0x77,0xE0,0x50,0x80,0x1F,0xF0,0x00,0x80}},
  {0x5517, {0x00,0x00,0x01,0x80,0x77,0xE0,0x51,0x80,0x51,0x80,0x5F,0xF0,0x50,0x00,0x54,0x80,0x54,0xE0,0x74,0x80,0x0F,0x80,0x09,0xF0}},
  {0x5519, {0x00,0x00,0x02,0x40,0x7C,0x40,0x5D,0x50,0x5D,0x70,0x55,0xE0,0x54,0xC0,0x5E,0xC0,0x52,0xC0,0x63,0xA0,0x07,0x30,0x0E,0x10}},
  {0x551B, {0x00,0x00,0x00,0x80,0x77,0xF0,0x50,0x80,0x57,0xE0,0x50,0x80,0x5F,0xF0,0x52,0x00,0x57,0xE0,0x7B,0x40,0x41,0xC0,0x0E,0x70}},
  {0x551C, {0x00,0x00,0x06,0x00,0xFF,0xF0,0x06,0x00,0x7F,0xE0,0x3F,0x80,0xC0,0x70,0x79,0x00,0x49,0xE0,0x49,0x80,0x79,0x30,0x49,0xE0}},
  {0x551D, {0x00,0x00,0x77,0xE0,0x51,0x80,0x5F,0xF0,0x50,0x00,0x57,0xE0,0x54,0x20,0x55,0x20,0x55,0x20,0x71,0x80,0x06,0x60,0x0C,0x30}},
  {0x551E, {0x00,0x00,0x74,0x20,0x55,0x20,0x5E,0xE0,0x54,0x20,0x55,0x20,0x56,0xA0,0x5C,0x20,0x55,0xF0,0x64,0x20,0x04,0x20,0x1C,0x20}},
  {0x5520, {0x00,0x00,0x02,0x40,0x7F,0xE0,0x52,0x40,0x5F,0xF0,0x58,0x30,0x51,0x00,0x57,0xE0,0x53,0x20,0x72,0x20,0x44,0x20,0x09,0xC0}},
  {0x5521, {0x00,0x00,0x7F,0xF0,0x52,0x80,0x52,0x80,0x5F,0xE0,0x5A,0xA0,0x5A,0xA0,0x5B,0xE0,0x5E,0xE0,0x7D,0x20,0x08,0x20,0x08,0xE0}},
  {0x5522, {0x00,0x00,0x05,0xA0,0x75,0xA0,0x57,0xE0,0x55,0xA0,0x55,0xA0,0x55,0xA0,0x55,0x20,0x55,0xA0,0x73,0xC0,0x46,0x60,0x08,0x10}},
  {0x5523, {0x00,0x00,0x01,0x00,0x77,0xE0,0x54,0x20,0x57,0xE0,0x54,0x20,0x57,0xE0,0x51,0x00,0x5F,0xF0,0x71,0x10,0x51,0x30,0x01,0xE0}},
  {0x5524, {0x00,0x00,0x02,0x00,0x73,0xC0,0x54,0x40,0x50,0x80,0x5F,0xE0,0x55,0x20,0x55,0x20,0x5F,0xF0,0x51,0x80,0x76,0x40,0x48,0x30}},
  {0x5525, {0x00,0x00,0x00,0x80,0x79,0x80,0x59,0x40,0x52,0x20,0x56,0xB0,0x50,0x80,0x5F,0xE0,0x58,0x60,0x7A,0xC0,0x11,0x80,0x00,0x40}},
  {0x5526, {0x00,0x00,0x00,0x80,0x74,0x80,0x51,0xE0,0x59,0xA0,0x5E,0x90,0x52,0x80,0x50,0xA0,0x54,0x60,0x68,0xC0,0x09,0x80,0x06,0x00}},
  {0x5528, {0x00,0x00,0x6F,0xE0,0x6A,0xA0,0x6A,0xA0,0x6C,0xE0,0x6E,0xA0,0x6A,0xA0,0x6B,0xA0,0x6B,0xE0,0x6F,0xA0,0x08,0xA0,0x09,0xF0}},
  {0x5529, {0x00,0x00,0x7F,0xE0,0x51,0x00,0x5F,0xF0,0x53,0xC0,0x5D,0x30,0x53,0x00,0x5F,0xF0,0x54,0x40,0x77,0x80,0x03,0xE0,0x0C,0x30}},
  {0x552E, {0x00,0x00,0x32,0x00,0x62,0x00,0xFF,0xE0,0x62,0x00,0x3F,0xE0,0x22,0x00,0x3F,0xF0,0x00,0x00,0x3F,0xE0,0x20,0x20,0x3F,0xE0}},
  {0x552F, {0x00,0x00,0x02,0x80,0x74,0x80,0x57,0xF0,0x5C,0x80,0x5F,0xE0,0x54,0x80,0x57,0xE0,0x74,0x80,0x54,0x80,0x07,0xF0,0x04,0x00}},
  {0x5530, {0x00,0x00,0x0F,0x20,0x69,0x60,0x6F,0x60,0x6A,0x60,0x6F,0x60,0x6B,0x60,0x7B,0x60,0x7B,0x60,0x73,0x20,0x53,0x20,0x02,0x60}},
  {0x5531, {0x00,0x00,0x07,0xE0,0x74,0x20,0x57,0xE0,0x54,0x20,0x57,0xE0,0x50,0x00,0x57,0xE0,0x54,0x20,0x77,0xE0,0x14,0x20,0x03,0xC0}},
  {0x5532, {0x00,0x00,0x76,0xE0,0x54,0x20,0x54,0x20,0x56,0xE0,0x54,0x20,0x54,0x20,0x57,0xE0,0x52,0x80,0x72,0x90,0x04,0x90,0x08,0x60}},
  {0x5534, {0x00,0x00,0x06,0x40,0x7F,0xF0,0x51,0x00,0x51,0x00,0x57,0xE0,0x51,0x00,0x5F,0xF0,0x53,0x80,0x72,0x90,0x0C,0x90,0x08,0xE0}},
  {0x5535, {0x00,0x00,0x01,0x00,0x7F,0xE0,0x52,0x40,0x55,0x30,0x5F,0xE0,0x55,0x20,0x57,0xE0,0x55,0x20,0x77,0xF0,0x41,0x10,0x00,0xE0}},
  {0x5536, {0x00,0x00,0x02,0x40,0x77,0xE0,0x52,0x40,0x52,0x40,0x5F,0xF0,0x50,0x00,0x57,0xE0,0x54,0x20,0x77,0xE0,0x54,0x20,0x07,0xE0}},
  {0x5537, {0x00,0x00,0x01,0x00,0xFF,0xF0,0xD2,0x40,0xD4,0x60,0xDF,0xE0,0xD4,0x20,0xD7,0xE0,0xF4,0x20,0xD7,0xE0,0x04,0x20,0x04,0xE0}},
  {0x553A, {0x00,0x00,0x02,0x80,0x7F,0xE0,0x5A,0xA0,0x5A,0xA0,0x5F,0xE0,0x5A,0xA0,0x5A,0xA0,0x7F,0xF0,0x52,0x40,0x04,0x60,0x08,0x00}},
  {0x553B, {0x00,0x00,0x01,0x00,0x7F,0xF0,0x51,0x00,0x55,0x60,0x5F,0x60,0x5B,0x90,0x53,0x80,0x53,0x40,0x7D,0x20,0x49,0x30,0x01,0x00}},
  {0x553C, {0x00,0x00,0x01,0x00,0x7F,0xE0,0x52,0x40,0x52,0x40,0x5F,0xF0,0x51,0x00,0x5F,0xF0,0x56,0x40,0x73,0x80,0x43,0xC0,0x0C,0x30}},
  {0x553E, {0x00,0x00,0x00,0xE0,0x7F,0xC0,0x51,0x00,0x5F,0xF0,0x55,0x20,0x5F,0xF0,0x55,0x20,0x55,0x20,0x7F,0xF0,0x51,0x00,0x0F,0xE0}},
  {0x5540, {0x00,0x00,0x7F,0xF0,0x58,0x00,0x58,0x80,0x5F,0xE0,0x58,0x80,0x5F,0xF0,0x58,0x80,0x7B,0xE0,0x48,0x80,0x18,0x80,0x17,0xF0}},
  {0x5541, {0x00,0x00,0x7F,0xE0,0x59,0x20,0x5B,0xE0,0x59,0x20,0x5F,0xE0,0x58,0x20,0x5B,0xE0,0x7A,0x60,0x4B,0xA0,0x1A,0x20,0x10,0xE0}},
  {0x5542, {0x00,0x00,0x7F,0x40,0x5D,0x40,0x5D,0x40,0x53,0x40,0x5F,0x40,0x52,0x40,0x56,0x40,0x5F,0x50,0x7E,0x50,0x06,0x50,0x0C,0x60}},
  {0x5543, {0x00,0x00,0x00,0x80,0xF4,0xE0,0xD4,0x80,0xDF,0xF0,0xD4,0x20,0xD7,0xE0,0xD4,0x20,0xF7,0xE0,0xD4,0x20,0x04,0x20,0x04,0xE0}},
  {0x5544, {0x00,0x00,0x0F,0xE0,0x71,0x00,0x56,0x20,0x59,0x40,0x53,0xC0,0x55,0xC0,0x5F,0xC0,0x72,0xE0,0x44,0xA0,0x09,0x90,0x07,0x00}},
  {0x5545, {0x00,0x00,0x01,0x00,0x71,0xF0,0x51,0x00,0x57,0xE0,0x54,0x20,0x57,0xE0,0x54,0x20,0x77,0xE0,0x51,0x00,0x1F,0xF0,0x01,0x00}},
  {0x5546, {0x00,0x00,0x04,0x00,0xFF,0xF0,0x11,0x00,0x7F,0xE0,0x49,0x20,0x50,0xA0,0x7F,0xE0,0x49,0x20,0x4F,0x20,0x48,0x20,0x40,0xC0}},
  {0x5547, {0x00,0x00,0x04,0x00,0xFF,0xF0,0x19,0x80,0x7F,0xE0,0x44,0x20,0x7F,0xE0,0x46,0x20,0x5F,0xA0,0x51,0xA0,0x5F,0xA0,0x40,0xE0}},
  {0x5548, {0x00,0x00,0x01,0x00,0x77,0xE0,0x51,0x00,0x5F,0xF0,0x50,0x40,0x52,0x40,0x5F,0xF0,0x71,0x00,0x5F,0xF0,0x01,0x00,0x01,0x00}},
  {0x5549, {0x00,0x00,0x04,0x40,0x74,0x40,0x5F,0xE0,0x54,0xC0,0x56,0xC0,0x5F,0x60,0x5D,0x60,0x56,0x50,0x74,0x40,0x54,0x40,0x04,0x40}},
  {0x554A, {0x00,0x00,0x0F,0xF0,0x7C,0x20,0x7C,0x20,0x7D,0xE0,0x7D,0x60,0x7D,0x60,0x7B,0x60,0x7F,0xA0,0x6C,0x20,0x08,0x20,0x08,0xE0}},
  {0x554B, {0x00,0x00,0x7F,0xE0,0x51,0x00,0x55,0x20,0x54,0x40,0x51,0x00,0x5F,0xF0,0x53,0x80,0x57,0x40,0x75,0x20,0x09,0x30,0x01,0x00}},
  {0x554D, {0x00,0x00,0x01,0x00,0x7F,0xF0,0x50,0x00,0x57,0xE0,0x54,0x20,0x57,0xE0,0x57,0xE0,0x50,0x80,0x7F,0xF0,0x01,0x80,0x07,0x00}},
  {0x5550, {0x00,0x00,0x01,0x00,0xFF,0xF0,0xD6,0x40,0xD4,0x40,0xD6,0x40,0xDD,0xA0,0xD8,0x90,0xD1,0x00,0xFF,0xF0,0xC1,0x00,0x01,0x00}},
  {0x5552, {0x00,0x00,0x7F,0xE0,0x58,0x20,0x5F,0xE0,0x58,0x80,0x5A,0xA0,0x5A,0xA0,0x5B,0xE0,0x58,0x80,0x7C,0xA0,0x1C,0xA0,0x17,0xE0}},
  {0x5555, {0x00,0x00,0x04,0x00,0x7F,0xE0,0x5C,0x20,0x57,0xA0,0x5A,0x20,0x5F,0xE0,0x5A,0xA0,0x7A,0xA0,0x57,0xA0,0x00,0x20,0x01,0xE0}},
  {0x5559, {0x00,0x00,0x12,0x00,0x52,0x60,0x5F,0x00,0x53,0x10,0x5D,0xE0,0xC0,0x00,0x79,0xE0,0x49,0x20,0x49,0x20,0x79,0xE0,0x49,0x20}},
  {0x555A, {0x00,0x00,0x3F,0xC0,0x20,0x40,0x3F,0xC0,0x06,0x00,0xFF,0xF0,0x06,0x00,0x7F,0xE0,0x49,0x20,0x4F,0x20,0x40,0x20,0x7F,0xE0}},
  {0x555B, {0x00,0x00,0x01,0x00,0x7F,0xE0,0x51,0x00,0x5F,0xF0,0x51,0x20,0x57,0xE0,0x53,0x00,0x5F,0xF0,0x76,0xC0,0x03,0xC0,0x0E,0x20}},
  {0x555C, {0x00,0x00,0x7F,0xF0,0x52,0x20,0x5A,0xA0,0x56,0x60,0x5B,0xA0,0x5F,0xE0,0x5A,0xA0,0x76,0xA0,0x56,0x40,0x0A,0xE0,0x11,0x10}},
  {0x555D, {0x00,0x00,0x7F,0xE0,0x54,0xA0,0x54,0xA0,0x5F,0xA0,0x54,0xA0,0x56,0xA0,0x5F,0xA0,0x5C,0xA0,0x74,0xA0,0x04,0xE0,0x04,0x80}},
  {0x5560, {0x00,0x00,0x0D,0xE0,0x7B,0x00,0x42,0x00,0x7F,0xF0,0x4A,0x40,0x4A,0x40,0x80,0x00,0x3F,0xC0,0x20,0x40,0x20,0x40,0x3F,0xC0}},
  {0x5561, {0x00,0x00,0x02,0x80,0x72,0x80,0x5E,0xF0,0x52,0x80,0x52,0x80,0x5E,0xF0,0x52,0x80,0x5E,0xF0,0x72,0x80,0x42,0x80,0x02,0x80}},
  {0x5564, {0x00,0x00,0x01,0x00,0x7F,0xE0,0x59,0x20,0x5F,0xE0,0x59,0x20,0x5F,0xE0,0x52,0x20,0x56,0x80,0x74,0x80,0x5F,0xF0,0x00,0x80}},
  {0x5565, {0x00,0x00,0x01,0x80,0xF2,0x80,0xD4,0x60,0xDF,0xF0,0xD1,0x00,0xDF,0xE0,0xD1,0x00,0xF7,0xE0,0xD4,0x20,0x07,0xE0,0x00,0x00}},
  {0x5566, {0x00,0x00,0x04,0xC0,0x74,0x40,0x5F,0xE0,0x55,0x20,0x55,0x20,0x57,0xA0,0x5C,0xA0,0x54,0xE0,0x64,0x40,0x47,0xF0,0x1C,0x00}},
  {0x5567, {0x00,0x00,0x01,0x00,0x77,0xE0,0x51,0x00,0x51,0x00,0x57,0xE0,0x5F,0xF0,0x57,0xE0,0x55,0x20,0x75,0xA0,0x43,0xC0,0x0C,0x20}},
  {0x5568, {0x00,0x00,0x01,0x80,0x7F,0xF0,0x51,0x80,0x5F,0xF0,0x57,0xE0,0x54,0x20,0x57,0xE0,0x74,0x20,0x57,0xE0,0x04,0x20,0x04,0xE0}},
  {0x5569, {0x00,0x00,0x04,0x40,0x7F,0x40,0x54,0x40,0x54,0x40,0x5F,0x60,0x54,0x70,0x5F,0x40,0x54,0x40,0x67,0xC0,0x1F,0xC0,0x00,0x40}},
  {0x556A, {0x00,0x00,0x04,0x80,0x65,0xE0,0x7F,0x20,0x65,0x20,0x65,0x20,0x7F,0xE0,0x7D,0x20,0x65,0x20,0x65,0x20,0x05,0xE0,0x1D,0x20}},
  {0x556B, {0x00,0x00,0x01,0x00,0x77,0xA0,0x51,0x60,0x51,0xC0,0x5F,0xF0,0x53,0x00,0x5F,0xE0,0x54,0x20,0x77,0xE0,0x04,0x20,0x07,0xE0}},
  {0x556C, {0x00,0x00,0x06,0x00,0x7F,0xE0,0x26,0x40,0x16,0x80,0xFF,0xF0,0x00,0x00,0x7F,0xE0,0x49,0x20,0x4F,0x20,0x40,0x20,0x3F,0xC0}},
  {0x556D, {0x00,0x00,0x04,0x40,0x7E,0x40,0x69,0xE0,0x6C,0x80,0x7D,0xF0,0x7E,0x80,0x64,0xE0,0x66,0x20,0x7C,0xC0,0x44,0x40,0x04,0x20}},
  {0x556E, {0x00,0x00,0x00,0x80,0xF4,0xE0,0xD4,0x80,0xDF,0xF0,0xD0,0x00,0xD9,0x20,0xD9,0xA0,0xFE,0x60,0xD8,0x20,0x0F,0xE0,0x00,0x00}},
  {0x556F, {0x00,0x00,0x7F,0xE0,0x58,0x20,0x5F,0xE0,0x59,0x20,0x59,0x20,0x5B,0xE0,0x59,0x20,0x59,0x60,0x7F,0xE0,0x58,0x20,0x0F,0xE0}},
  {0x5570, {0x00,0x00,0x7F,0xE0,0x5A,0xA0,0x5A,0xA0,0x5F,0xE0,0x52,0x00,0x57,0xE0,0x54,0x20,0x7A,0x40,0x51,0x80,0x03,0x00,0x0C,0x00}},
  {0x5572, {0x00,0x00,0x04,0x80,0x7E,0xF0,0x5B,0xB0,0x5B,0x30,0x5A,0xB0,0x5E,0xA0,0x5A,0x60,0x5A,0x20,0x6A,0x20,0x0E,0x20,0x0A,0xE0}},
  {0x5573, {0x00,0x00,0x75,0x20,0x55,0x40,0x5F,0xE0,0x53,0x00,0x5F,0xF0,0x54,0x40,0x5F,0xF0,0x5C,0x40,0x75,0xA0,0x04,0x20,0x03,0xE0}},
  {0x5574, {0x00,0x00,0x02,0x40,0x77,0xE0,0x55,0xA0,0x55,0xA0,0x57,0xE0,0x55,0xA0,0x57,0xE0,0x51,0x80,0x7F,0xF0,0x01,0x80,0x01,0x80}},
  {0x5576, {0x00,0x00,0x01,0x00,0x7F,0xF0,0x5C,0x30,0x50,0x00,0x5F,0xF0,0x51,0x80,0x55,0x80,0x55,0xE0,0x7D,0x80,0x1B,0x80,0x01,0xF0}},
  {0x5577, {0x00,0x00,0x04,0x00,0x6E,0xF0,0x68,0xA0,0x6E,0xA0,0x68,0xA0,0x68,0xA0,0x6E,0x90,0x6A,0x90,0x6F,0xE0,0x0D,0x80,0x00,0x80}},
  {0x5578, {0x00,0x00,0x01,0x00,0xEF,0xE0,0xE1,0x20,0xFF,0xF0,0xE1,0x20,0xEF,0xE0,0xE9,0x00,0xEB,0xA0,0xEB,0x60,0xCD,0x60,0x11,0x20}},
  {0x557A, {0x00,0x00,0x77,0xE0,0x54,0x20,0x57,0xE0,0x54,0x20,0x5F,0xF0,0x54,0x00,0x5F,0xE0,0x7A,0xA0,0x56,0xA0,0x0D,0x20,0x03,0xE0}},
  {0x557B, {0x00,0x00,0x04,0x00,0x7F,0xE0,0x10,0x80,0x7F,0xE0,0x46,0x20,0x3F,0xC0,0x26,0x40,0x26,0x40,0x3F,0xE0,0x20,0x20,0x1F,0xC0}},
  {0x557C, {0x00,0x00,0x01,0x00,0x7F,0xF0,0x52,0x40,0x5F,0xF0,0x59,0x10,0x51,0x00,0x57,0xE0,0x75,0x20,0x55,0x20,0x05,0xE0,0x01,0x00}},
  {0x557D, {0x00,0x00,0x71,0x80,0x52,0x40,0x57,0xE0,0x58,0x00,0x57,0xE0,0x54,0x20,0x57,0xE0,0x52,0x40,0x7F,0xF0,0x04,0x40,0x08,0x40}},
  {0x5580, {0x00,0x00,0x01,0x00,0x7F,0xF0,0x50,0x10,0x57,0xE0,0x5F,0x40,0x53,0x80,0x5C,0x70,0x77,0xE0,0x44,0x20,0x07,0xE0,0x00,0x00}},
  {0x5581, {0x00,0x00,0x77,0xE0,0x55,0x20,0x57,0xE0,0x55,0x20,0x57,0xE0,0x51,0x00,0x5F,0xF0,0x79,0x50,0x5F,0xF0,0x08,0x30,0x08,0x60}},
  {0x5583, {0x00,0x00,0x01,0x00,0x7F,0xF0,0x51,0x00,0x5F,0xE0,0x5A,0x60,0x59,0xA0,0x5F,0xE0,0x59,0x20,0x7F,0xE0,0x49,0x20,0x09,0xE0}},
  {0x5584, {0x00,0x00,0x11,0x80,0x7F,0xE0,0x06,0x00,0x7F,0xE0,0x06,0x00,0xFF,0xF0,0x16,0x80,0xFF,0xF0,0x20,0x40,0x3F,0xC0,0x00,0x00}},
  {0x5586, {0x00,0x00,0x20,0xC0,0xFF,0xF0,0x20,0xC0,0x20,0xC0,0x7B,0xF0,0x00,0x00,0x79,0xE0,0x49,0x20,0x49,0x20,0x79,0xE0,0x49,0x20}},
  {0x5587, {0x00,0x00,0x04,0x20,0x6F,0x60,0x64,0x60,0x6F,0x60,0x6D,0x60,0x6D,0x60,0x6F,0x60,0x67,0x60,0x6D,0x60,0x54,0x20,0x04,0x60}},
  {0x5589, {0x00,0x00,0x07,0xC0,0x64,0x40,0x6F,0xF0,0x79,0x00,0x7B,0xE0,0x6E,0x80,0x68,0x80,0x6F,0xE0,0x69,0xC0,0x29,0x60,0x0A,0x30}},
  {0x558B, {0x00,0x00,0x05,0x40,0x7F,0xF0,0x55,0x40,0x55,0xC0,0x54,0x00,0x57,0xE0,0x51,0x00,0x71,0x00,0x4F,0xF0,0x1D,0x60,0x01,0x00}},
  {0x558C, {0x00,0x00,0x7D,0xE0,0x45,0x20,0x45,0x20,0x7D,0xE0,0x02,0x20,0x22,0x20,0x6A,0xA0,0xAE,0xA0,0xA2,0x20,0x62,0x20,0x42,0x20}},
  {0x558D, {0x00,0x00,0x02,0xA0,0x7B,0xE0,0x5A,0x80,0x5A,0x90,0x5F,0xE0,0x51,0x00,0x5F,0xF0,0x53,0xC0,0x75,0x60,0x09,0x30,0x01,0x00}},
  {0x558F, {0x00,0x00,0x06,0x40,0x7F,0xF0,0x57,0x40,0x51,0x00,0x5F,0xF0,0x56,0x00,0x5F,0xE0,0x54,0x20,0x74,0x20,0x47,0xE0,0x04,0x20}},
  {0x5591, {0x00,0x00,0x01,0x00,0x77,0xE0,0x52,0x40,0x5F,0xF0,0x50,0x00,0x57,0xE0,0x54,0x20,0x77,0xE0,0x44,0x20,0x07,0xE0,0x00,0x00}},
  {0x5592, {0x00,0x00,0x04,0x40,0x77,0x40,0x5D,0x70,0x5E,0x40,0x57,0xF0,0x5C,0x00,0x57,0xE0,0x74,0x20,0x57,0xE0,0x04,0x20,0x07,0xE0}},
  {0x5593, {0x00,0x00,0x7F,0xF0,0x52,0x40,0x5F,0xF0,0x5A,0x50,0x5F,0xF0,0x58,0x00,0x5F,0xF0,0x56,0x40,0x73,0x80,0x03,0xE0,0x0C,0x30}},
  {0x5594, {0x00,0x00,0x7F,0xE0,0x58,0x20,0x5F,0xE0,0x58,0x20,0x58,0x00,0x5F,0xE0,0x5B,0xE0,0x68,0x80,0x4B,0xE0,0x18,0x80,0x17,0xF0}},
  {0x5595, {0x00,0x00,0x7F,0xF0,0x51,0x00,0x57,0xE0,0x56,0x60,0x56,0x60,0x57,0xE0,0x56,0x60,0x56,0x60,0x77,0xE0,0x56,0x60,0x07,0xE0}},
  {0x5597, {0x00,0x00,0x7F,0xF0,0x58,0x10,0x53,0xC0,0x57,0xE0,0x55,0x20,0x57,0xE0,0x55,0x20,0x77,0xE0,0x51,0x00,0x0F,0xF0,0x01,0x00}},
  {0x5598, {0x00,0x00,0x05,0x20,0x75,0x20,0x57,0xE0,0x50,0x00,0x5F,0xF0,0x51,0x00,0x5F,0xE0,0x7A,0xA0,0x5A,0xA0,0x0A,0xA0,0x08,0x60}},
  {0x5599, {0x00,0x00,0x04,0x00,0x77,0xC0,0x54,0x40,0x57,0xC0,0x50,0x40,0x5F,0xF0,0x53,0x20,0x5C,0xC0,0x73,0xA0,0x4C,0xB0,0x03,0x80}},
  {0x559B, {0x00,0x00,0x77,0xE0,0x55,0x20,0x54,0x40,0x5F,0xE0,0x52,0x00,0x5F,0xF0,0x54,0x00,0x57,0xE0,0x7F,0x40,0x09,0xC0,0x06,0x30}},
  {0x559D, {0x00,0x00,0x07,0xE0,0x74,0x20,0x57,0xE0,0x54,0x20,0x57,0xE0,0x54,0x00,0x5F,0xE0,0x79,0x20,0x53,0xA0,0x04,0x20,0x07,0xE0}},
  {0x559F, {0x00,0x00,0x0F,0xE0,0x79,0x20,0x5F,0xE0,0x59,0x20,0x57,0xE0,0x54,0x20,0x57,0xE0,0x74,0x20,0x57,0xE0,0x04,0x20,0x04,0xE0}},
  {0x55A0, {0x00,0x00,0x7F,0xE0,0x51,0x00,0x5F,0xF0,0x51,0x00,0x5F,0xE0,0x59,0x20,0x5F,0xE0,0x51,0x00,0x7F,0xE0,0x01,0x00,0x0F,0xF0}},
  {0x55A4, {0x00,0x00,0x01,0x00,0x7F,0xE0,0x5C,0x20,0x5F,0xE0,0x5C,0x20,0x5F,0xE0,0x5F,0xE0,0x51,0x00,0x77,0xE0,0x01,0x00,0x0F,0xF0}},
  {0x55A5, {0x00,0x00,0x00,0x80,0x7F,0xF0,0x59,0x40,0x5F,0xF0,0x59,0x40,0x59,0xC0,0x58,0x00,0x7F,0xE0,0x49,0x40,0x19,0xC0,0x16,0x70}},
  {0x55A6, {0x00,0x00,0x3F,0xC0,0x20,0x40,0x3F,0xC0,0x00,0x00,0x7B,0xE0,0x4B,0x20,0x7B,0xE0,0x02,0x00,0x42,0x20,0x42,0x20,0x7F,0xE0}},
  {0x55A7, {0x00,0x00,0x01,0x00,0x7F,0xF0,0x58,0x10,0x57,0xE0,0x54,0x20,0x57,0xE0,0x54,0x20,0x54,0x20,0x77,0xE0,0x40,0x00,0x0F,0xF0}},
  {0x55A8, {0x00,0x00,0x01,0x00,0x7F,0xF0,0x50,0x00,0x57,0xE0,0x54,0x20,0x5F,0xF0,0x58,0x10,0x73,0xC0,0x02,0x50,0x04,0x50,0x08,0x60}},
  {0x55AF, {0x00,0x00,0x01,0x00,0x7F,0xF0,0x52,0x40,0x5D,0x30,0x57,0xC0,0x51,0x00,0x54,0x40,0x7F,0xF0,0x54,0x40,0x04,0x40,0x08,0x40}},
  {0x55B0, {0x00,0x00,0x01,0x80,0x73,0xC0,0x5D,0x60,0x5F,0xE0,0x54,0x40,0x57,0xC0,0x54,0x40,0x57,0xE0,0x75,0x60,0x05,0xE0,0x06,0x10}},
  {0x55B3, {0x00,0x00,0x01,0x00,0x7F,0xE0,0x53,0xC0,0x59,0x20,0x57,0xE0,0x54,0x20,0x57,0xE0,0x54,0x20,0x77,0xE0,0x40,0x00,0x0F,0xF0}},
  {0x55B5, {0x00,0x00,0x02,0x40,0x7F,0xF0,0x52,0x40,0x57,0xE0,0x55,0x20,0x55,0x20,0x57,0xE0,0x75,0x20,0x55,0x20,0x07,0xE0,0x00,0x00}},
  {0x55B6, {0x00,0x00,0x24,0x40,0x22,0xC0,0x7F,0xE0,0x40,0x20,0x3F,0xC0,0x20,0x40,0x3F,0xC0,0x00,0x00,0x7F,0xC0,0x60,0x40,0x7F,0xC0}},
  {0x55B7, {0x00,0x00,0x01,0x00,0x7F,0xE0,0x51,0x00,0x54,0x40,0x5F,0xF0,0x54,0x40,0x57,0xE0,0x55,0x20,0x75,0x20,0x47,0xC0,0x1C,0x30}},
  {0x55B8, {0x00,0x00,0x06,0x40,0xFF,0xF0,0x7F,0xE0,0x46,0x20,0x7F,0xE0,0x46,0x20,0x7F,0xE0,0x79,0x20,0x49,0xE0,0x79,0x10,0x49,0xE0}},
  {0x55B9, {0x00,0x00,0x01,0x00,0x7F,0xE0,0x56,0x40,0x55,0x60,0x5F,0xF0,0x51,0x00,0x5F,0xE0,0x51,0x00,0x77,0xE0,0x41,0x00,0x0F,0xF0}},
  {0x55BB, {0x01,0x00,0x62,0x80,0x7C,0x40,0x7F,0xF0,0x60,0x00,0x6F,0x20,0x69,0xA0,0x6F,0xA0,0x69,0xA0,0x69,0xA0,0x0F,0xA0,0x0E,0xE0}},
  {0x55BD, {0x00,0x00,0x05,0x00,0x75,0x20,0x53,0x40,0x5F,0xE0,0x5D,0x20,0x51,0x00,0x53,0x00,0x5F,0xF0,0x56,0x40,0x73,0x80,0x0E,0x60}},
  {0x55BE, {0x00,0x00,0x24,0x40,0x26,0xC0,0x7F,0xE0,0x52,0x20,0x3F,0xC0,0x42,0x00,0xFF,0xF0,0x00,0x00,0x3F,0xC0,0x20,0x40,0x1F,0x80}},
  {0x55BF, {0x00,0x00,0x3F,0xC0,0x20,0x40,0x3F,0xC0,0x00,0x00,0x79,0xE0,0x49,0x20,0x79,0xE0,0x06,0x00,0xFF,0xF0,0x7F,0xE0,0x46,0x00}},
  {0x55C2, {0x00,0x00,0x7F,0xE0,0x55,0x20,0x55,0x20,0x54,0x00,0x5F,0xE0,0x59,0x00,0x5F,0xF0,0x51,0x00,0x79,0x20,0x49,0x20,0x0F,0xE0}},
  {0x55C3, {0x00,0x00,0x01,0x00,0x7F,0xF0,0x50,0x00,0x57,0xE0,0x54,0x20,0x5F,0xF0,0x58,0x30,0x5B,0xF0,0x7A,0x70,0x0B,0xF0,0x08,0x60}},
  {0x55C4, {0x00,0x00,0x7F,0xF0,0x51,0x00,0x5F,0xE0,0x58,0x20,0x5F,0xE0,0x58,0x20,0x57,0xE0,0x7C,0x40,0x43,0x80,0x03,0xC0,0x1C,0x70}},
  {0x55C5, {0x00,0x00,0x01,0x00,0x77,0xE0,0x54,0x20,0x57,0xE0,0x54,0x20,0x57,0xE0,0x51,0x00,0x5F,0xF0,0x73,0x80,0x46,0x60,0x0C,0x30}},
  {0x55C8, {0x00,0x00,0x75,0x20,0x55,0x20,0x5F,0xE0,0x58,0x20,0x5F,0xE0,0x50,0x00,0x5F,0xE0,0x59,0x20,0x7F,0xE0,0x08,0x10,0x07,0xE0}},
  {0x55C9, {0x00,0x00,0x01,0x00,0x7F,0xE0,0x51,0x00,0x5F,0xF0,0x56,0x40,0x5F,0x80,0x52,0x60,0x5F,0xE0,0x65,0x40,0x09,0x20,0x13,0x10}},
  {0x55CC, {0x00,0x00,0x04,0x40,0xE2,0xC0,0xFF,0xF0,0xE2,0x80,0xE4,0x60,0xF8,0x30,0xEF,0xE0,0xEA,0xA0,0xEA,0xA0,0xCA,0xA0,0x1F,0xF0}},
  {0x55CD, {0x00,0x00,0x09,0x00,0x6A,0xE0,0x7F,0xA0,0x64,0xA0,0x6D,0xE0,0x6D,0xA0,0x6D,0xA0,0x6F,0xE0,0x64,0xA0,0x4D,0xA0,0x09,0x60}},
  {0x55CF, {0x00,0x00,0x02,0x40,0x7F,0xF0,0x53,0x40,0x53,0x80,0x56,0x40,0x59,0x30,0x57,0xE0,0x51,0x00,0x75,0x60,0x09,0x20,0x03,0x00}},
  {0x55D0, {0x00,0x00,0x01,0x00,0x7F,0xF0,0x59,0x00,0x5F,0xE0,0x51,0x00,0x5F,0xF0,0x51,0x00,0x57,0xE0,0x74,0x20,0x44,0x20,0x07,0xE0}},
  {0x55D1, {0x00,0x00,0x01,0x00,0x77,0xE0,0x51,0x00,0x5F,0xF0,0x56,0x40,0x5F,0xE0,0x50,0x00,0x5F,0xE0,0x7A,0xA0,0x4A,0xA0,0x0F,0xF0}},
  {0x55D2, {0x00,0x00,0x02,0x40,0x7F,0xF0,0x53,0xC0,0x53,0x80,0x56,0x60,0x5F,0xF0,0x50,0x00,0x77,0xE0,0x54,0x20,0x07,0xE0,0x04,0x20}},
  {0x55D3, {0x00,0x00,0x07,0xE0,0x66,0x40,0x63,0x80,0x6E,0x60,0x60,0x00,0x7F,0xF0,0x66,0xE0,0x7B,0x90,0x7F,0xF0,0x47,0xC0,0x19,0x30}},
  {0x55D4, {0x00,0x00,0x01,0x00,0x7F,0xF0,0x51,0x00,0x53,0xC0,0x57,0xE0,0x57,0xE0,0x54,0x20,0x57,0xE0,0x74,0x20,0x4F,0xF0,0x08,0x30}},
  {0x55D5, {0x00,0x00,0x7F,0xF0,0x58,0x00,0x5F,0xE0,0x58,0x00,0x5F,0xF0,0x5A,0xE0,0x5B,0x20,0x7F,0xF0,0x4A,0x20,0x19,0x20,0x10,0xC0}},
  {0x55D6, {0x00,0x00,0x03,0x00,0x7D,0xE0,0x59,0x20,0x5F,0xE0,0x59,0x20,0x5F,0xE0,0x51,0x00,0x5F,0xE0,0x72,0x40,0x43,0x80,0x0E,0x70}},
  {0x55D7, {0x00,0x00,0x77,0xE0,0x54,0x20,0x57,0x20,0x55,0x20,0x5F,0xE0,0x5C,0x20,0x57,0xE0,0x54,0x20,0x77,0xE0,0x04,0x20,0x04,0xC0}},
  {0x55D9, {0x00,0x00,0x01,0x00,0x7F,0xE0,0x52,0x40,0x52,0x40,0x5F,0xF0,0x51,0x10,0x5F,0xF0,0x52,0x00,0x77,0xE0,0x04,0x20,0x08,0xC0}},
  {0x55DE, {0x00,0x00,0x76,0x60,0x52,0x40,0x5F,0xF0,0x54,0x40,0x54,0xA0,0x5B,0xA0,0x5E,0xC0,0x74,0x40,0x46,0xA0,0x0F,0xF0,0x0D,0x10}},
  {0x55DF, {0x00,0x00,0x02,0x40,0x7F,0xF0,0x51,0x00,0x57,0xE0,0x52,0x00,0x5F,0xF0,0x54,0x00,0x57,0xE0,0x78,0x80,0x58,0x80,0x17,0xF0}},
  {0x55E0, {0x00,0x00,0x1D,0x00,0xE1,0xE0,0x2B,0x20,0x49,0x40,0xFC,0xC0,0x1B,0xE0,0x12,0x10,0xFF,0xE0,0x12,0x20,0x32,0x20,0x63,0xE0}},
  {0x55E1, {0x00,0x00,0x02,0x80,0x77,0x40,0x5E,0xB0,0x57,0xC0,0x50,0x00,0x5F,0xE0,0x5B,0xA0,0x56,0xE0,0x77,0xE0,0x4A,0x20,0x0E,0xE0}},
  {0x55E2, {0x00,0x00,0x77,0xE0,0x54,0x20,0x57,0xE0,0x54,0x20,0x57,0xE0,0x50,0x00,0x5F,0xE0,0x6A,0xA0,0x4A,0xA0,0x0A,0xA0,0x0F,0xF0}},
  {0x55E5, {0x00,0x00,0x01,0x00,0x7F,0xE0,0x58,0x20,0x5F,0xE0,0x58,0x20,0x5F,0xE0,0x57,0x40,0x5D,0x60,0x7F,0xF0,0x01,0x00,0x01,0x00}},
  {0x55E6, {0x00,0x00,0x01,0x00,0x77,0xE0,0x51,0x00,0x5F,0xF0,0x5E,0x40,0x57,0x80,0x56,0x40,0x5F,0xE0,0x65,0x40,0x49,0x30,0x13,0x00}},
  {0x55E7, {0x00,0x00,0x21,0xE0,0x7D,0x20,0x25,0x20,0x7D,0xE0,0xC7,0x00,0x19,0x80,0x7F,0xF0,0xC0,0x00,0x7F,0xE0,0x49,0x20,0x49,0xC0}},
  {0x55E8, {0x00,0x00,0x09,0x00,0x67,0xF0,0x62,0x00,0x77,0xE0,0x6A,0xA0,0x67,0xF0,0x6A,0xA0,0x6A,0xA0,0x6B,0xF0,0x48,0x20,0x11,0xC0}},
  {0x55EA, {0x00,0x00,0x01,0x00,0x6F,0xE0,0x47,0xE0,0x5F,0xF0,0x44,0x40,0x4F,0xA0,0x59,0x10,0x6F,0xE0,0x47,0xC0,0x09,0x30,0x01,0x00}},
  {0x55EB, {0x00,0x00,0x7F,0xE0,0x54,0x40,0x57,0xC0,0x54,0x60,0x5F,0xE0,0x50,0x40,0x50,0x00,0x5F,0xE0,0x7E,0xA0,0x46,0xC0,0x19,0xB0}},
  {0x55EE, {0x00,0x00,0x7D,0xF0,0x34,0xC0,0x34,0xC0,0x35,0xF0,0x3C,0xD0,0x34,0xD0,0x35,0xD0,0x35,0x30,0x7D,0x10,0x34,0x10,0x01,0xF0}},
  {0x55EF, {0x00,0x00,0x7F,0xE0,0x59,0x20,0x5F,0xE0,0x59,0xA0,0x5E,0x60,0x57,0xC0,0x50,0x00,0x7F,0x20,0x4D,0xE0,0x06,0x50,0x03,0xC0}},
  {0x55F1, {0x00,0x00,0x71,0x80,0x5E,0xE0,0x57,0xE0,0x54,0x20,0x57,0xE0,0x50,0x00,0x5F,0xE0,0x71,0x00,0x0F,0xF0,0x01,0x00,0x07,0x00}},
  {0x55F2, {0x00,0x00,0x02,0x40,0x7A,0xE0,0x53,0xC0,0x5F,0x70,0x57,0xE0,0x5F,0x80,0x5F,0x80,0x53,0xE0,0x67,0x40,0x41,0x80,0x0E,0x00}},
  {0x55F3, {0x00,0x00,0x7F,0xE0,0x55,0x60,0x5F,0xF0,0x5A,0x10,0x5F,0xF0,0x52,0x00,0x57,0xE0,0x56,0x40,0x79,0xC0,0x4B,0xC0,0x16,0x20}},
  {0x55F4, {0x00,0x00,0x76,0x40,0x5F,0xE0,0x51,0x00,0x51,0x00,0x57,0xE0,0x51,0x00,0x5F,0xF0,0x53,0x40,0x73,0xF0,0x0D,0x10,0x08,0xE0}},
  {0x55F5, {0x00,0x00,0x73,0xE0,0x69,0x60,0x68,0xC0,0x63,0xE0,0x7A,0xA0,0x6B,0xE0,0x6A,0xA0,0x6B,0xE0,0x4A,0xA0,0x1C,0xE0,0x17,0xF0}},
  {0x55F7, {0x00,0x00,0x04,0x40,0x7F,0x80,0x24,0xF0,0x2F,0xA0,0x24,0xA0,0x3F,0xA0,0x28,0x60,0x2F,0x60,0x69,0x40,0x0A,0xE0,0x17,0x90}},
  {0x55F8, {0x00,0x00,0x10,0x80,0x7D,0x00,0x11,0xF0,0x7D,0xE0,0x12,0xC0,0x7F,0xF0,0x44,0x00,0x84,0x00,0x3F,0xC0,0x20,0x40,0x1F,0x80}},
  {0x55F9, {0x00,0x00,0x08,0x80,0x6B,0xE0,0x63,0xE0,0x62,0xA0,0x7B,0xE0,0x6A,0xA0,0x6B,0xE0,0x68,0x80,0x0F,0xF0,0x1C,0x80,0x17,0xF0}},
  {0x55FA, {0x00,0x00,0x00,0x80,0x77,0xE0,0x54,0x80,0x57,0xF0,0x5C,0x80,0x5F,0xF0,0x54,0x80,0x77,0xF0,0x04,0x80,0x07,0xF0,0x04,0x00}},
  {0x55FB, {0x00,0x00,0x60,0x80,0x4F,0xF0,0x48,0x00,0x4A,0x20,0x4F,0xF0,0x4A,0x20,0x4B,0xE0,0x68,0x00,0x0B,0x60,0x15,0x50,0x14,0x00}},
  {0x55FC, {0x00,0x00,0x02,0x40,0x7F,0xF0,0x52,0x40,0x57,0xE0,0x54,0x20,0x57,0xE0,0x54,0x20,0x57,0xE0,0x7F,0xF0,0x02,0xC0,0x0C,0x30}},
  {0x55FD, {0x00,0x00,0x04,0x80,0x6E,0xF0,0x64,0xA0,0x6F,0xE0,0x6D,0x40,0x6D,0x40,0x6F,0x40,0x6E,0xC0,0x6D,0xA0,0x55,0x20,0x05,0x10}},
  {0x55FE, {0x00,0x00,0x08,0x80,0x65,0xF0,0x3F,0x00,0x29,0x80,0x29,0xE0,0x2E,0x40,0x2A,0x40,0x2B,0xF0,0x7C,0xC0,0x14,0xA0,0x1D,0x30}},
  {0x55FF, {0x00,0x00,0x61,0x80,0x05,0x60,0x1F,0xC0,0x00,0xC0,0x0F,0xE0,0x08,0x20,0x0F,0xE0,0x08,0x20,0x6F,0xE0,0x0E,0x40,0x0C,0x30}},
  {0x5602, {0x00,0x00,0x02,0x00,0x72,0xE0,0x56,0xA0,0x56,0xA0,0x76,0xE0,0x06,0x00,0x76,0xE0,0x5E,0x80,0x52,0x80,0x72,0xE0,0x12,0x80}},
  {0x5603, {0x00,0x00,0x01,0x00,0x6F,0xF0,0x28,0x80,0x2F,0xF0,0x28,0xA0,0x2B,0xE0,0x2F,0xE0,0x6C,0xA0,0x1F,0xE0,0x14,0xA0,0x14,0xE0}},
  {0x5604, {0x00,0x00,0x02,0x00,0x7F,0xE0,0x5F,0xE0,0x58,0x20,0x5F,0xE0,0x5F,0xF0,0x50,0x10,0x7F,0xF0,0x03,0x60,0x0E,0xE0,0x12,0x20}},
  {0x5605, {0x00,0x00,0x6F,0xE0,0x2A,0x40,0x2E,0x40,0x2B,0x40,0x2B,0x40,0x2F,0xE0,0x28,0x40,0x6A,0xC0,0x0F,0xD0,0x09,0x50,0x02,0x70}},
  {0x5607, {0x00,0x00,0x02,0x00,0x6F,0xE0,0x64,0x40,0x6A,0xA0,0x7F,0xF0,0x63,0x80,0x7D,0x60,0x76,0x80,0x63,0x20,0x09,0xC0,0x0E,0x00}},
  {0x5608, {0x00,0x00,0x02,0x80,0x7F,0xF0,0x52,0x80,0x5F,0xE0,0x5A,0xA0,0x5F,0xE0,0x5A,0xA0,0x57,0xE0,0x74,0x20,0x47,0xE0,0x04,0x20}},
  {0x5609, {0x00,0x00,0x06,0x00,0x7F,0xE0,0x06,0x00,0x7F,0xE0,0x20,0x40,0xFF,0xF0,0x20,0x00,0x7D,0xE0,0x25,0x20,0x45,0x20,0xD9,0xE0}},
  {0x560B, {0x00,0x00,0x04,0x40,0x6F,0x40,0x25,0xF0,0x3F,0xA0,0x24,0xA0,0x2F,0xA0,0x32,0x60,0x67,0x60,0x2C,0x60,0x04,0xB0,0x0D,0x90}},
  {0x560C, {0x00,0x00,0x7F,0xF0,0x52,0x80,0x5F,0xE0,0x5A,0xA0,0x5F,0xE0,0x50,0x00,0x57,0xE0,0x50,0x00,0x7F,0xF0,0x49,0x40,0x13,0x30}},
  {0x560E, {0x00,0x00,0x0F,0xE0,0x71,0x00,0x5F,0xE0,0x58,0x20,0x5F,0xE0,0x58,0x20,0x5F,0xE0,0x72,0xC0,0x5F,0xE0,0x03,0xC0,0x0F,0x90}},
  {0x5612, {0x00,0x00,0x02,0x40,0x7F,0xF0,0x52,0x40,0x56,0x60,0x5F,0xF0,0x52,0x00,0x57,0xE0,0x70,0x20,0x57,0xE0,0x00,0x20,0x0F,0xE0}},
  {0x5619, {0x00,0x00,0x08,0x40,0x75,0xF0,0x59,0x40,0x51,0xE0,0x56,0xA0,0x5A,0xE0,0x51,0x00,0x5F,0xF0,0x76,0x40,0x03,0xC0,0x0E,0x30}},
  {0x561A, {0x00,0x00,0x65,0xE0,0x09,0x20,0x11,0xE0,0x07,0x20,0x05,0xE0,0x1F,0xF0,0x14,0x20,0x67,0xF0,0x05,0x20,0x04,0x20,0x04,0xC0}},
  {0x561B, {0x00,0x00,0x01,0x00,0x6F,0xF0,0x2A,0x40,0x2A,0x40,0x2F,0xF0,0x2B,0x40,0x2F,0xE0,0x7A,0xE0,0x1B,0x50,0x12,0x40,0x22,0x40}},
  {0x561E, {0x00,0x00,0x09,0x40,0x7F,0x40,0x69,0xF0,0x6F,0x50,0x64,0x50,0x6F,0x50,0x6D,0x60,0x6F,0xA0,0x64,0xA0,0x7F,0xA0,0x05,0x60}},
  {0x561F, {0x00,0x00,0x04,0xF0,0x6F,0xA0,0x27,0x20,0x3F,0xE0,0x24,0x60,0x3F,0x10,0x39,0x10,0x6F,0x50,0x09,0x60,0x0F,0x00,0x09,0x00}},
  {0x5621, {0x00,0x00,0x75,0x20,0x55,0x40,0x5F,0xF0,0x58,0x10,0x5F,0xF0,0x54,0x20,0x57,0xE0,0x51,0x00,0x77,0xE0,0x11,0x00,0x0F,0xF0}},
  {0x5623, {0x00,0x00,0x09,0x20,0x6F,0xE0,0x60,0x00,0x6E,0xE0,0x6A,0xA0,0x6E,0xE0,0x6A,0xA0,0x6E,0xE0,0x4A,0xA0,0x13,0xA0,0x17,0x60}},
  {0x5624, {0x00,0x00,0x6E,0xE0,0x2C,0xC0,0x2C,0xC0,0x2E,0xE0,0x26,0x60,0x2B,0x90,0x22,0x00,0x2F,0xF0,0x66,0xC0,0x03,0xC0,0x0C,0x20}},
  {0x5625, {0x00,0x00,0x04,0x40,0x69,0x60,0x39,0x40,0x25,0x40,0x2F,0xF0,0x28,0x00,0x38,0x40,0x2A,0x70,0x6A,0x40,0x0B,0xC0,0x0C,0xF0}},
  {0x5626, {0x00,0x00,0x7F,0xE0,0x40,0x20,0x7F,0xE0,0x70,0xE0,0x7F,0xE0,0x09,0x00,0x7F,0xE0,0x08,0x00,0xFF,0xF0,0x1F,0x80,0x78,0xE0}},
  {0x5627, {0x00,0x00,0x01,0x00,0x7F,0xF0,0x59,0x40,0x57,0xC0,0x5B,0x20,0x5A,0x50,0x5F,0xC0,0x51,0x00,0x75,0x20,0x55,0x20,0x07,0xE0}},
  {0x562A, {0x00,0x00,0x7F,0xF0,0x1A,0x90,0x1F,0xF0,0x1F,0xE0,0x18,0x20,0x1F,0xE0,0x1F,0xE0,0x18,0x20,0x6F,0xE0,0x06,0x60,0x0C,0x30}},
  {0x562B, {0x00,0x00,0x04,0x60,0x6F,0x60,0x0B,0x40,0x1F,0xF0,0x1A,0xC0,0x16,0xC0,0x05,0x20,0x0B,0x30,0x6A,0xA0,0x0A,0xA0,0x12,0x10}},
  {0x562C, {0x00,0x00,0x77,0xE0,0x54,0x20,0x57,0xE0,0x54,0x20,0x5F,0xF0,0x59,0x00,0x5F,0xF0,0x59,0xA0,0x7F,0x60,0x49,0x60,0x01,0x90}},
  {0x562D, {0x00,0x00,0x04,0x00,0x7F,0x20,0x64,0x40,0x6F,0xA0,0x60,0x20,0x60,0x40,0x6F,0x80,0x69,0x10,0x6F,0x20,0x5F,0x40,0x00,0x80}},
  {0x5631, {0x00,0x00,0x6F,0xE0,0x68,0x20,0x6F,0xE0,0x6F,0xE0,0x6F,0xE0,0x6C,0xA0,0x6F,0xF0,0x6C,0xD0,0x4F,0xF0,0x14,0x30,0x14,0x60}},
  {0x5632, {0x00,0x00,0x04,0xE0,0x7F,0xA0,0x24,0xA0,0x2F,0xE0,0x29,0xA0,0x2F,0xA0,0x29,0xE0,0x2F,0xA0,0x64,0xA0,0x3F,0xA0,0x05,0x60}},
  {0x5633, {0x00,0x00,0x01,0x00,0x77,0xE0,0x55,0x20,0x5F,0xF0,0x57,0xE0,0x54,0x20,0x57,0xE0,0x54,0x20,0x77,0xE0,0x06,0x60,0x0C,0x30}},
  {0x5634, {0x00,0x00,0x02,0xA0,0x6B,0xC0,0x6A,0x90,0x6A,0x60,0x7F,0x80,0x68,0x80,0x7F,0xE0,0x69,0x20,0x6F,0xE0,0x49,0x20,0x11,0x60}},
  {0x5639, {0x00,0x00,0x01,0x00,0x7F,0xE0,0x5E,0xA0,0x56,0x40,0x5F,0xF0,0x54,0x20,0x57,0xE0,0x54,0x20,0x67,0xE0,0x4D,0x20,0x1B,0x60}},
  {0x563A, {0x00,0x00,0x77,0xE0,0x51,0x00,0x5F,0xF0,0x52,0x40,0x57,0xE0,0x5E,0x70,0x5F,0xF0,0x78,0x30,0x5B,0xD0,0x0A,0x20,0x08,0x60}},
  {0x563F, {0x00,0x00,0x7F,0xE0,0x5D,0x60,0x5B,0x60,0x5B,0xA0,0x5F,0xE0,0x51,0x00,0x57,0xE0,0x51,0x00,0x7F,0xF0,0x4A,0xA0,0x0A,0x90}},
  {0x5640, {0x00,0x00,0x7E,0xE0,0x5A,0xA0,0x5E,0xE0,0x59,0x80,0x57,0xE0,0x52,0x40,0x5F,0xE0,0x72,0x40,0x5F,0xF0,0x06,0x40,0x0C,0x30}},
  {0x5642, {0x00,0x00,0x02,0x40,0x7F,0xF0,0x10,0x80,0x1F,0xE0,0x1E,0x60,0x1F,0xE0,0x18,0x20,0x7F,0xE0,0x1F,0xF0,0x06,0x40,0x01,0xC0}},
  {0x5643, {0x00,0x00,0x7F,0xE0,0x15,0x40,0x1F,0xF0,0x13,0x40,0x1D,0x30,0x1F,0xE0,0x19,0x20,0x7F,0xE0,0x19,0x20,0x09,0x20,0x0F,0xE0}},
  {0x5646, {0x00,0x00,0x6F,0xE0,0x0C,0xC0,0x0F,0xF0,0x06,0x40,0x0B,0xB0,0x18,0x00,0x07,0xE0,0x64,0x20,0x07,0xE0,0x04,0x20,0x07,0xE0}},
  {0x5647, {0x00,0x00,0x01,0x00,0x6F,0xE0,0x02,0x40,0x0F,0xF0,0x09,0x20,0x0F,0xE0,0x09,0x20,0x67,0xE0,0x0F,0xE0,0x01,0x00,0x0F,0xF0}},
  {0x5648, {0x00,0x00,0x04,0x00,0x7F,0x20,0x20,0x00,0x2F,0xF0,0x29,0xC0,0x29,0xC0,0x2F,0xC0,0x6E,0x80,0x0D,0x90,0x15,0x10,0x0D,0x30}},
  {0x564B, {0x00,0x00,0x04,0x40,0x7F,0x00,0x00,0xF0,0x0F,0xA0,0x09,0xA0,0x0F,0xA0,0x0F,0x60,0x62,0x60,0x1F,0x60,0x04,0xB0,0x0D,0x10}},
  {0x564C, {0x00,0x00,0x02,0x40,0x7F,0xE0,0x5F,0x60,0x5B,0xE0,0x5F,0xE0,0x50,0x00,0x57,0xE0,0x54,0x20,0x77,0xE0,0x04,0x20,0x03,0xC0}},
  {0x5651, {0x00,0x00,0x01,0x00,0x77,0xE0,0x54,0x20,0x57,0xE0,0x54,0x20,0x57,0xE0,0x55,0x60,0x53,0x40,0x79,0x20,0x0F,0xE0,0x01,0x00}},
  {0x5652, {0x00,0x00,0x05,0x20,0x75,0x40,0x5F,0xF0,0x53,0xC0,0x5D,0x20,0x5C,0x40,0x5F,0xF0,0x5A,0xC0,0x76,0xF0,0x04,0x40,0x08,0x40}},
  {0x5654, {0x00,0x00,0x0F,0xA0,0x7A,0xC0,0x56,0x60,0x57,0xE0,0x58,0x30,0x57,0xE0,0x54,0x20,0x57,0xE0,0x72,0x40,0x42,0x80,0x0F,0xF0}},
  {0x5657, {0x00,0x00,0x0A,0xA0,0x76,0xE0,0x5F,0xF0,0x52,0x40,0x5F,0xE0,0x51,0x00,0x57,0xE0,0x51,0x00,0x7F,0xF0,0x42,0xC0,0x0C,0x30}},
  {0x5658, {0x00,0x00,0x6F,0xF0,0x2D,0x40,0x2D,0x40,0x2F,0xF0,0x2E,0x10,0x2E,0xA0,0x2E,0x40,0x37,0x40,0x72,0x40,0x14,0xA0,0x05,0x10}},
  {0x5659, {0x00,0x00,0x01,0x00,0x62,0x80,0x65,0x60,0x7F,0xF0,0x63,0x80,0x6B,0xA0,0x6A,0x20,0x7F,0xE0,0x7A,0xA0,0x7F,0xE0,0x08,0x60}},
  {0x565B, {0x00,0x00,0x00,0x80,0x74,0xE0,0x54,0x80,0x5F,0xF0,0x50,0x00,0x5B,0xA0,0x5F,0xE0,0x59,0xA0,0x7F,0xE0,0x09,0x20,0x0F,0xE0}},
  {0x565C, {0x00,0x00,0x02,0x00,0x77,0xC0,0x5C,0xC0,0x5F,0xE0,0x59,0x20,0x5F,0xE0,0x59,0x20,0x7F,0xF0,0x54,0x20,0x07,0xE0,0x04,0x20}},
  {0x565F, {0x00,0x00,0x02,0x00,0x7F,0xF0,0x4A,0x80,0x7F,0xF0,0x54,0x80,0x57,0xE0,0x54,0x80,0x57,0xF0,0x5F,0xE0,0xD0,0x20,0x9F,0xE0}},
  {0x5661, {0x00,0x00,0x06,0x00,0x67,0xC0,0x3F,0xF0,0x2A,0x60,0x2C,0xA0,0x2F,0xF0,0x28,0x00,0x6F,0xE0,0x0F,0xE0,0x14,0x00,0x17,0xE0}},
  {0x5662, {0x00,0x00,0x01,0x00,0x7F,0xE0,0x5B,0x60,0x5B,0xA0,0x5F,0xE0,0x5F,0xE0,0x59,0x20,0x51,0x00,0x7F,0xF0,0x42,0xC0,0x0C,0x30}},
  {0x5663, {0x00,0x00,0x7F,0xE0,0x5A,0xA0,0x5F,0xE0,0x54,0x00,0x5F,0xF0,0x59,0x10,0x5F,0xC0,0x71,0x60,0x53,0xE0,0x0C,0x60,0x00,0xE0}},
  {0x5668, {0x00,0x00,0x7B,0xE0,0x4A,0x20,0x7B,0xE0,0x04,0x80,0x7F,0xF0,0x19,0x00,0xF0,0xF0,0x7B,0xE0,0x4B,0x20,0x7B,0xE0,0x00,0x00}},
  {0x566A, {0x00,0x00,0x07,0xE0,0x74,0x20,0x5F,0xE0,0x5A,0xA0,0x5A,0xA0,0x5E,0xE0,0x51,0x00,0x5F,0xF0,0x63,0x80,0x0D,0x60,0x11,0x30}},
  {0x5670, {0x00,0x00,0x01,0x00,0x6F,0xF0,0x05,0x40,0x0B,0xF0,0x1F,0x40,0x07,0xF0,0x09,0x40,0x1F,0xF0,0x65,0x40,0x0D,0xF0,0x19,0x00}},
  {0x5675, {0x00,0x00,0x44,0x40,0x7F,0xF0,0x03,0x00,0xEF,0xE0,0x28,0x20,0x2F,0xE0,0x7F,0xF0,0x00,0x00,0x3F,0xE0,0x20,0x20,0x3F,0xE0}},
  {0x5676, {0x00,0x00,0x02,0x40,0x7F,0xF0,0x52,0x40,0x57,0xE0,0x54,0x20,0x57,0xE0,0x54,0x20,0x57,0xE0,0x79,0xA0,0x5E,0x60,0x07,0xE0}},
  {0x5677, {0x00,0x00,0x04,0x40,0x6F,0xF0,0x2A,0x90,0x3F,0x40,0x20,0x40,0x2F,0x40,0x29,0x40,0x2F,0x60,0x69,0xA0,0x0F,0xB0,0x09,0x10}},
  {0x567A, {0x00,0x00,0x64,0xE0,0x24,0x80,0x2F,0x80,0x2A,0x80,0x3F,0xF0,0x24,0xA0,0x2E,0xA0,0x24,0xA0,0x7D,0xA0,0x15,0x20,0x0D,0x20}},
  {0x567B, {0x00,0x00,0x01,0x00,0x7F,0xF0,0x5A,0x50,0x5F,0xE0,0x52,0x40,0x5F,0xF0,0x57,0x40,0x5D,0x20,0x77,0xF0,0x41,0x00,0x0F,0xE0}},
  {0x567C, {0x00,0x00,0x0E,0x40,0x6B,0xF0,0x2A,0xA0,0x2E,0xA0,0x2B,0xF0,0x28,0x40,0x2E,0x40,0x39,0xF0,0x78,0x40,0x1E,0x40,0x08,0x40}},
  {0x567F, {0x00,0x00,0x7F,0xF0,0x15,0xD0,0x1F,0xF0,0x11,0x00,0x1F,0xE0,0x10,0x40,0x16,0xE0,0x19,0x00,0x7F,0xF0,0x01,0x00,0x01,0x00}},
  {0x5682, {0x00,0x00,0x7F,0x40,0x5A,0x40,0x5F,0x70,0x59,0xC0,0x5F,0xE0,0x5A,0x20,0x5F,0xA0,0x50,0x00,0x7F,0xE0,0x0A,0xA0,0x0F,0xF0}},
  {0x5683, {0x00,0x00,0x6B,0xE0,0x2B,0x40,0x23,0x40,0x23,0xE0,0x38,0x80,0x2A,0xA0,0x28,0x90,0x69,0xA0,0x0A,0xA0,0x1C,0x80,0x17,0xF0}},
  {0x5684, {0x00,0x00,0x02,0x40,0x7F,0xF0,0x04,0xC0,0x0F,0xF0,0x18,0x80,0x0F,0xE0,0x08,0x80,0x0F,0xF0,0x62,0x40,0x03,0xC0,0x0C,0x70}},
  {0x5685, {0x00,0x00,0x0F,0xE0,0x61,0x00,0x5F,0xF0,0x59,0x10,0x47,0xE0,0x40,0x00,0x5F,0xF0,0x41,0x00,0x6F,0xE0,0x4A,0xA0,0x08,0x60}},
  {0x5686, {0x00,0x00,0x02,0x40,0x7F,0xF0,0x53,0x40,0x5F,0xF0,0x54,0x20,0x57,0xE0,0x50,0x00,0x5F,0xE0,0x7A,0x60,0x4B,0xA0,0x08,0x60}},
  {0x568B, {0x00,0x00,0x01,0x00,0x7F,0xF0,0x50,0x00,0x5F,0xF0,0x51,0x00,0x57,0xE0,0x5F,0xF0,0x50,0x20,0x7F,0xF0,0x48,0xA0,0x0E,0x60}},
  {0x568E, {0x00,0x00,0x01,0x00,0x7F,0xE0,0x54,0x20,0x5F,0xF0,0x50,0x10,0x57,0xC0,0x53,0x60,0x7C,0xC0,0x43,0xB0,0x0C,0x80,0x03,0x00}},
  {0x568F, {0x00,0x00,0x01,0x00,0x6F,0xE0,0x61,0x00,0x6F,0xE0,0x69,0x20,0x6F,0xE0,0x69,0x20,0x6F,0xE0,0x65,0x20,0x4D,0x00,0x13,0xE0}},
  {0x5691, {0x00,0x00,0x6F,0xE0,0x21,0x00,0x3F,0xF0,0x2F,0xE0,0x2B,0x60,0x2F,0xE0,0x2F,0xE0,0x21,0x00,0x7F,0xF0,0x0A,0xA0,0x02,0x10}},
  {0x5692, {0x00,0x00,0x01,0x00,0x6F,0xF0,0x6A,0x40,0x6F,0xF0,0x6B,0x60,0x6E,0xF0,0x6A,0x00,0x6B,0x20,0x7F,0xC0,0x13,0xE0,0x17,0x90}},
  {0x5693, {0x00,0x00,0x01,0x00,0x7F,0xF0,0x5C,0x90,0x5F,0xE0,0x5A,0xA0,0x56,0x40,0x57,0xE0,0x58,0x10,0x67,0xE0,0x41,0x40,0x0F,0x20}},
  {0x5694, {0x00,0x00,0x01,0x00,0x7F,0xE0,0x58,0x20,0x5F,0xE0,0x49,0x20,0x4F,0xE0,0x46,0xC0,0x4F,0xE0,0x65,0xE0,0x0D,0x00,0x13,0xF0}},
  {0x569C, {0x00,0x00,0x6F,0xE0,0x6D,0x60,0x69,0x20,0x6F,0xE0,0x61,0x00,0x7F,0xF0,0x6A,0xA0,0x71,0x00,0x6F,0xE0,0x01,0x00,0x1F,0xF0}},
  {0x569D, {0x00,0x00,0x01,0x00,0x6F,0xF0,0x6A,0x40,0x6F,0xE0,0x6A,0x40,0x6F,0xF0,0x6F,0xE0,0x7C,0xA0,0x7F,0xE0,0x16,0x60,0x14,0x30}},
  {0x569E, {0x00,0x00,0x06,0x00,0x7F,0xE0,0x00,0x00,0x3F,0xC0,0x20,0x40,0x3F,0xC0,0x00,0x00,0xFF,0xF0,0x7F,0xE0,0x46,0x20,0x7F,0xE0}},
  {0x56A0, {0x00,0x00,0x6F,0xA0,0x36,0xE0,0x3E,0xE0,0x23,0x60,0x27,0x60,0x3F,0xE0,0x20,0x60,0x2F,0x60,0x69,0x20,0x0F,0x20,0x1C,0x60}},
  {0x56A1, {0x00,0x00,0x0A,0x40,0x7F,0xE0,0x2A,0x40,0x2E,0x40,0x3F,0xF0,0x34,0x40,0x3E,0x40,0x25,0xE0,0x7F,0x40,0x04,0x40,0x05,0xF0}},
  {0x56A2, {0x00,0x00,0x00,0x00,0x7F,0xE0,0x00,0x00,0xFF,0xF0,0x89,0xF0,0x38,0x00,0x7F,0xE0,0x09,0x00,0xFF,0xF0,0x31,0xC0,0x1E,0x70}},
  {0x56A4, {0x00,0x00,0x01,0x00,0x6F,0xF0,0x6A,0x40,0x6F,0xF0,0x6F,0xE0,0x68,0x40,0x6F,0xE0,0x68,0x80,0x4F,0xF0,0x10,0x80,0x13,0x80}},
  {0x56A7, {0x00,0x00,0x01,0x00,0x61,0xE0,0x6F,0xF0,0x69,0x20,0x6F,0xE0,0x6C,0xA0,0x6F,0xE0,0x68,0x00,0x4F,0xE0,0x15,0x40,0x1F,0xF0}},
  {0x56A9, {0x00,0x00,0x04,0x60,0x68,0x40,0x73,0xF0,0x7D,0x50,0x6D,0xF0,0x6D,0x50,0x7F,0xF0,0x60,0x20,0x7F,0xF0,0x16,0xA0,0x10,0xE0}},
  {0x56AB, {0x00,0x00,0x64,0xE0,0x6F,0x80,0x6A,0xE0,0x6A,0x80,0x7F,0xE0,0x64,0x80,0x6F,0xE0,0x66,0xA0,0x75,0xB0,0x14,0xB0,0x0D,0x30}},
  {0x56AC, {0x00,0x00,0x6D,0xF0,0x6C,0x40,0x6F,0xE0,0x6D,0x00,0x7F,0xE0,0x65,0x00,0x6D,0xE0,0x77,0x00,0x75,0xE0,0x08,0xA0,0x11,0x10}},
  {0x56AF, {0x00,0x00,0x07,0xE0,0x71,0x00,0x5F,0xF0,0x59,0x10,0x57,0xE0,0x54,0x80,0x57,0xE0,0x5C,0x80,0x7F,0xE0,0x04,0x80,0x03,0xE0}},
  {0x56B0, {0x00,0x00,0x01,0x00,0x6F,0xF0,0x6A,0x40,0x6F,0xE0,0x6F,0xE0,0x6A,0x40,0x6F,0xF0,0x6A,0x00,0x4F,0xE0,0x1E,0x20,0x13,0xE0}},
  {0x56B7, {0x00,0x00,0x01,0x00,0x7F,0xF0,0x58,0xA0,0x5F,0xE0,0x52,0x40,0x5F,0xE0,0x52,0x40,0x62,0x40,0x4F,0xF0,0x14,0xC0,0x07,0x20}},
  {0x56B8, {0x00,0x00,0x7F,0x40,0x3D,0x40,0x3D,0x70,0x3F,0x40,0x24,0x40,0x2F,0xE0,0x24,0x80,0x3F,0x80,0x60,0x80,0x1F,0xE0,0x10,0x80}},
  {0x56B9, {0x00,0x00,0x08,0x00,0x6E,0x70,0x38,0x00,0x39,0xE0,0x29,0xD0,0x3F,0xF0,0x29,0xC0,0x3F,0xC0,0x7F,0xF0,0x1E,0x40,0x02,0xC0}},
  {0x56BA, {0x00,0x00,0x6B,0xF0,0x6B,0x50,0x63,0xF0,0x61,0x40,0x7B,0xF0,0x6B,0xA0,0x6B,0xC0,0x69,0xE0,0x4B,0xC0,0x1C,0x00,0x13,0xF0}},
  {0x56BD, {0x00,0x00,0x00,0x00,0x7F,0xF0,0x60,0xA0,0x7F,0x60,0x69,0x60,0x76,0x90,0x6F,0xE0,0x68,0x20,0x6F,0xE0,0x06,0xE0,0x1C,0x30}},
  {0x56BE, {0x00,0x00,0x02,0x40,0x7F,0xF0,0x50,0x00,0x5E,0xE0,0x57,0xE0,0x5C,0x80,0x5F,0xE0,0x5C,0x80,0x77,0xE0,0x04,0x80,0x07,0xF0}},
  {0x56BF, {0x00,0x00,0x02,0x40,0x7F,0xF0,0x54,0x00,0x5F,0xF0,0x58,0x80,0x57,0xF0,0x50,0xE0,0x5E,0x00,0x6F,0xE0,0x08,0x00,0x0F,0xE0}},
  {0x56C3, {0x00,0x00,0x04,0x80,0x7F,0xA0,0x28,0xF0,0x2B,0xA0,0x37,0xA0,0x25,0xF0,0x3F,0xA0,0x24,0xA0,0x76,0xF0,0x15,0xA0,0x0C,0xF0}},
  {0x56C6, {0x00,0x00,0x02,0x40,0x7F,0xF0,0x57,0xE0,0x57,0xE0,0x51,0x20,0x57,0xE0,0x5F,0xF0,0x5F,0xE0,0x79,0x20,0x07,0xE0,0x0F,0x10}},
  {0x56CA, {0x00,0x00,0x00,0x00,0x7F,0xE0,0x00,0x00,0xFF,0xF0,0x26,0x40,0x66,0x60,0x39,0x80,0x7F,0xE0,0x19,0x40,0x30,0xC0,0xDE,0x30}},
  {0x56CB, {0x00,0x00,0x0C,0xC0,0x7F,0xE0,0x50,0x40,0x5F,0xF0,0x4F,0xF0,0x48,0x20,0x4F,0xE0,0x48,0x20,0x6F,0xE0,0x06,0xE0,0x1C,0x30}},
  {0x56CE, {0x00,0x00,0x1C,0x20,0x77,0xE0,0x37,0x60,0x3F,0xE0,0x37,0xE0,0x3F,0x00,0x35,0xE0,0x3D,0x20,0x61,0xE0,0x15,0x20,0x11,0xE0}},
  {0x56D0, {0x00,0x00,0x04,0x00,0x67,0x20,0x64,0x30,0x7F,0x80,0x77,0xF0,0x7F,0xA0,0x7D,0x60,0x7F,0xE0,0x1D,0x60,0x1F,0xD0,0x13,0x90}},
  {0x56D2, {0x00,0x00,0x02,0x40,0x7F,0xF0,0x40,0x00,0x4E,0xE0,0x48,0x80,0x4E,0xE0,0x4F,0xE0,0x4D,0xC0,0x6F,0xC0,0x0B,0xE0,0x09,0x60}},
  {0x56D4, {0x00,0x00,0x01,0x00,0x6F,0xE0,0x29,0x20,0x3F,0xF0,0x2A,0xB0,0x2A,0xA0,0x2F,0xE0,0x3F,0xF0,0x66,0xA0,0x1C,0x40,0x07,0x30}},
  {0x56D5, {0x00,0x00,0x0E,0x80,0x78,0xF0,0x5F,0x40,0x5B,0xE0,0x5F,0xE0,0x58,0xE0,0x5F,0xE0,0x48,0x20,0x6F,0xE0,0x02,0x90,0x0C,0xF0}},
  {0x56D6, {0x00,0x00,0x04,0xC0,0x6F,0xF0,0x5A,0x20,0x4F,0xE0,0x4A,0x80,0x4F,0xE0,0x5E,0xF0,0x4F,0x40,0x7F,0xF0,0x03,0x40,0x05,0xF0}},
  {0x56DA, {0x00,0x00,0x7F,0xE0,0x40,0x20,0x46,0x20,0x44,0x20,0x46,0x20,0x47,0x20,0x59,0xA0,0x70,0xA0,0x40,0x20,0x7F,0xE0,0x40,0x20}},
  {0x56DB, {0x00,0x00,0x7F,0xE0,0x49,0x20,0x49,0x20,0x49,0x20,0x49,0x20,0x49,0x20,0x51,0xE0,0x70,0x20,0x40,0x20,0x7F,0xE0,0x40,0x20}},
  {0x56DC, {0x00,0x00,0x7F,0xE0,0x44,0x20,0x44,0x20,0x4C,0x20,0x49,0x20,0x59,0xA0,0x57,0xA0,0x40,0x60,0x40,0x20,0x7F,0xE0,0x00,0x00}},
  {0x56DE, {0x00,0x00,0x7F,0xE0,0x40,0x20,0x40,0x20,0x5F,0xA0,0x59,0xA0,0x59,0xA0,0x5F,0xA0,0x59,0xA0,0x40,0x20,0x7F,0xE0,0x40,0x20}},
  {0x56DF, {0x00,0x00,0x04,0x00,0x7F,0xE0,0x40,0x20,0x58,0xA0,0x4D,0x20,0x46,0x20,0x4D,0x20,0x50,0xA0,0x40,0x20,0x7F,0xE0,0x00,0x00}},
  {0x56E0, {0x00,0x00,0x7F,0xE0,0x40,0x20,0x46,0x20,0x5F,0xA0,0x44,0x20,0x47,0x20,0x59,0xA0,0x70,0xA0,0x40,0x20,0x7F,0xE0,0x40,0x20}},
  {0x56E1, {0x00,0x00,0x7F,0xE0,0x40,0x20,0x44,0x20,0x7F,0xE0,0x49,0x20,0x4F,0x20,0x47,0x20,0x78,0xE0,0x40,0x20,0x7F,0xE0,0x00,0x00}},
  {0x56E2, {0x00,0x00,0x7F,0xE0,0x40,0x20,0x41,0x20,0x7F,0xE0,0x47,0x20,0x49,0x20,0x73,0x20,0x4E,0x20,0x40,0x20,0x7F,0xE0,0x00,0x00}},
  {0x56E3, {0x00,0x00,0x7F,0xE0,0x41,0x20,0x41,0x20,0x5F,0xE0,0x51,0x20,0x49,0x20,0x49,0x20,0x41,0x20,0x46,0x20,0x7F,0xE0,0x00,0x00}},
  {0x56E4, {0x00,0x00,0x7F,0xE0,0x44,0x20,0x7F,0xE0,0x44,0x20,0x54,0xA0,0x5F,0xA0,0x46,0x60,0x43,0xE0,0x40,0x20,0x7F,0xE0,0x00,0x00}},
  {0x56E5, {0x00,0x00,0x7F,0xE0,0x44,0x20,0x7F,0xE0,0x40,0x20,0x4F,0x20,0x49,0x20,0x49,0x60,0x51,0x60,0x51,0xA0,0x7F,0xE0,0x00,0x00}},
  {0x56E7, {0x00,0x00,0x7F,0xE0,0x40,0x20,0x49,0x20,0x59,0xA0,0x60,0x60,0x5F,0xA0,0x58,0xA0,0x58,0xA0,0x58,0xA0,0x7F,0xE0,0x00,0x00}},
  {0x56E8, {0x00,0x00,0x7F,0xE0,0x40,0x20,0x7F,0xE0,0x44,0x20,0x46,0x20,0x5F,0xA0,0x76,0xE0,0x46,0x20,0x40,0x20,0x7F,0xE0,0x00,0x00}},
  {0x56E9, {0x00,0x00,0x7F,0xE0,0x40,0x20,0x5F,0xA0,0x40,0x20,0x7F,0xE0,0x49,0x20,0x59,0xA0,0x5F,0xA0,0x40,0x20,0x7F,0xE0,0x00,0x00}},
  {0x56ED, {0x00,0x00,0x7F,0xE0,0x40,0x20,0x5F,0xA0,0x40,0x20,0x7F,0xE0,0x4B,0x60,0x4B,0x60,0x51,0xA0,0x40,0x20,0x7F,0xE0,0x00,0x00}},
  {0x56EF, {0x00,0x00,0x7F,0xE0,0x40,0x20,0x5F,0xE0,0x46,0x20,0x5F,0xA0,0x46,0x20,0x46,0x20,0x7F,0xE0,0x40,0x20,0x7F,0xE0,0x00,0x00}},
  {0x56F0, {0x00,0x00,0x7F,0xE0,0x40,0x20,0x46,0x20,0x5F,0xA0,0x46,0x20,0x4F,0x20,0x57,0xA0,0x66,0xA0,0x40,0x20,0x7F,0xE0,0x40,0x20}},
  {0x56F1, {0x00,0x00,0x04,0x00,0x7F,0xE0,0x48,0x20,0x4F,0xA0,0x50,0xA0,0x65,0x20,0x43,0x20,0x4C,0xA0,0x58,0x20,0x7F,0xE0,0x00,0x00}},
  {0x56F2, {0x00,0x00,0x7F,0xE0,0x49,0x20,0x49,0x20,0x5F,0xE0,0x49,0x20,0x7F,0xE0,0x49,0x20,0x51,0x20,0x51,0x20,0x7F,0xE0,0x00,0x00}},
  {0x56F3, {0x00,0x00,0x7F,0xE0,0x42,0x20,0x42,0x20,0x54,0xA0,0x59,0xA0,0x46,0x20,0x4F,0x20,0x70,0xE0,0x40,0x20,0x7F,0xE0,0x00,0x00}},
  {0x56F5, {0x00,0x00,0x7F,0xE0,0x46,0x20,0x4F,0x20,0x50,0xA0,0x7B,0x60,0x4C,0x20,0x48,0xA0,0x4F,0xA0,0x40,0x20,0x7F,0xE0,0x00,0x00}},
  {0x56F6, {0x00,0x00,0x7F,0xE0,0x49,0x20,0x58,0xA0,0x66,0x60,0x46,0x20,0x5F,0xA0,0x46,0x20,0x7F,0xE0,0x40,0x20,0x7F,0xE0,0x00,0x00}},
  {0x56F7, {0x00,0x00,0x7F,0xE0,0x40,0xA0,0x5F,0x20,0x46,0x20,0x5F,0xA0,0x4F,0x20,0x57,0xA0,0x66,0xE0,0x46,0x20,0x7F,0xE0,0x00,0x00}},
  {0x56F8, {0x00,0x00,0x7F,0xE0,0x40,0x20,0x5F,0xE0,0x42,0x20,0x53,0xA0,0x52,0x20,0x52,0x20,0x7F,0xE0,0x40,0x20,0x7F,0xE0,0x00,0x00}},
  {0x56F9, {0x00,0x00,0x7F,0xE0,0x46,0x20,0x4F,0x20,0x5D,0xA0,0x62,0x60,0x5F,0xA0,0x41,0x20,0x4E,0x20,0x43,0x20,0x7F,0xE0,0x00,0x00}},
  {0x56FB, {0x00,0x00,0x7F,0xE0,0x40,0x20,0x5F,0xA0,0x50,0xA0,0x5F,0xA0,0x52,0x20,0x5F,0xA0,0x57,0x20,0x51,0xA0,0x7F,0xE0,0x00,0x00}},
  {0x56FC, {0x00,0x00,0x7F,0xE0,0x44,0x20,0x49,0x20,0x5F,0xA0,0x40,0x60,0x5F,0xA0,0x50,0xA0,0x5F,0xA0,0x40,0x20,0x7F,0xE0,0x00,0x00}},
  {0x56FD, {0x00,0x00,0x7F,0xE0,0x40,0x20,0x5F,0xE0,0x46,0x20,0x5F,0xA0,0x47,0x20,0x46,0xA0,0x7F,0xE0,0x40,0x20,0x7F,0xE0,0x00,0x00}},
  {0x56FE, {0x00,0x00,0x7F,0xE0,0x48,0x20,0x5F,0xA0,0x79,0x20,0x47,0x20,0x70,0xE0,0x4F,0x20,0x40,0x20,0x5C,0x20,0x7F,0xE0,0x00,0x00}},
  {0x5700, {0x00,0x00,0x7F,0xE0,0x49,0x20,0x54,0xE0,0x62,0x20,0x7F,0xE0,0x48,0x20,0x4F,0xA0,0x58,0xA0,0x73,0x20,0x7F,0xE0,0x00,0x00}},
  {0x5702, {0x00,0x00,0x7F,0xE0,0x40,0x20,0x7F,0xE0,0x4C,0xA0,0x7F,0x20,0x5B,0x20,0x47,0xE0,0x4B,0x20,0x76,0x20,0x7F,0xE0,0x00,0x00}},
  {0x5703, {0x00,0x00,0x7F,0xE0,0x46,0xA0,0x7F,0xE0,0x46,0x20,0x5F,0xA0,0x56,0xA0,0x5F,0xA0,0x56,0xA0,0x5F,0xA0,0x54,0xA0,0x3F,0xC0}},
  {0x5706, {0x00,0x00,0x7F,0xE0,0x50,0xA0,0x5F,0xA0,0x40,0x20,0x5F,0xA0,0x54,0xA0,0x56,0xA0,0x49,0xA0,0x40,0x20,0x7F,0xE0,0x40,0x20}},
  {0x5708, {0x00,0x00,0x7F,0xE0,0x52,0xA0,0x54,0xA0,0x7F,0xA0,0x44,0x20,0x7F,0xE0,0x71,0xE0,0x57,0x20,0x58,0xA0,0x7F,0xE0,0x00,0x00}},
  {0x570A, {0x00,0x00,0x7F,0xE0,0x46,0x20,0x7F,0xA0,0x46,0x20,0x7F,0xE0,0x50,0xA0,0x5F,0xA0,0x50,0xA0,0x5F,0xA0,0x50,0xA0,0x3F,0xC0}},
  {0x570C, {0x00,0x00,0x7F,0xE0,0x42,0x20,0x52,0xA0,0x5F,0xA0,0x7F,0xE0,0x44,0x20,0x5F,0xE0,0x54,0xE0,0x55,0xA0,0x7F,0xE0,0x00,0x00}},
  {0x570F, {0x00,0x00,0x7F,0xE0,0x54,0xA0,0x7F,0xE0,0x44,0x20,0x7F,0xE0,0x5F,0xE0,0x7F,0xA0,0x48,0xA0,0x4F,0x20,0x7F,0xE0,0x00,0x00}},
  {0x5710, {0x00,0x00,0x7F,0xE0,0x5F,0xE0,0x55,0x60,0x5F,0xE0,0x44,0x20,0x7F,0xE0,0x48,0x20,0x4F,0xA0,0x58,0xA0,0x7F,0xE0,0x00,0x00}},
  {0x5711, {0x00,0x00,0x7F,0xE0,0x41,0x20,0x7F,0xE0,0x50,0xA0,0x5F,0xA0,0x50,0xA0,0x7F,0xE0,0x49,0x20,0x43,0x20,0x7F,0xE0,0x00,0x00}},
  {0x5715, {0x00,0x00,0x7F,0xE0,0x5F,0xA0,0x44,0xA0,0x7F,0xE0,0x44,0x20,0x5F,0xA0,0x44,0x20,0x7F,0xE0,0x50,0xA0,0x7F,0xE0,0x00,0x00}},
  {0x5717, {0x00,0x00,0x7F,0xE0,0x5F,0x20,0x40,0x20,0x7F,0xE0,0x40,0x20,0x5F,0xE0,0x49,0x60,0x4F,0x60,0x49,0x60,0x7F,0xE0,0x00,0x00}},
  {0x5719, {0x00,0x00,0x7F,0xE0,0x49,0x20,0x50,0xA0,0x7F,0xE0,0x44,0x20,0x5F,0xE0,0x49,0x60,0x4F,0x60,0x49,0x60,0x7F,0xE0,0x00,0x00}},
  {0x571C, {0x00,0x00,0x7F,0xE0,0x54,0xA0,0x5F,0xA0,0x40,0x20,0x7F,0xE0,0x50,0xA0,0x5F,0xA0,0x5A,0xA0,0x6F,0xA0,0x48,0x60,0x3F,0xC0}},
  {0x571D, {0x00,0x00,0x7F,0xE0,0x50,0xA0,0x7F,0xE0,0x71,0xE0,0x5E,0xE0,0x79,0xE0,0x46,0x60,0x7D,0xE0,0x5F,0x20,0x7F,0xE0,0x00,0x00}},
  {0x571E, {0x00,0x00,0x7F,0xE0,0x5E,0xE0,0x77,0xA0,0x7E,0xE0,0x7F,0xE0,0x67,0x20,0x7F,0xE0,0x48,0x20,0x60,0x20,0x7F,0xE0,0x00,0x00}},
  {0x571F, {0x00,0x00,0x06,0x00,0x06,0x00,0x06,0x00,0x06,0x00,0x7F,0xE0,0x06,0x00,0x06,0x00,0x06,0x00,0x06,0x00,0x06,0x00,0xFF,0xF0}},
  {0x5722, {0x00,0x00,0x27,0xF0,0x20,0xC0,0x20,0xC0,0xF8,0xC0,0x20,0xC0,0x20,0xC0,0x20,0xC0,0x20,0xC0,0x78,0xC0,0xC0,0xC0,0x03,0x80}},
  {0x5723, {0x00,0x00,0x7F,0xE0,0x10,0xC0,0x19,0x80,0x07,0x00,0x1F,0x80,0xE0,0x70,0x06,0x00,0x7F,0xE0,0x06,0x00,0x06,0x00,0xFF,0xF0}},
  {0x5724, {0x00,0x00,0x31,0x00,0x31,0x00,0x31,0x00,0xFD,0x80,0x31,0x40,0x31,0x20,0x31,0x00,0x31,0x00,0x79,0x00,0x01,0x00,0x01,0x00}},
  {0x5726, {0x00,0x00,0x22,0x00,0x23,0x00,0x21,0x00,0xF1,0x80,0x23,0x80,0x22,0x80,0x22,0xC0,0x3C,0x40,0xEC,0x60,0x18,0x30,0x10,0x10}},
  {0x5728, {0x00,0x00,0x08,0x00,0xFF,0xF0,0x10,0x00,0x11,0x00,0x21,0x00,0x6F,0xE0,0x61,0x00,0xA1,0x00,0x21,0x00,0x21,0x00,0x3F,0xF0}},
  {0x572D, {0x00,0x00,0x06,0x00,0x7F,0xE0,0x06,0x00,0x06,0x00,0xFF,0xF0,0x00,0x00,0x06,0x00,0x7F,0xE0,0x06,0x00,0x06,0x00,0xFF,0xF0}},
  {0x5730, {0x00,0x00,0x21,0x00,0x25,0x00,0x25,0xE0,0xF7,0xE0,0x2D,0x20,0x25,0xA0,0x25,0xE0,0x25,0x10,0x75,0x10,0xC4,0x30,0x07,0xE0}},
  {0x5733, {0x00,0x00,0x24,0x20,0x25,0xA0,0xF5,0xA0,0x25,0xA0,0x25,0xA0,0x25,0xA0,0x25,0xA0,0x7D,0xA0,0xC9,0xA0,0x09,0xA0,0x10,0x20}},
  {0x5734, {0x00,0x00,0x22,0x00,0x23,0xE0,0x24,0x20,0xFC,0x20,0x2A,0x20,0x23,0x20,0x21,0x20,0x20,0x20,0x70,0x20,0x80,0x20,0x01,0xE0}},
  {0x5735, {0x00,0x00,0x21,0x00,0x21,0x00,0x21,0x00,0xF9,0xE0,0x21,0x00,0x21,0x00,0x21,0x00,0x21,0x00,0x39,0x00,0xE1,0x00,0x0F,0xF0}},
  {0x5736, {0x00,0x00,0x04,0x00,0x7F,0xF0,0x0F,0x00,0x19,0x80,0x30,0xC0,0xE6,0x70,0x06,0x00,0x7F,0xE0,0x06,0x00,0x06,0x00,0xFF,0xF0}},
  {0x5737, {0x00,0x00,0x2F,0xF0,0x21,0x00,0x21,0x00,0xF9,0x80,0x21,0xC0,0x21,0x30,0x21,0x00,0x21,0x00,0x79,0x00,0x01,0x00,0x01,0x00}},
  {0x5738, {0x00,0x00,0x20,0x80,0x20,0x80,0x24,0x80,0xF4,0xA0,0x24,0xA0,0x24,0xA0,0x24,0xA0,0x34,0xA0,0xE4,0xA0,0x07,0xE0,0x00,0x20}},
  {0x5739, {0x00,0x00,0x20,0x80,0x20,0x80,0x27,0xF0,0xFC,0x00,0x24,0x00,0x24,0x00,0x24,0x00,0x3C,0x00,0xEC,0x00,0x08,0x00,0x08,0x00}},
  {0x573A, {0x00,0x00,0x2F,0xE0,0x20,0xC0,0xF3,0x00,0x26,0x00,0x27,0xE0,0x22,0xA0,0x24,0xA0,0x35,0xA0,0xE9,0x20,0x12,0x20,0x04,0xE0}},
  {0x573C, {0x00,0x00,0x3F,0xC0,0x20,0x40,0x3F,0xC0,0x20,0x40,0x3F,0xC0,0x00,0x00,0x06,0x00,0x7F,0xE0,0x06,0x00,0x06,0x00,0xFF,0xF0}},
  {0x573D, {0x00,0x00,0x22,0x00,0x27,0xE0,0x25,0xE0,0xFA,0xA0,0x2A,0xA0,0x22,0xA0,0x24,0xA0,0x2D,0x20,0x33,0x20,0xC2,0x20,0x05,0xC0}},
  {0x573F, {0x00,0x00,0x21,0x80,0x23,0x80,0x22,0x40,0xFC,0x30,0x28,0x40,0x22,0x40,0x22,0x40,0x26,0x40,0xF4,0x40,0x04,0x40,0x08,0x40}},
  {0x5742, {0x00,0x00,0x20,0x60,0x27,0xE0,0x24,0x00,0xF4,0x00,0x27,0xE0,0x26,0x20,0x25,0x20,0x3D,0x40,0xE8,0xC0,0x09,0xC0,0x16,0x30}},
  {0x5745, {0x00,0x00,0x21,0x80,0x21,0x80,0x22,0x40,0xFD,0x20,0x29,0x90,0x20,0x00,0x27,0xE0,0x20,0x40,0x70,0x40,0x80,0x80,0x01,0x80}},
  {0x5746, {0x00,0x00,0x22,0x00,0x22,0x00,0x27,0xF0,0xFE,0x40,0x2E,0x40,0x22,0x40,0x22,0x40,0x31,0x80,0x71,0x80,0x06,0x60,0x08,0x20}},
  {0x5747, {0x00,0x00,0x22,0x00,0x22,0x00,0x27,0xE0,0xFC,0x20,0x2B,0x20,0x20,0x20,0x20,0xE0,0x33,0xA0,0x74,0x20,0xC0,0x20,0x01,0xE0}},
  {0x5748, {0x00,0x00,0x2F,0xE0,0x2C,0x20,0x20,0x00,0xF3,0xC0,0x22,0x40,0x22,0x40,0x22,0x40,0x32,0x40,0x74,0x50,0x0C,0x50,0x08,0x70}},
  {0x5749, {0x00,0x00,0x21,0x00,0x2F,0xF0,0x21,0x00,0xF5,0x20,0x25,0x20,0x25,0x20,0x27,0xE0,0x21,0x00,0x71,0x10,0xC1,0x10,0x00,0xE0}},
  {0x574A, {0x00,0x00,0x21,0x00,0x21,0x80,0x2F,0xF0,0xF2,0x00,0x22,0x00,0x27,0xE0,0x26,0x20,0x3C,0x20,0x74,0x20,0xCC,0x20,0x09,0xC0}},
  {0x574B, {0x00,0x00,0x20,0x80,0x22,0xC0,0x26,0x40,0xF4,0x60,0x28,0x30,0x27,0xE0,0x22,0x60,0x22,0x60,0x76,0x60,0x04,0x40,0x09,0xC0}},
  {0x574C, {0x00,0x00,0x09,0x00,0x18,0x80,0x20,0x40,0xFF,0xF0,0x08,0x40,0x10,0x40,0x63,0x80,0x06,0x00,0x7F,0xE0,0x06,0x00,0xFF,0xF0}},
  {0x574D, {0x00,0x00,0x27,0xE0,0x24,0x20,0x25,0x20,0xF5,0xA0,0x24,0x20,0x2F,0xF0,0x24,0x20,0x7C,0x20,0xCC,0x20,0x08,0x20,0x11,0xC0}},
  {0x574E, {0x00,0x00,0x22,0x00,0x26,0x00,0x27,0xF0,0xFD,0x20,0x29,0x20,0x21,0x00,0x21,0x80,0x3A,0x80,0x62,0x40,0xCC,0x60,0x18,0x30}},
  {0x574F, {0x00,0x00,0x2F,0xF0,0x21,0x00,0xF1,0x00,0x21,0x00,0x23,0xC0,0x23,0x40,0x35,0x20,0x65,0x20,0xC9,0x10,0x09,0x00,0x01,0x00}},
  {0x5750, {0x00,0x00,0x06,0x00,0x26,0x40,0x26,0x40,0x36,0xC0,0x77,0xE0,0x4F,0x30,0x86,0x00,0x3F,0xC0,0x06,0x00,0x06,0x00,0xFF,0xF0}},
  {0x5751, {0x00,0x00,0x21,0x00,0x21,0x00,0x2F,0xE0,0xF0,0x00,0x27,0xC0,0x24,0x40,0x24,0x40,0x74,0x40,0xC4,0x50,0x08,0x50,0x10,0x60}},
  {0x5752, {0x00,0x00,0x42,0x00,0x7F,0xE0,0x43,0x80,0x42,0x30,0x7A,0x20,0x03,0xE0,0x06,0x00,0x7F,0xE0,0x06,0x00,0x06,0x00,0xFF,0xF0}},
  {0x5757, {0x00,0x00,0x21,0x00,0x21,0x00,0x27,0xE0,0xF1,0x20,0x21,0x20,0x23,0x20,0x2F,0xF0,0x73,0x00,0xC6,0x80,0x0C,0x40,0x10,0x20}},
  {0x575A, {0x00,0x00,0x1F,0xE0,0x5A,0x60,0x5A,0x40,0x59,0x80,0x5B,0xC0,0x1E,0x30,0x06,0x00,0x7F,0xE0,0x06,0x00,0x06,0x00,0xFF,0xF0}},
  {0x575B, {0x00,0x00,0x20,0x00,0x27,0xE0,0x20,0x00,0xF0,0x00,0x20,0x00,0x2F,0xF0,0x21,0x00,0x22,0x40,0x34,0x60,0xEF,0xE0,0x0C,0x10}},
  {0x575D, {0x00,0x00,0x27,0xE0,0x24,0x20,0xF5,0xA0,0x25,0xA0,0x25,0xA0,0x25,0xA0,0x25,0x20,0x7D,0x20,0xC1,0xC0,0x06,0x60,0x0C,0x30}},
  {0x575F, {0x00,0x00,0x21,0x00,0x20,0x80,0x27,0xF0,0xF4,0x20,0x22,0x40,0x22,0x40,0x23,0x80,0x21,0x80,0x7B,0x80,0xC6,0x60,0x08,0x30}},
  {0x5760, {0x00,0x00,0x79,0x00,0x49,0x00,0x59,0x80,0x49,0x80,0x7A,0x40,0x46,0x60,0x4C,0x30,0x06,0x00,0x7F,0xE0,0x06,0x00,0xFF,0xF0}},
  {0x5761, {0x00,0x00,0x20,0x80,0x20,0x80,0x27,0xF0,0xFC,0xA0,0x24,0x80,0x27,0xE0,0x2E,0x20,0x3F,0x40,0xE9,0x80,0x0B,0xC0,0x16,0x30}},
  {0x5762, {0x00,0x00,0x21,0x80,0x25,0xA0,0x27,0xE0,0xF1,0x80,0x27,0xE0,0x21,0x80,0x21,0x80,0x2F,0xF0,0x31,0x80,0xE1,0x80,0x01,0x80}},
  {0x5764, {0x00,0x00,0x21,0x00,0x21,0x00,0x27,0xE0,0xFD,0x20,0x25,0x20,0x27,0xE0,0x25,0x20,0x25,0x20,0x3F,0xE0,0xE5,0x00,0x01,0x00}},
  {0x5766, {0x00,0x00,0x20,0x00,0x27,0xE0,0x24,0x20,0xF4,0x20,0x27,0xE0,0x24,0x20,0x24,0x20,0x27,0xE0,0x70,0x00,0xC0,0x00,0x0F,0xF0}},
  {0x5768, {0x00,0x00,0x21,0x00,0x21,0x80,0x2F,0xF0,0xFC,0x10,0x24,0x00,0x24,0x60,0x24,0xC0,0x3F,0x30,0x76,0x30,0xC6,0x20,0x03,0xE0}},
  {0x5769, {0x00,0x00,0x24,0x20,0x24,0x20,0x2F,0xF0,0xF4,0x20,0x24,0x20,0x27,0xE0,0x24,0x20,0x74,0x20,0xC4,0x20,0x07,0xE0,0x04,0x20}},
  {0x576A, {0x00,0x00,0x2F,0xE0,0x29,0x00,0xF5,0x20,0x25,0x20,0x25,0x40,0x21,0x00,0x2F,0xF0,0x21,0x00,0xF1,0x00,0x01,0x00,0x01,0x00}},
  {0x576B, {0x00,0x00,0x21,0x00,0x21,0x00,0x21,0xF0,0xF1,0x00,0x21,0x00,0x27,0xE0,0x24,0x20,0x7C,0x20,0xC4,0x20,0x07,0xE0,0x04,0x20}},
  {0x576C, {0x00,0x00,0x27,0xC0,0x25,0x40,0x25,0x40,0xF5,0x40,0x25,0x40,0x25,0x40,0x25,0x40,0x3D,0xA0,0xF9,0xA0,0x09,0xF0,0x11,0x10}},
  {0x576D, {0x00,0x00,0x27,0xE0,0x24,0x20,0x24,0x20,0xF7,0xE0,0x24,0x20,0x25,0x00,0x25,0x60,0x39,0x80,0xE9,0x10,0x09,0x30,0x11,0xE0}},
  {0x576E, {0x00,0x00,0x21,0x00,0x21,0x00,0x22,0x40,0xF4,0x20,0x27,0xF0,0x20,0x00,0x27,0xE0,0x24,0x20,0xF4,0x20,0x07,0xE0,0x04,0x20}},
  {0x5770, {0x00,0x00,0x2F,0xE0,0x28,0x20,0x28,0x20,0xFB,0xE0,0x2A,0x60,0x2A,0x60,0x2A,0x60,0x2B,0xA0,0x7A,0x20,0x08,0x20,0x08,0xE0}},
  {0x5771, {0x00,0x00,0x21,0x00,0x21,0x00,0x27,0xE0,0xF5,0x20,0x25,0x20,0x25,0x20,0x2F,0xF0,0x21,0x80,0x72,0x40,0x84,0x60,0x08,0x30}},
  {0x5772, {0x00,0x00,0x22,0x80,0x2F,0xE0,0x22,0xA0,0xF2,0xA0,0x2F,0xE0,0x2A,0x80,0x2F,0xF0,0x32,0x90,0xE4,0xB0,0x04,0xE0,0x08,0x80}},
  {0x5773, {0x00,0x00,0x44,0x80,0x44,0x80,0x47,0xF0,0xFA,0x90,0x4E,0x90,0x44,0xA0,0x46,0xA0,0x4A,0xA0,0x7F,0xA0,0xE1,0x20,0x02,0x60}},
  {0x5775, {0x00,0x00,0x20,0xE0,0x27,0x80,0x24,0x00,0xF4,0x00,0x27,0xF0,0x24,0x40,0x24,0x40,0x24,0x40,0x3C,0x40,0xE4,0x40,0x0F,0xF0}},
  {0x5776, {0x00,0x00,0x27,0xE0,0x25,0x20,0x24,0xA0,0xF4,0x20,0x2F,0xF0,0x25,0x20,0x25,0x20,0x3C,0x20,0x6F,0xF0,0x80,0x60,0x01,0xC0}},
  {0x5777, {0x00,0x00,0x2F,0xF0,0x20,0x20,0xF0,0x20,0x27,0xA0,0x24,0xA0,0x24,0xA0,0x24,0xA0,0x27,0xA0,0x74,0x20,0xC0,0x20,0x01,0xC0}},
  {0x5778, {0x00,0x00,0x22,0x00,0x27,0xE0,0x24,0x20,0xF8,0x20,0x27,0xA0,0x24,0xA0,0x24,0xA0,0x37,0xA0,0x74,0x20,0x00,0x20,0x01,0xE0}},
  {0x5779, {0x00,0x00,0x21,0x00,0x21,0x00,0x27,0xE0,0xFC,0x20,0x20,0xC0,0x22,0x40,0x22,0x40,0x26,0x40,0xF4,0x20,0x0C,0x30,0x08,0x10}},
  {0x577A, {0x00,0x00,0x22,0x40,0x22,0x40,0x2F,0xF0,0xF2,0x00,0x27,0xE0,0x26,0x20,0x25,0x60,0x39,0xC0,0xF9,0x80,0x13,0x60,0x06,0x30}},
  {0x577C, {0x00,0x00,0x20,0xE0,0x27,0xC0,0x24,0x00,0xF4,0x00,0x27,0xF0,0x24,0xC0,0x25,0xC0,0x7C,0xC0,0xC8,0xE0,0x08,0xC0,0x10,0xC0}},
  {0x577D, {0x00,0x00,0x21,0x80,0x21,0x80,0x22,0x40,0xF5,0x60,0x29,0xB0,0x20,0x00,0x27,0xE0,0x20,0x40,0x7A,0x80,0xC1,0x80,0x00,0xC0}},
  {0x5782, {0x00,0x00,0x01,0xE0,0x7E,0x00,0x06,0x00,0x7F,0xE0,0x16,0x80,0xFF,0xF0,0x16,0x80,0x16,0x80,0x7F,0xE0,0x06,0x00,0x7F,0xE0}},
  {0x5783, {0x00,0x00,0x21,0x00,0x21,0x80,0x2F,0xF0,0xF0,0x00,0x24,0x60,0x24,0x40,0x26,0x40,0x22,0xC0,0x72,0x80,0xC0,0x80,0x0F,0xF0}},
  {0x5784, {0x00,0x00,0x08,0x80,0x7F,0xE0,0x0A,0x00,0x13,0xD0,0x3F,0x30,0xC1,0xE0,0x06,0x00,0x7F,0xE0,0x06,0x00,0x06,0x00,0xFF,0xF0}},
  {0x5785, {0x00,0x00,0x26,0x80,0x26,0x40,0x2F,0xF0,0xF4,0x80,0x24,0xA0,0x24,0xA0,0x24,0xC0,0x3D,0x90,0xEB,0x90,0x0E,0xB0,0x10,0xE0}},
  {0x5787, {0x00,0x00,0x2E,0xE0,0x2A,0xA0,0x2A,0xA0,0xFA,0xA0,0x2A,0xA0,0x2A,0xA0,0x2B,0xA0,0x28,0x20,0xF8,0x20,0x0F,0xE0,0x08,0x20}},
  {0x5788, {0x00,0x00,0x24,0xC0,0x26,0x40,0x67,0xF0,0x6F,0x00,0xA1,0x20,0x20,0xE0,0x06,0x00,0x7F,0xE0,0x06,0x00,0x06,0x00,0xFF,0xF0}},
  {0x5789, {0x00,0x00,0x22,0x00,0x27,0xE0,0x24,0x20,0xFF,0xA0,0x2C,0xA0,0x24,0xA0,0x27,0xA0,0x24,0x20,0x35,0xD0,0xC4,0x10,0x07,0xE0}},
  {0x578A, {0x00,0x00,0x27,0xE0,0x24,0x20,0x24,0x20,0xFF,0xE0,0x24,0x80,0x24,0x80,0x27,0xF0,0x24,0x80,0x7C,0x90,0x86,0x50,0x0C,0x20}},
  {0x578B, {0x00,0x00,0x7E,0xA0,0x24,0xA0,0x24,0xA0,0xFF,0xA0,0x24,0xA0,0x44,0x20,0x44,0xE0,0x06,0x00,0x7F,0xE0,0x06,0x00,0xFF,0xF0}},
  {0x578C, {0x00,0x00,0x2F,0xE0,0x28,0x20,0xFB,0xE0,0x28,0x20,0x2B,0xE0,0x2A,0x60,0x2A,0x60,0x2B,0xA0,0x7A,0x20,0xC8,0x20,0x08,0xE0}},
  {0x578F, {0x00,0x00,0x21,0x00,0x27,0xE0,0x21,0x20,0xFF,0xF0,0x21,0x20,0x27,0xE0,0x21,0x00,0x27,0xE0,0x71,0x00,0xEF,0xF0,0x01,0x00}},
  {0x5790, {0x00,0x00,0x44,0x00,0x2F,0xE0,0x09,0x20,0x23,0x80,0x66,0xC0,0xD8,0x70,0x06,0x00,0x7F,0xE0,0x06,0x00,0x06,0x00,0xFF,0xF0}},
  {0x5792, {0x00,0x00,0x0C,0x00,0x11,0x80,0x3F,0xC0,0x30,0x80,0x69,0x40,0x7F,0xE0,0x06,0x00,0x7F,0xE0,0x06,0x00,0x06,0x00,0xFF,0xF0}},
  {0x5793, {0x00,0x00,0x21,0x00,0x2F,0xF0,0xF2,0x00,0x24,0x40,0x2F,0xC0,0x21,0xA0,0x23,0x60,0x2C,0xC0,0x31,0xC0,0xE3,0x60,0x0C,0x30}},
  {0x5795, {0x00,0x00,0x00,0x60,0x7F,0xC0,0x7F,0xE0,0x60,0x00,0x5F,0xE0,0x50,0x20,0xDF,0xE0,0x00,0x00,0x3F,0xE0,0x03,0x00,0x7F,0xF0}},
  {0x5796, {0x00,0x00,0x21,0x00,0x27,0xE0,0x24,0x20,0xFC,0x20,0x27,0xE0,0x24,0x00,0x27,0xE0,0x3C,0x20,0xE4,0x20,0x07,0xE0,0x04,0x20}},
  {0x5797, {0x00,0x00,0x22,0x80,0x22,0x80,0x2A,0xA0,0xF6,0xE0,0x22,0x80,0x26,0xC0,0x2E,0xE0,0x22,0x80,0x76,0x90,0x0C,0x90,0x08,0x60}},
  {0x5799, {0x00,0x00,0x21,0x00,0x2D,0x20,0x25,0x20,0xF1,0x40,0x21,0x00,0x2F,0xF0,0x22,0x80,0x22,0x80,0x74,0x90,0x8C,0x90,0x18,0xF0}},
  {0x579A, {0x00,0x00,0x06,0x00,0x7F,0xE0,0x06,0x00,0x06,0x00,0xFF,0xF0,0x00,0x80,0x20,0x80,0xFB,0xE0,0x20,0x80,0x3C,0x80,0xF3,0xF0}},
  {0x579B, {0x00,0x00,0x27,0xC0,0x24,0x40,0xFC,0x40,0x20,0x70,0x21,0x00,0x3F,0xF0,0x23,0x80,0x75,0x40,0xC9,0x20,0x11,0x10,0x01,0x00}},
  {0x579D, {0x00,0x00,0x22,0x00,0x27,0xC0,0x24,0x40,0xFF,0xF0,0x24,0x00,0x27,0xE0,0x26,0x20,0x26,0x20,0x7A,0xD0,0x0B,0x10,0x01,0xE0}},
  {0x579E, {0x00,0x00,0x21,0x00,0x2F,0xF0,0x28,0x10,0xF1,0xC0,0x27,0x00,0x21,0x00,0x21,0xF0,0x2F,0x00,0x71,0x10,0xE1,0x10,0x01,0xE0}},
  {0x579F, {0x00,0x00,0x22,0x20,0x22,0x40,0x27,0xF0,0xF0,0x80,0x20,0x80,0x27,0xE0,0x20,0x80,0x2F,0xF0,0x70,0x80,0x00,0x80,0x00,0x80}},
  {0x57A0, {0x00,0x00,0x27,0xE0,0x24,0x20,0x24,0x20,0xF7,0xE0,0x24,0x20,0x27,0xE0,0x25,0x20,0x24,0xE0,0x3C,0xC0,0xC7,0x60,0x06,0x30}},
  {0x57A1, {0x00,0x00,0x22,0x80,0x22,0x60,0x6F,0x80,0x61,0x60,0xA1,0x80,0x2E,0xA0,0x26,0x60,0x06,0x00,0x7F,0xE0,0x06,0x00,0xFF,0xF0}},
  {0x57A2, {0x00,0x00,0x20,0xE0,0x27,0xC0,0x24,0x00,0xFF,0xF0,0x24,0x00,0x2C,0x00,0x2F,0xE0,0x3E,0x20,0xEA,0x20,0x1B,0xE0,0x12,0x20}},
  {0x57A4, {0x00,0x00,0x2F,0xE0,0x22,0x00,0x22,0x40,0xF4,0x60,0x2F,0xE0,0x21,0x00,0x21,0x00,0x2F,0xE0,0xF1,0x00,0x01,0x00,0x0F,0xF0}},
  {0x57A6, {0x00,0x00,0x3F,0xC0,0x20,0x40,0x3F,0xC0,0x20,0x40,0x3F,0xC0,0x22,0xE0,0x39,0x80,0x66,0x60,0x7F,0xE0,0x06,0x00,0xFF,0xF0}},
  {0x57A7, {0x00,0x00,0x21,0x00,0x2F,0xE0,0x28,0x20,0xFB,0xA0,0x2A,0xA0,0x2A,0xA0,0x2A,0xA0,0x2B,0xA0,0x7A,0x20,0xC8,0x20,0x08,0xE0}},
  {0x57A8, {0x00,0x00,0x21,0x80,0x27,0xF0,0x24,0x10,0xFC,0x00,0x20,0x40,0x2F,0xF0,0x20,0x40,0x22,0x40,0x30,0x40,0xE0,0x40,0x01,0xC0}},
  {0x57AB, {0x00,0x00,0x21,0x00,0x21,0x00,0x7F,0xC0,0xF2,0x40,0x37,0x50,0x27,0x50,0x6C,0x30,0x06,0x00,0x7F,0xE0,0x06,0x00,0xFF,0xF0}},
  {0x57AC, {0x00,0x00,0x22,0x40,0x22,0x40,0x27,0xE0,0xF2,0x40,0x22,0x40,0x22,0x40,0x2F,0xF0,0x20,0x00,0x72,0x40,0x84,0x20,0x08,0x10}},
  {0x57AE, {0x00,0x00,0x21,0x00,0x2F,0xE0,0x26,0xC0,0xFC,0x60,0x3F,0xF0,0x20,0x00,0x2F,0xE0,0x74,0x00,0xC7,0xE0,0x00,0x40,0x03,0xC0}},
  {0x57AF, {0x00,0x00,0x2C,0x80,0x24,0x80,0x23,0xF0,0xF0,0x80,0x2C,0xC0,0x24,0xC0,0x25,0xA0,0x25,0x20,0x77,0x00,0x8E,0x00,0x0B,0xF0}},
  {0x57B0, {0x00,0x00,0x21,0x00,0x21,0xE0,0x21,0x00,0xFF,0xF0,0x20,0x00,0x2F,0xF0,0x21,0x00,0x39,0xC0,0xF1,0x20,0x01,0x00,0x01,0x00}},
  {0x57B1, {0x00,0x00,0x21,0x00,0x2D,0x20,0x25,0x60,0xF1,0x00,0x2F,0xE0,0x20,0x20,0x20,0x20,0x27,0xE0,0x30,0x20,0xE0,0x20,0x0F,0xE0}},
  {0x57B2, {0x00,0x00,0x29,0x20,0x29,0x20,0x2F,0xE0,0xF0,0x00,0x2F,0xE0,0x20,0x20,0x2F,0xC0,0x3C,0x00,0x64,0x10,0x84,0x30,0x07,0xE0}},
  {0x57B3, {0x00,0x00,0x23,0xF0,0x26,0x00,0x2C,0x00,0xFA,0x00,0x25,0xF0,0x2C,0x40,0x2C,0x40,0x24,0x40,0x74,0x40,0x04,0x40,0x05,0xC0}},
  {0x57B4, {0x00,0x00,0x21,0x00,0x2F,0xF0,0x20,0x00,0xFA,0x40,0x29,0xA0,0x29,0xA0,0x2B,0xA0,0x7E,0x60,0xC8,0x20,0x0F,0xE0,0x00,0x00}},
  {0x57B5, {0x00,0x00,0x21,0x00,0x2F,0xF0,0x2C,0x10,0xF9,0x00,0x22,0x00,0x2F,0xF0,0x24,0x40,0x36,0xC0,0xE1,0x80,0x03,0xE0,0x0C,0x30}},
  {0x57B6, {0x00,0x00,0x20,0x80,0x27,0xE0,0x22,0x20,0xF2,0x40,0x20,0x40,0x27,0xF0,0x20,0x80,0x2F,0xF0,0x70,0x80,0x00,0x80,0x00,0x80}},
  {0x57B9, {0x00,0x00,0x44,0xF0,0x44,0xA0,0x4F,0xA0,0xF4,0xA0,0x4E,0xA0,0x44,0xA0,0x44,0x90,0x4F,0x90,0x74,0xE0,0xC8,0x80,0x08,0x80}},
  {0x57C0, {0x00,0x00,0x7F,0xE0,0x06,0x00,0xFF,0xF0,0x16,0x80,0x76,0xE0,0x16,0x90,0x76,0xE0,0x06,0x00,0x7F,0xE0,0x06,0x00,0xFF,0xF0}},
  {0x57C1, {0x00,0x00,0x21,0x00,0x2D,0x20,0x27,0xE0,0xF1,0x80,0x22,0x40,0x2D,0x30,0x20,0x00,0x27,0xE0,0x70,0x40,0x00,0x80,0x01,0x00}},
  {0x57C2, {0x00,0x00,0x2F,0xF0,0x21,0x00,0xFF,0xE0,0x29,0x20,0x2F,0xE0,0x29,0x20,0x2F,0xE0,0x75,0x20,0xC7,0x00,0x07,0x80,0x18,0x70}},
  {0x57C4, {0x00,0x00,0x22,0x00,0x27,0xE0,0x26,0x40,0xF3,0xC0,0x2D,0x00,0x27,0xE0,0x21,0x00,0x27,0xE0,0x71,0x00,0xCF,0xF0,0x01,0x00}},
  {0x57C5, {0x00,0x00,0x78,0x00,0x57,0xF0,0x52,0x00,0x53,0xE0,0x4A,0x20,0x7C,0x20,0x4C,0xE0,0x06,0x00,0x7F,0xE0,0x06,0x00,0xFF,0xF0}},
  {0x57C6, {0x00,0x00,0x22,0x00,0x27,0xC0,0x24,0xC0,0xFF,0xE0,0x24,0xA0,0x27,0xE0,0x24,0xA0,0x37,0xE0,0xE4,0xA0,0x08,0xA0,0x08,0x60}},
  {0x57C8, {0x00,0x00,0x21,0x00,0x22,0x40,0x26,0xF0,0xF6,0x40,0x26,0x60,0x2E,0x10,0x23,0xE0,0x26,0x40,0x79,0xC0,0xC3,0xC0,0x0C,0x30}},
  {0x57CB, {0x00,0x00,0x2F,0xE0,0x2D,0x20,0x2F,0xE0,0xFD,0x20,0x2F,0xE0,0x21,0x00,0x21,0x00,0x2F,0xE0,0x71,0x00,0xC1,0x00,0x0F,0xF0}},
  {0x57CC, {0x00,0x00,0x21,0x00,0x27,0xE0,0x24,0x20,0xF7,0xE0,0x24,0x20,0x27,0xE0,0x25,0x20,0x35,0xE0,0x74,0xC0,0x07,0x60,0x04,0x00}},
  {0x57CD, {0x00,0x00,0x27,0xE0,0x24,0x20,0x27,0xE0,0xF0,0x00,0x27,0xE0,0x24,0x20,0x27,0xE0,0x24,0x20,0x7F,0xE0,0xC4,0x20,0x04,0xE0}},
  {0x57CE, {0x00,0x00,0x60,0xE0,0x60,0xA0,0x60,0x80,0xFF,0xF0,0x68,0x80,0x6E,0xA0,0x6A,0xA0,0x7A,0xC0,0xCE,0xD0,0x10,0xD0,0x11,0x30}},
  {0x57CF, {0x00,0x00,0x3C,0x30,0x25,0xC0,0x2C,0x40,0xF9,0x40,0x2D,0x60,0x25,0x40,0x25,0x40,0x2D,0x40,0x7D,0xF0,0xDE,0x00,0x03,0xF0}},
  {0x57D1, {0x00,0x00,0x20,0x60,0xFB,0x80,0x22,0x00,0x7B,0xF0,0x24,0x40,0x64,0x40,0x06,0x00,0x7F,0xE0,0x06,0x00,0x06,0x00,0xFF,0xF0}},
  {0x57D2, {0x00,0x00,0x20,0xE0,0x2F,0x00,0x29,0x20,0xF5,0x20,0x24,0x40,0x20,0x40,0x2F,0xF0,0x24,0x40,0xF6,0x40,0x00,0x40,0x01,0x80}},
  {0x57D3, {0x00,0x00,0x21,0xE0,0x27,0x80,0x22,0x80,0xF2,0xF0,0x27,0xC0,0x20,0x40,0x27,0xF0,0x24,0x40,0x32,0x40,0xE0,0x40,0x01,0xC0}},
  {0x57D4, {0x00,0x00,0x21,0x60,0x21,0x00,0x2F,0xF0,0xF1,0x00,0x2F,0xF0,0x29,0x30,0x2F,0xF0,0x79,0x30,0xCF,0xF0,0x09,0x30,0x09,0x60}},
  {0x57D5, {0x00,0x00,0x27,0xE0,0x24,0x20,0x24,0x20,0xF7,0xE0,0x20,0x00,0x2F,0xE0,0x21,0x00,0x27,0xE0,0x71,0x00,0xC1,0x00,0x0F,0xF0}},
  {0x57D6, {0x00,0x00,0x22,0x40,0x2F,0xF0,0x22,0x40,0xF0,0x80,0x24,0xA0,0x2C,0xE0,0x2C,0xC0,0x25,0x80,0x76,0x90,0xC4,0x90,0x04,0xE0}},
  {0x57D7, {0x00,0x00,0x20,0x80,0x24,0xF0,0x24,0x80,0xF4,0x80,0x2F,0xF0,0x20,0x80,0x26,0xA0,0x24,0xE0,0x78,0xC0,0x83,0x80,0x0E,0x00}},
  {0x57DA, {0x00,0x00,0x27,0xE0,0x24,0x20,0xF4,0x20,0x27,0xE0,0x21,0x00,0x2F,0xE0,0x29,0x20,0x3A,0xA0,0x6C,0x60,0x88,0x20,0x08,0xE0}},
  {0x57DB, {0x00,0x00,0x2F,0xE0,0x28,0x20,0x2A,0xA0,0xFE,0x60,0x2C,0x20,0x2B,0xE0,0x2A,0x60,0x2A,0x60,0x7B,0xE0,0x08,0x20,0x08,0xE0}},
  {0x57DD, {0x00,0x00,0x21,0x00,0x23,0x80,0x22,0x40,0xF5,0x60,0x29,0x30,0x27,0xC0,0x20,0xC0,0x21,0x00,0x7E,0xE0,0xCA,0x50,0x03,0x80}},
  {0x57DF, {0x00,0x00,0x20,0xA0,0x20,0x80,0x2F,0xF0,0xF0,0x80,0x2E,0xA0,0x2A,0xA0,0x2E,0xC0,0x30,0xC0,0x67,0xD0,0x99,0xD0,0x02,0x20}},
  {0x57E0, {0x00,0x00,0x21,0x00,0x2F,0xE0,0x28,0x20,0xFF,0xE0,0x28,0x00,0x2F,0xE0,0x28,0x20,0x2F,0xE0,0x71,0x00,0x0F,0xF0,0x01,0x00}},
  {0x57E2, {0x00,0x00,0x25,0x20,0x25,0x40,0x2F,0xE0,0xF3,0x00,0x2F,0xF0,0x24,0x40,0x2F,0xF0,0x24,0x40,0x75,0xA0,0xE4,0x20,0x03,0xE0}},
  {0x57E3, {0x00,0x00,0x20,0x80,0x2F,0xF0,0x20,0x40,0xF6,0x40,0x27,0xE0,0x28,0x90,0x20,0x00,0x2F,0xF0,0x71,0x80,0x01,0x80,0x01,0x80}},
  {0x57E5, {0x00,0x00,0x20,0x80,0x2F,0xF0,0x20,0x80,0xFF,0xE0,0x20,0x80,0x2F,0xF0,0x27,0xE0,0x34,0x20,0x67,0xE0,0x84,0x20,0x04,0xE0}},
  {0x57E6, {0x00,0x00,0x21,0x00,0x2F,0xF0,0x28,0x10,0xF4,0x00,0x27,0xE0,0x2D,0xA0,0x2F,0xA0,0x22,0xE0,0x76,0x90,0x0C,0x90,0x08,0xE0}},
  {0x57E8, {0x00,0x00,0x21,0x80,0x23,0x80,0x26,0x40,0xFF,0xF0,0x20,0x00,0x2F,0xE0,0x2A,0xA0,0x2F,0xE0,0x7A,0xA0,0x8A,0xA0,0x08,0x60}},
  {0x57E9, {0x00,0x00,0x22,0x00,0x27,0xC0,0x2C,0x80,0xFF,0xE0,0x21,0x20,0x2F,0xF0,0x21,0x20,0x3F,0xE0,0x71,0x00,0x01,0x00,0x07,0x00}},
  {0x57EA, {0x00,0x00,0x21,0x00,0x2F,0xF0,0x28,0x10,0xFE,0x40,0x24,0x20,0x20,0x00,0x27,0xE0,0x21,0x80,0x31,0x80,0xE1,0x80,0x0F,0xF0}},
  {0x57EB, {0x00,0x00,0x21,0x00,0x25,0x20,0x21,0x40,0xFF,0xE0,0x28,0x20,0x2B,0xE0,0x2A,0x60,0x2A,0x60,0x7B,0xE0,0xC8,0x20,0x08,0xE0}},
  {0x57EC, {0x00,0x00,0x21,0x00,0x2F,0xF0,0x21,0x00,0xFF,0xE0,0x29,0x20,0x2F,0xE0,0x29,0x20,0x2F,0xE0,0x73,0xC0,0xCD,0x20,0x01,0x00}},
  {0x57ED, {0x00,0x00,0x21,0x00,0x27,0xE0,0x21,0x20,0xFF,0xF0,0x21,0x20,0x27,0xE0,0x2D,0xA0,0x25,0xC0,0x77,0x60,0xCD,0x30,0x07,0x00}},
  {0x57EE, {0x00,0x00,0x21,0x00,0x2D,0x20,0x25,0x40,0xF3,0xC0,0x2E,0x60,0x21,0x00,0x29,0x20,0x25,0xC0,0x72,0x80,0x06,0x60,0x08,0x30}},
  {0x57EF, {0x00,0x00,0x21,0x00,0x2F,0xE0,0x26,0x40,0xFD,0x30,0x2F,0xE0,0x29,0x20,0x2F,0xE0,0x79,0x20,0xEF,0xF0,0x09,0x10,0x01,0xE0}},
  {0x57F2, {0x00,0x00,0x61,0x00,0x6F,0xE0,0x61,0x00,0xFF,0xE0,0x62,0x00,0x6F,0xF0,0x6D,0x60,0x7F,0xD0,0x71,0x00,0xEF,0xE0,0x01,0x00}},
  {0x57F3, {0x00,0x00,0x22,0x00,0x23,0xE0,0x24,0x40,0xF8,0x00,0x2E,0xE0,0x28,0x20,0x28,0x20,0x2E,0xE0,0x38,0x20,0xE8,0x20,0x0F,0xE0}},
  {0x57F9, {0x00,0x00,0x21,0x00,0x2F,0xE0,0xF4,0x40,0x22,0x40,0x2F,0xF0,0x20,0x00,0x27,0xE0,0x7C,0x20,0xC4,0x20,0x07,0xE0,0x04,0x20}},
  {0x57FB, {0x00,0x00,0x21,0x00,0x2F,0xF0,0x24,0x20,0xF7,0xE0,0x20,0x00,0x27,0xE0,0x20,0xC0,0x7F,0xF0,0xC1,0x00,0x01,0x00,0x07,0x00}},
  {0x57FD, {0x00,0x00,0x27,0xE0,0x20,0x20,0x27,0xE0,0xF0,0x20,0x2F,0xF0,0x29,0x10,0x27,0xE0,0x75,0x20,0xE5,0x20,0x05,0xE0,0x01,0x00}},
  {0x57FF, {0x00,0x00,0x27,0xE0,0x14,0x20,0x4F,0xE0,0x08,0x20,0x2B,0xE0,0x6B,0x10,0x51,0xE0,0x06,0x00,0x7F,0xE0,0x06,0x00,0xFF,0xF0}},
  {0x5800, {0x00,0x00,0x2F,0xE0,0x28,0x20,0xFF,0xE0,0x28,0x80,0x2A,0xA0,0x2A,0xA0,0x2B,0xE0,0x7C,0xA0,0xCC,0xA0,0x17,0xE0,0x10,0x20}},
  {0x5801, {0x00,0x00,0x2F,0xE0,0x29,0x20,0x29,0x20,0xFF,0xE0,0x29,0x20,0x2F,0xE0,0x21,0x00,0x2F,0xF0,0x73,0xC0,0xCD,0x20,0x01,0x00}},
  {0x5802, {0x00,0x00,0x26,0x40,0x16,0x80,0x7F,0xE0,0x40,0x20,0x7F,0xE0,0x20,0x40,0x3F,0xC0,0x06,0x00,0x7F,0xE0,0x06,0x00,0xFF,0xF0}},
  {0x5803, {0x00,0x00,0x30,0x80,0x00,0x80,0x7F,0xE0,0x21,0x00,0x39,0xE0,0x4B,0x20,0x7A,0xE0,0x06,0x00,0x7F,0xE0,0x06,0x00,0xFF,0xF0}},
  {0x5806, {0x00,0x00,0x22,0x80,0x26,0x80,0x27,0xF0,0xFC,0x80,0x2F,0xE0,0x24,0x80,0x27,0xE0,0x3C,0x80,0xE4,0x80,0x07,0xF0,0x04,0x00}},
  {0x5807, {0x00,0x00,0x10,0x80,0xFF,0xF0,0x10,0x80,0x3F,0xE0,0x26,0x60,0x26,0x60,0x7F,0xE0,0x06,0x00,0x3F,0xC0,0x06,0x00,0xFF,0xF0}},
  {0x5808, {0x00,0x00,0x2F,0xF0,0x2A,0x50,0x2A,0x90,0xFF,0xF0,0x29,0x10,0x2B,0x50,0x2B,0x50,0x2B,0x50,0x7B,0xD0,0xC8,0x30,0x08,0xE0}},
  {0x580B, {0x00,0x00,0x6E,0xE0,0x6A,0xA0,0xFA,0xA0,0x6E,0xE0,0x6A,0xA0,0x6A,0xA0,0x6E,0xE0,0x7A,0xA0,0xCA,0xA0,0x13,0xA0,0x17,0x60}},
  {0x580E, {0x00,0x00,0x21,0x80,0x27,0xE0,0x21,0x80,0xFF,0xF0,0x22,0x40,0x2E,0x30,0x23,0xE0,0x3E,0x40,0xF1,0x80,0x03,0xC0,0x0C,0x30}},
  {0x580F, {0x00,0x00,0x20,0x80,0x7F,0xF0,0x21,0x00,0x7B,0xE0,0x62,0x20,0xA4,0x20,0x20,0xC0,0x06,0x00,0x7F,0xE0,0x06,0x00,0xFF,0xF0}},
  {0x5812, {0x00,0x00,0x2F,0xE0,0x28,0x20,0x2F,0xE0,0xF8,0x20,0x2F,0xE0,0x20,0x00,0x28,0xA0,0x2F,0xC0,0x78,0x90,0xCF,0x90,0x0C,0xE0}},
  {0x5813, {0x00,0x00,0x21,0x00,0x27,0xE0,0x20,0x00,0xFF,0xF0,0x28,0x00,0x2B,0xE0,0x28,0x80,0x38,0x80,0xFB,0xF0,0x08,0x80,0x10,0x80}},
  {0x5814, {0x00,0x00,0x2F,0xF0,0x28,0x10,0x22,0x40,0xF5,0x20,0x21,0x00,0x2F,0xF0,0x23,0x80,0x37,0x40,0xED,0x20,0x09,0x10,0x01,0x00}},
  {0x5818, {0x00,0x00,0x25,0x20,0x25,0x40,0x2F,0xE0,0xF1,0x00,0x23,0x00,0x2F,0xF0,0x26,0x40,0x2D,0x30,0x77,0xC0,0xE1,0x00,0x0F,0xE0}},
  {0x581A, {0x00,0x00,0x2F,0xE0,0x29,0x00,0x23,0xC0,0xFF,0xE0,0x29,0x20,0x2F,0xE0,0x29,0x20,0x2F,0xE0,0x71,0x00,0x8F,0xF0,0x01,0x00}},
  {0x581B, {0x00,0x00,0x2F,0xF0,0x20,0x00,0x27,0xE0,0xF4,0x20,0x27,0xE0,0x20,0x00,0x2F,0xE0,0x29,0x20,0x3F,0xE0,0xE9,0x20,0x0F,0xE0}},
  {0x581C, {0x00,0x00,0x21,0x00,0x2F,0xF0,0x21,0x00,0xFF,0xE0,0x29,0x60,0x2B,0x20,0x2F,0xE0,0x33,0x80,0xF7,0x40,0x09,0x30,0x01,0x00}},
  {0x581E, {0x00,0x00,0x65,0x40,0x6F,0xF0,0x65,0x40,0xF5,0xC0,0x64,0x00,0x67,0xE0,0x61,0x00,0x6F,0xF0,0x73,0xC0,0xCD,0x60,0x19,0x30}},
  {0x581F, {0x00,0x00,0x24,0x00,0x27,0xE0,0x24,0x60,0xF7,0xC0,0x20,0x40,0x2F,0xF0,0x27,0x20,0x23,0xC0,0xF9,0xA0,0x0E,0xB0,0x03,0x80}},
  {0x5820, {0x00,0x00,0x25,0xC0,0x24,0x40,0xFB,0xF0,0x29,0x00,0x39,0xE0,0x2A,0x80,0x2A,0x80,0x7F,0xF0,0xC8,0xC0,0x09,0x60,0x0A,0x30}},
  {0x5821, {0x00,0x00,0x2F,0xE0,0x28,0x20,0x6F,0xE0,0x61,0x00,0xEF,0xE0,0x65,0x40,0x61,0x00,0x06,0x00,0x7F,0xE0,0x06,0x00,0xFF,0xF0}},
  {0x5822, {0x00,0x00,0x27,0xE0,0x26,0x20,0x2E,0x20,0xFF,0xE0,0x2C,0x80,0x3C,0x80,0x27,0xF0,0x25,0xC0,0x75,0xA0,0x06,0x90,0x04,0x80}},
  {0x5825, {0x00,0x00,0x7D,0x00,0x09,0xF0,0x13,0x20,0xFF,0x40,0x34,0xC0,0x51,0xC0,0x33,0x30,0x06,0x00,0x7F,0xE0,0x06,0x00,0xFF,0xF0}},
  {0x5827, {0x00,0x00,0x2F,0xF0,0x21,0x00,0x2F,0xF0,0xFA,0x90,0x2A,0x90,0x28,0x60,0x21,0x00,0x3F,0xF0,0xF1,0x80,0x06,0x60,0x08,0x30}},
  {0x5829, {0x00,0x00,0x45,0xF0,0x64,0x00,0x67,0xE0,0xFF,0x20,0x7D,0x20,0x65,0xE0,0x65,0x20,0x65,0xE0,0xF5,0x00,0x04,0x00,0x07,0xF0}},
  {0x582A, {0x00,0x00,0x24,0x40,0x2F,0xF0,0x24,0x40,0xF7,0xC0,0x24,0x40,0x27,0xC0,0x24,0x40,0x3F,0xF0,0x79,0x40,0xCA,0x20,0x0F,0xE0}},
  {0x582B, {0x00,0x00,0x22,0x40,0x25,0xB0,0x26,0x70,0xF7,0xF0,0x26,0x60,0x2E,0x30,0x27,0xE0,0x3E,0x40,0xF1,0x80,0x03,0xC0,0x0C,0x30}},
  {0x582D, {0x00,0x00,0x23,0x00,0x2F,0xE0,0x28,0x20,0xFF,0xE0,0x28,0x20,0x2F,0xE0,0x2F,0xE0,0x21,0x00,0x7F,0xE0,0xC1,0x00,0x0F,0xF0}},
  {0x5832, {0x00,0x00,0x7D,0xE0,0x45,0x20,0x7D,0x20,0x45,0x20,0x7D,0x20,0x4D,0xE0,0x67,0x00,0x7F,0xE0,0x06,0x00,0x06,0x00,0xFF,0xF0}},
  {0x5833, {0x00,0x00,0x2F,0xE0,0x29,0x20,0x29,0x20,0xFF,0xE0,0x28,0x00,0x2B,0xE0,0x2A,0x20,0x2B,0xE0,0xFA,0x20,0x13,0xE0,0x12,0x20}},
  {0x5835, {0x00,0x00,0x21,0x00,0x27,0xA0,0xF1,0x40,0x2F,0xF0,0x22,0x00,0x27,0xE0,0x2C,0x20,0x77,0xE0,0xC4,0x20,0x07,0xE0,0x00,0x00}},
  {0x5836, {0x00,0x00,0x22,0x00,0x2F,0xF0,0x24,0x00,0xFF,0xE0,0x28,0x80,0x3F,0xF0,0x27,0xE0,0x24,0x20,0xF7,0xE0,0x04,0x20,0x04,0xE0}},
  {0x5839, {0x00,0x00,0x2F,0xE0,0x21,0x00,0xFF,0xF0,0x29,0x20,0x2F,0xE0,0x29,0x20,0x2F,0xE0,0x61,0x00,0xEF,0xE0,0x01,0x00,0x0F,0xF0}},
  {0x583C, {0x00,0x00,0x10,0x40,0x7F,0xF0,0x10,0x40,0xFD,0x40,0x11,0x40,0x7C,0x40,0x14,0x40,0xF5,0xC0,0x7F,0xE0,0x02,0x00,0xFF,0xF0}},
  {0x583D, {0x00,0x00,0x2F,0xE0,0x2A,0xA0,0x2A,0xA0,0xFF,0xE0,0x20,0x00,0x2F,0xE0,0x21,0x00,0x25,0xE0,0x75,0x00,0xC5,0x00,0x1F,0xF0}},
  {0x583E, {0x00,0x00,0x21,0x00,0x2F,0xE0,0x21,0x00,0xF7,0xE0,0x2F,0xF0,0x24,0x40,0x2F,0xE0,0x24,0x40,0x77,0xC0,0xC4,0x40,0x07,0xC0}},
  {0x5840, {0x00,0x00,0x2F,0xE0,0x28,0x20,0x2F,0xE0,0xF8,0x20,0x29,0x40,0x2B,0xE0,0x29,0x40,0x7F,0xF0,0x8A,0x40,0x12,0x40,0x14,0x40}},
  {0x5841, {0x00,0x00,0x3F,0xC0,0x26,0x40,0x3F,0xC0,0x26,0x40,0x3F,0xC0,0x60,0x60,0x39,0xC0,0x76,0xE0,0x3F,0xC0,0x02,0x00,0xFF,0xF0}},
  {0x5843, {0x00,0x00,0x24,0x40,0x2F,0xF0,0x25,0x40,0xFF,0xF0,0x28,0x00,0x28,0x00,0x2F,0xE0,0x25,0x40,0x7D,0x40,0x09,0x50,0x11,0x70}},
  {0x5844, {0x00,0x00,0x2F,0xE0,0x2A,0xA0,0x2F,0xE0,0xF9,0x20,0x21,0x00,0x2F,0xF0,0x22,0x00,0x77,0xE0,0xC4,0x20,0x0C,0x60,0x09,0xC0}},
  {0x5845, {0x00,0x00,0x6E,0xE0,0x68,0xA0,0x69,0x20,0xFF,0x20,0x68,0x30,0x6F,0xE0,0x69,0x20,0x7E,0xC0,0xF8,0xC0,0x09,0xE0,0x0B,0x30}},
  {0x5847, {0x00,0x00,0x21,0x00,0x2F,0xF0,0x28,0x00,0xF7,0xE0,0x20,0x00,0x27,0xE0,0x27,0xE0,0x34,0x20,0x77,0xE0,0x00,0x20,0x0F,0xF0}},
  {0x584C, {0x00,0x00,0x27,0xE0,0x24,0x20,0x27,0xE0,0xF4,0x20,0x27,0xE0,0x20,0x00,0x2F,0xE0,0x7B,0xA0,0xCF,0xE0,0x1A,0x20,0x0E,0xE0}},
  {0x584D, {0x00,0x00,0x75,0x20,0x51,0x40,0x57,0xE0,0x71,0x00,0x5F,0xF0,0x56,0x40,0x7D,0x30,0x5F,0xE0,0x51,0x00,0xD1,0x00,0xB7,0xE0}},
  {0x5850, {0x00,0x00,0x21,0x00,0x2F,0xE0,0x21,0x00,0xFF,0xF0,0x26,0x40,0x2F,0x80,0x20,0x60,0x3F,0xF0,0xC5,0x00,0x0D,0x60,0x03,0x00}},
  {0x5851, {0x00,0x00,0x29,0xE0,0x7F,0x20,0x11,0xE0,0x55,0x20,0x7F,0xE0,0x32,0x20,0x26,0xE0,0x42,0x00,0x3F,0xC0,0x02,0x00,0xFF,0xF0}},
  {0x5853, {0x00,0x00,0x2F,0xF0,0x28,0x10,0x27,0xE0,0xF4,0x20,0x27,0xE0,0x24,0x20,0x27,0xE0,0x21,0x00,0x7F,0xF0,0x82,0x40,0x0C,0x30}},
  {0x5854, {0x00,0x00,0x24,0x40,0x2F,0xF0,0x27,0xC0,0xF2,0xC0,0x24,0x60,0x2B,0xF0,0x20,0x00,0x77,0xE0,0xE4,0x20,0x07,0xE0,0x04,0x20}},
  {0x5855, {0x00,0x00,0x22,0x80,0x24,0x60,0x2E,0x30,0xF7,0xC0,0x20,0x00,0x2F,0xE0,0x2A,0xA0,0x36,0x60,0xE7,0xE0,0x1A,0xA0,0x06,0xE0}},
  {0x5859, {0x00,0x00,0x21,0x00,0x2F,0xF0,0x20,0x00,0xF7,0xE0,0x24,0x20,0x2F,0xF0,0x28,0x30,0x3B,0xF0,0xFA,0x70,0x0B,0xF0,0x08,0x60}},
  {0x585D, {0x00,0x00,0x21,0x00,0x2F,0xE0,0x22,0x40,0xFF,0xE0,0x29,0x00,0x2F,0xF0,0x22,0x00,0x37,0xE0,0xC4,0x60,0x0C,0x40,0x09,0xC0}},
  {0x585E, {0x00,0x00,0x04,0x00,0x7F,0xE0,0x49,0x20,0x7F,0xE0,0x09,0x00,0x7F,0xE0,0x16,0x80,0x66,0x40,0xDF,0xB0,0x06,0x00,0x7F,0xE0}},
  {0x5860, {0x00,0x00,0x28,0x80,0x2D,0xE0,0x21,0x20,0xF1,0x20,0x2D,0xE0,0x25,0x00,0x25,0xE0,0x25,0x20,0x7D,0xE0,0xCC,0x00,0x13,0xF0}},
  {0x5861, {0x00,0x00,0x2C,0xC0,0x2F,0x10,0x2C,0x20,0xFF,0xE0,0x2A,0x20,0x2B,0xE0,0x2A,0x20,0x2B,0xE0,0xFF,0xF0,0x02,0x40,0x0C,0x30}},
  {0x5863, {0x00,0x00,0x2F,0xE0,0x18,0x20,0xCF,0xE0,0x40,0x00,0x0F,0xE0,0x21,0x00,0x5F,0xF0,0x00,0x00,0x7F,0xE0,0x06,0x00,0xFF,0xF0}},
  {0x5866, {0x00,0x00,0x78,0x80,0x5F,0xE0,0x57,0xE0,0x54,0xA0,0x57,0xE0,0x70,0x80,0x4F,0xF0,0x00,0x00,0x7F,0xE0,0x06,0x00,0xFF,0xF0}},
  {0x5868, {0x00,0x00,0x24,0x40,0x2F,0xE0,0x24,0x40,0xF4,0x40,0x2F,0xE0,0x25,0x40,0x39,0x30,0x25,0xA0,0x75,0xA0,0x09,0x40,0x07,0x00}},
  {0x586A, {0x00,0x00,0x20,0xE0,0x2F,0x00,0x21,0x20,0xF5,0x20,0x20,0x00,0x2E,0xE0,0x28,0x20,0x2E,0xE0,0x38,0x20,0xC8,0x20,0x0F,0xE0}},
  {0x586B, {0x00,0x00,0x21,0x00,0x2F,0xF0,0x21,0x00,0xF7,0xE0,0x24,0x20,0x27,0xE0,0x24,0x20,0x37,0xE0,0x74,0x20,0xCF,0xF0,0x08,0x30}},
  {0x586D, {0x00,0x00,0x2F,0xE0,0x28,0x20,0x2F,0xE0,0xF8,0x20,0x2F,0xE0,0x20,0x00,0x2F,0xE0,0x2A,0xA0,0x7A,0xA0,0x0A,0xA0,0x1F,0xF0}},
  {0x586F, {0x00,0x00,0x27,0xE0,0x28,0xA0,0x2A,0xA0,0xFF,0xE0,0x29,0x00,0x2F,0xE0,0x29,0x20,0x29,0x20,0xFF,0xE0,0x09,0x20,0x0F,0xE0}},
  {0x5870, {0x00,0x00,0x24,0x00,0x2F,0xE0,0x4F,0xE0,0x49,0x20,0x1F,0xF0,0x29,0x40,0x4F,0xE0,0x06,0x00,0x7F,0xE0,0x06,0x00,0xFF,0xF0}},
  {0x5871, {0x00,0x00,0x11,0xE0,0x7D,0x20,0x45,0x20,0x7D,0xE0,0x45,0x20,0x7F,0xE0,0x4A,0x20,0x46,0xE0,0x7F,0xE0,0x02,0x00,0xFF,0xF0}},
  {0x5873, {0x00,0x00,0x09,0x00,0x6B,0xE0,0x63,0xC0,0xF3,0xA0,0x7B,0xE0,0x68,0x80,0x6B,0xE0,0x68,0x80,0x7F,0xF0,0x1C,0x80,0x17,0xF0}},
  {0x5874, {0x00,0x00,0x29,0x20,0x2F,0xE0,0x20,0x00,0xFE,0xE0,0x2A,0xA0,0x2A,0xA0,0x2E,0xE0,0x2A,0xA0,0xFE,0xE0,0x1B,0xA0,0x17,0x60}},
  {0x5878, {0x00,0x00,0x2F,0xF0,0x28,0x00,0x2B,0xE0,0xFA,0x20,0x2B,0xE0,0x28,0x00,0x2B,0x60,0x29,0x40,0xFB,0x60,0x08,0x00,0x0F,0xF0}},
  {0x587A, {0x00,0x00,0x02,0x00,0x7F,0xF0,0x48,0x40,0x7F,0xF0,0x4C,0xC0,0x5B,0x60,0x68,0x40,0x42,0x00,0x5F,0xE0,0xC2,0x00,0xBF,0xF0}},
  {0x587B, {0x00,0x00,0x22,0x40,0x2F,0xF0,0x22,0x00,0xFF,0xE0,0x2C,0x20,0x2F,0xE0,0x2C,0x20,0x27,0xE0,0xFF,0xF0,0x02,0xC0,0x0C,0x30}},
  {0x587C, {0x00,0x00,0x21,0x00,0x2F,0xF0,0xF9,0x20,0x2F,0xE0,0x29,0x20,0x2F,0xE0,0x21,0x20,0x2F,0xF0,0xFF,0xF0,0x06,0x40,0x01,0xC0}},
  {0x587D, {0x00,0x00,0x41,0x00,0x4F,0xF0,0x41,0x00,0xFD,0x60,0x4F,0x60,0x49,0x60,0x4D,0x60,0x6B,0xC0,0xE2,0x80,0x04,0x60,0x18,0x30}},
  {0x587E, {0x00,0x00,0x11,0x00,0xFF,0xC0,0x45,0x40,0x7F,0x40,0x1D,0x40,0xFB,0xF0,0x12,0x30,0x16,0x30,0x7F,0xE0,0x06,0x00,0xFF,0xF0}},
  {0x587F, {0x00,0x00,0x21,0x00,0x2F,0xE0,0x29,0x20,0xFF,0xF0,0x21,0x00,0x2F,0xE0,0x32,0x00,0x7F,0xF0,0xC6,0xC0,0x03,0xC0,0x0E,0x30}},
  {0x5881, {0x00,0x00,0x2F,0xE0,0x28,0x20,0x2F,0xE0,0xF8,0x20,0x2F,0xF0,0x2A,0x90,0x2F,0xE0,0x72,0x40,0xC3,0x80,0x03,0xC0,0x0C,0x30}},
  {0x5882, {0x00,0x00,0x2F,0xF0,0x22,0x80,0x2F,0xE0,0xFA,0x80,0x2F,0xE0,0x27,0xE0,0x20,0x00,0x3F,0xF0,0xE5,0x40,0x0D,0x20,0x03,0x00}},
  {0x5883, {0x00,0x00,0x21,0x00,0x2F,0xE0,0x22,0x40,0xFF,0xF0,0x28,0x20,0x2F,0xE0,0x28,0x20,0x7F,0xE0,0xC2,0x90,0x04,0x90,0x18,0xE0}},
  {0x5884, {0x00,0x00,0x40,0x60,0x40,0x40,0x4F,0xF0,0xFA,0x40,0x4B,0x60,0x4A,0x60,0x4F,0xE0,0x7B,0x60,0xDE,0xD0,0x12,0xD0,0x16,0x30}},
  {0x5885, {0x00,0x00,0x7D,0xE0,0x55,0x60,0x7C,0xC0,0x57,0xF0,0x7C,0xA0,0x10,0x80,0xF9,0x80,0x06,0x00,0x7F,0xE0,0x06,0x00,0xFF,0xF0}},
  {0x5887, {0x00,0x00,0x41,0x00,0x4F,0xE0,0x42,0x40,0xFF,0xF0,0x48,0x20,0x4F,0xE0,0x48,0x20,0x7F,0xE0,0xE1,0x00,0x0F,0xF0,0x00,0x00}},
  {0x5888, {0x00,0x00,0x09,0x40,0x5F,0x40,0x49,0xF0,0xFF,0x50,0x49,0x50,0x4F,0x50,0x49,0x50,0x5F,0x90,0xFD,0x90,0x0F,0x90,0x01,0x60}},
  {0x588B, {0x00,0x00,0x46,0x00,0x4F,0xE0,0x40,0x80,0xFA,0xA0,0x5F,0xF0,0x43,0x00,0x4D,0xE0,0x76,0x80,0xE7,0x00,0x09,0xC0,0x0E,0x00}},
  {0x588E, {0x00,0x00,0x44,0xF0,0x5F,0xA0,0x40,0xA0,0xFE,0xA0,0x4A,0xA0,0x4E,0xA0,0x5F,0x90,0x64,0x90,0xDF,0xB0,0x04,0x80,0x1C,0x80}},
  {0x588F, {0x00,0x00,0x0A,0x00,0x4F,0xE0,0x7B,0xC0,0x0B,0x40,0xFF,0xF0,0x2A,0x40,0x48,0xC0,0x06,0x00,0x7F,0xE0,0x06,0x00,0xFF,0xF0}},
  {0x5892, {0x00,0x00,0x21,0x00,0x2F,0xF0,0x24,0x40,0xFF,0xE0,0x2A,0xA0,0x2C,0x60,0x2B,0xA0,0x7A,0xA0,0xEB,0xA0,0x08,0x20,0x08,0x60}},
  {0x5893, {0x00,0x00,0x09,0x00,0xFF,0xF0,0x20,0x40,0x3F,0xC0,0x20,0x40,0x7F,0xE0,0x34,0x80,0x64,0x40,0x9F,0xB0,0x04,0x00,0x7F,0xE0}},
  {0x5894, {0x00,0x00,0x29,0x00,0x2F,0xE0,0x24,0x80,0xFF,0xF0,0x28,0x80,0x3F,0xE0,0x28,0x80,0x7F,0xE0,0x08,0x80,0x0F,0xF0,0x08,0x00}},
  {0x5897, {0x00,0x00,0x22,0x40,0x2F,0xE0,0x29,0x20,0xFF,0xE0,0x29,0x20,0x2F,0xE0,0x2F,0xE0,0x34,0x20,0xF7,0xE0,0x04,0x20,0x07,0xE0}},
  {0x5899, {0x00,0x00,0x21,0x00,0x2F,0xE0,0x25,0x60,0xFF,0xF0,0x20,0x00,0x2F,0xE0,0x2A,0x60,0xFB,0xE0,0x08,0x20,0x0F,0xE0,0x00,0x00}},
  {0x589A, {0x00,0x00,0x4B,0xE0,0x44,0xA0,0x4B,0x20,0xE3,0x30,0x45,0x20,0x4A,0xC0,0x41,0x00,0x7F,0xF0,0xE7,0xC0,0x19,0x30,0x01,0x00}},
  {0x589D, {0x00,0x00,0x41,0x00,0x4F,0xE0,0x41,0x00,0xFF,0xF0,0x44,0x40,0x4F,0xF0,0x40,0x00,0x7F,0xF0,0xC2,0x90,0x04,0x90,0x18,0x60}},
  {0x589E, {0x00,0x00,0x26,0x40,0x2F,0xE0,0xF9,0x60,0x2B,0x20,0x2F,0xE0,0x20,0x00,0x2F,0xE0,0x2C,0x20,0x7F,0xE0,0xCC,0x20,0x07,0xC0}},
  {0x58A2, {0x00,0x00,0x4F,0xE0,0x42,0xC0,0x4C,0x60,0xFE,0xF0,0x43,0x40,0x4F,0x60,0x48,0x00,0x7F,0xE0,0xE3,0xC0,0x02,0xC0,0x0D,0x20}},
  {0x58A3, {0x00,0x00,0x42,0x80,0x46,0xA0,0x4F,0xF0,0xF2,0x40,0x4F,0xE0,0x41,0x00,0x47,0xE0,0x61,0x00,0xEF,0xF0,0x03,0xC0,0x0C,0x70}},
  {0x58A4, {0x00,0x00,0x41,0x00,0x4F,0xE0,0x49,0x20,0xFF,0xF0,0x4F,0xE0,0x48,0x20,0x7F,0xE0,0x68,0x20,0x8F,0xE0,0x06,0x60,0x0C,0x30}},
  {0x58A5, {0x00,0x00,0x01,0x00,0x4F,0xE0,0x46,0x40,0xFF,0xF0,0x4F,0xE0,0x49,0x20,0x4F,0xE0,0x49,0x20,0xFF,0xE0,0x01,0x00,0x0F,0xF0}},
  {0x58A6, {0x00,0x00,0x20,0xE0,0x2F,0x20,0x25,0x40,0xFF,0xF0,0x23,0xC0,0x2D,0x30,0x2F,0xE0,0x29,0x20,0x7F,0xE0,0x09,0x20,0x0F,0xE0}},
  {0x58A7, {0x00,0x00,0x4F,0xE0,0x41,0x00,0x4F,0xF0,0xF6,0x40,0x4F,0xE0,0x44,0x70,0x4F,0xF0,0x68,0x20,0xEB,0xE0,0x0A,0x20,0x08,0x60}},
  {0x58A9, {0x00,0x00,0x44,0x40,0x5F,0x80,0x4A,0xF0,0xFC,0xA0,0x41,0xA0,0x5E,0xA0,0x46,0x20,0x77,0x60,0xD4,0xC0,0x04,0xA0,0x19,0x10}},
  {0x58AA, {0x00,0x00,0x10,0x80,0x7F,0x00,0x45,0xF0,0x7F,0x20,0x08,0xC0,0xF8,0xC0,0x13,0xC0,0x37,0x30,0x7F,0xE0,0x06,0x00,0xFF,0xF0}},
  {0x58AB, {0x00,0x00,0x02,0x40,0x6F,0xF0,0x62,0x80,0xFF,0xE0,0x6A,0x60,0x6F,0xE0,0x68,0x20,0x6F,0xE0,0xFF,0xF0,0x04,0x40,0x01,0xC0}},
  {0x58AD, {0x00,0x00,0x00,0xA0,0x6F,0xF0,0x68,0xA0,0xFF,0xC0,0x6B,0xD0,0x7F,0xE0,0x61,0x00,0x6F,0xE0,0xFA,0xA0,0x0A,0xA0,0x0F,0xF0}},
  {0x58B1, {0x00,0x00,0x4F,0x20,0x42,0xC0,0x4C,0x60,0xFF,0xE0,0x50,0x10,0x4F,0xE0,0x48,0x20,0x7F,0xE0,0xE4,0x40,0x06,0x80,0x1F,0xF0}},
  {0x58B2, {0x00,0x00,0x44,0x00,0x47,0xF0,0x4E,0xA0,0xFE,0xA0,0x4F,0xF0,0x46,0xA0,0x46,0xA0,0x7F,0xF0,0xE0,0xA0,0x0A,0xA0,0x0A,0x10}},
  {0x58B4, {0x00,0x00,0x42,0x40,0x4F,0xE0,0x42,0x40,0xFF,0xF0,0x4F,0xE0,0x49,0x20,0x4F,0xE0,0x79,0x20,0xEF,0xE0,0x06,0x60,0x0C,0x30}},
  {0x58BA, {0x00,0x00,0x01,0x00,0x6F,0xE0,0x69,0x60,0xFB,0x20,0x6F,0xE0,0x6B,0xE0,0x69,0x00,0x7F,0xF0,0xC3,0x80,0x06,0x60,0x08,0x30}},
  {0x58BD, {0x00,0x00,0x44,0x40,0x4E,0x80,0x4A,0xF0,0xFE,0xA0,0x4B,0xA0,0x4F,0xA0,0x44,0xE0,0x7F,0x60,0x6A,0x40,0x12,0xA0,0x17,0x10}},
  {0x58C1, {0x00,0x00,0x7C,0x80,0x47,0xE0,0x7D,0x40,0x43,0xF0,0x7C,0x80,0xE7,0xE0,0xBC,0x80,0x02,0x00,0x7F,0xE0,0x02,0x00,0xFF,0xF0}},
  {0x58C2, {0x00,0x00,0x7D,0xE0,0x45,0x20,0x7F,0x20,0x7F,0xE0,0x59,0x20,0xFC,0xC0,0xA7,0x30,0x06,0x00,0x7F,0xE0,0x06,0x00,0xFF,0xF0}},
  {0x58C3, {0x00,0x00,0x4F,0xF0,0x40,0x00,0x4F,0xE0,0xFF,0xE0,0x49,0x20,0x4F,0xE0,0x4F,0xF0,0x69,0x20,0xCF,0xE0,0x00,0x00,0x1F,0xF0}},
  {0x58C6, {0x00,0x00,0x77,0xE0,0x46,0x20,0x70,0xE0,0x46,0x20,0x7E,0xE0,0x40,0x20,0xFF,0xF0,0x06,0x00,0x7F,0xE0,0x06,0x00,0xFF,0xF0}},
  {0x58C8, {0x00,0x00,0x01,0x00,0x6F,0xF0,0x68,0x20,0xFB,0xE0,0x6A,0x60,0x6B,0xE0,0x6F,0xF0,0x71,0x00,0xCF,0xF0,0x0F,0x60,0x09,0x00}},
  {0x58CA, {0x00,0x00,0x41,0x00,0x4F,0xF0,0x41,0x00,0xFF,0xE0,0x4A,0xA0,0x4F,0xE0,0x41,0x00,0x4F,0xF0,0xF7,0xA0,0x1C,0xE0,0x07,0x00}},
  {0x58CC, {0x00,0x00,0x01,0x00,0x5F,0xF0,0x4E,0x60,0xFF,0xE0,0x42,0x40,0x4F,0xE0,0x42,0x40,0x5F,0xF0,0xF7,0xA0,0x1C,0x60,0x06,0x00}},
  {0x58D1, {0x00,0x00,0x1D,0xE0,0x11,0x20,0x7E,0xA0,0x02,0xE0,0x7A,0xC0,0x64,0xC0,0x7F,0x20,0x26,0x00,0x7F,0xE0,0x02,0x00,0xFF,0xF0}},
  {0x58D4, {0x00,0x00,0x41,0x00,0x4F,0xF0,0x40,0x00,0xFF,0xF0,0x41,0x00,0x4F,0xE0,0x4F,0xF0,0x60,0x20,0x6F,0xF0,0x0A,0xA0,0x0E,0x60}},
  {0x58D5, {0x00,0x00,0x41,0x00,0x4F,0xE0,0x44,0x20,0xFF,0xF0,0x50,0x10,0x47,0xC0,0x63,0x20,0xF4,0xC0,0x08,0xA0,0x00,0x90,0x0B,0x00}},
  {0x58D6, {0x00,0x00,0x4F,0xE0,0x41,0x00,0x4F,0xF0,0xFF,0xF0,0x41,0x00,0x4F,0xF0,0x41,0x00,0x7F,0xF0,0xEA,0x90,0x0A,0x90,0x0A,0x60}},
  {0x58E1, {0x00,0x00,0x10,0x00,0x1F,0xE0,0x11,0x20,0xFC,0xC0,0x3C,0xC0,0x57,0x30,0x7C,0x80,0xC5,0xE0,0x78,0x80,0x40,0x80,0x7B,0xF0}},
  {0x58E3, {0x00,0x00,0x5F,0x20,0x56,0xD0,0x57,0x60,0xFD,0x20,0x56,0xF0,0x5D,0xE0,0x56,0xC0,0x76,0xC0,0x1F,0xE0,0x05,0x40,0x05,0x40}},
  {0x58E4, {0x00,0x00,0x21,0x00,0x2F,0xF0,0x2A,0xA0,0xFA,0xA0,0x2E,0xE0,0x2F,0xF0,0x22,0x40,0x22,0x40,0xFF,0xF0,0x04,0xC0,0x1F,0x20}},
  {0x58E8, {0x00,0x00,0x7F,0xE0,0x56,0xA0,0x7F,0xE0,0x00,0x00,0x7F,0xE0,0x56,0xA0,0x7F,0xE0,0x06,0x00,0x7F,0xE0,0x06,0x00,0xFF,0xF0}},
  {0x58EB, {0x00,0x00,0x06,0x00,0x06,0x00,0x06,0x00,0x06,0x00,0xFF,0xF0,0x06,0x00,0x06,0x00,0x06,0x00,0x06,0x00,0x06,0x00,0x7F,0xE0}},
  {0x58EC, {0x00,0x00,0x01,0xE0,0x7F,0xC0,0x06,0x00,0x06,0x00,0x06,0x00,0xFF,0xF0,0x06,0x00,0x06,0x00,0x06,0x00,0x06,0x00,0x7F,0xE0}},
  {0x58ED, {0x00,0x00,0x06,0x00,0xFF,0xF0,0x06,0x00,0x7F,0xE0,0x00,0x00,0x7F,0xE0,0x08,0x60,0x08,0x60,0x08,0x40,0x0B,0xC0,0x08,0x00}},
  {0x58EE, {0x00,0x00,0x10,0x80,0x10,0x80,0x50,0x80,0x57,0xF0,0x10,0x80,0x10,0x80,0x30,0x80,0xD0,0x80,0x10,0x80,0x10,0x80,0x17,0xF0}},
  {0x58F0, {0x00,0x00,0x02,0x00,0xFF,0xF0,0x02,0x00,0x7F,0xE0,0x00,0x00,0x3F,0xE0,0x22,0x60,0x3F,0xE0,0x60,0x00,0x40,0x00,0x80,0x00}},
  {0x58F2, {0x00,0x00,0x06,0x00,0xFF,0xF0,0x06,0x00,0x7F,0xE0,0x00,0x00,0x7F,0xE0,0x41,0x20,0x09,0x00,0x11,0x10,0x31,0x10,0xC1,0xE0}},
  {0x58F5, {0x00,0x00,0x06,0x00,0x7F,0xE0,0x06,0x00,0x06,0x00,0x7F,0xE0,0x00,0x00,0x30,0xC0,0xFF,0xF0,0x30,0xC0,0x30,0xC0,0x79,0xE0}},
  {0x58F6, {0x00,0x00,0x06,0x00,0xFF,0xF0,0x06,0x00,0x7F,0xE0,0x00,0x00,0x7F,0xF0,0x49,0x30,0x29,0x40,0x39,0xC0,0x09,0x00,0xFF,0xF0}},
  {0x58F8, {0x00,0x00,0x06,0x00,0x7F,0xE0,0x06,0x00,0x7F,0xE0,0x00,0x00,0xFF,0xF0,0x3F,0xC0,0x29,0x40,0x29,0x40,0x09,0x00,0xFF,0xF0}},
  {0x58F9, {0x00,0x00,0x06,0x00,0x7F,0xF0,0x06,0x00,0x7F,0xE0,0x40,0x20,0x7F,0xE0,0x20,0x40,0x3F,0xC0,0x10,0x80,0x09,0x00,0xFF,0xF0}},
  {0x58FE, {0x00,0x00,0x13,0xF0,0xFE,0x00,0x12,0x00,0x7B,0xE0,0x02,0x20,0x7A,0x20,0x4A,0x20,0x7B,0xE0,0x4A,0x00,0x3E,0x00,0xE3,0xF0}},
  {0x58FF, {0x00,0x00,0x02,0x40,0x6F,0xF0,0x62,0x80,0xFF,0xE0,0x6E,0x60,0x6F,0xE0,0x68,0x20,0x6F,0xE0,0xFF,0xF0,0x04,0x40,0x01,0xC0}},
  {0x5900, {0x00,0x00,0x06,0x00,0x7F,0xE0,0x06,0x00,0x7F,0xF0,0x06,0x30,0x7F,0xE0,0x46,0x40,0xFF,0xF0,0x4B,0x40,0x79,0x40,0x01,0xC0}},
  {0x5904, {0x00,0x00,0x21,0x00,0x21,0x00,0x7D,0x00,0x45,0x80,0x4D,0x60,0xE9,0x30,0xA9,0x00,0x39,0x00,0x31,0x00,0x6C,0x00,0x43,0xF0}},
  {0x5905, {0x00,0x00,0x10,0x00,0x3F,0xC0,0x78,0x80,0x4F,0x00,0x7D,0xF0,0x02,0x00,0x7F,0xE0,0x42,0x00,0x7F,0xE0,0x02,0x00,0x02,0x00}},
  {0x5907, {0x00,0x00,0x10,0x00,0x3F,0xC0,0x59,0x80,0x0F,0x00,0xF0,0xF0,0x3F,0xC0,0x26,0x40,0x3F,0xC0,0x26,0x40,0x3F,0xC0,0x00,0x00}},
  {0x5908, {0x00,0x00,0x10,0x00,0x3F,0xC0,0x78,0x80,0x4F,0x00,0x7D,0xF0,0x36,0x40,0x16,0x80,0xFF,0xF0,0x1F,0x00,0x76,0xE0,0x46,0x00}},
  {0x5909, {0x00,0x00,0x04,0x00,0xFF,0xF0,0x09,0x00,0x29,0x40,0x49,0x20,0x18,0x20,0x1F,0xC0,0x79,0x80,0x0F,0x00,0x1F,0x80,0xE0,0xF0}},
  {0x590A, {0x00,0x00,0x0C,0x00,0x08,0x00,0x3F,0xC0,0x30,0x40,0x30,0x80,0x48,0x80,0x0D,0x00,0x06,0x00,0x0F,0x00,0x38,0xE0,0x60,0x20}},
  {0x590B, {0x00,0x00,0x0C,0x00,0x18,0x80,0x37,0xE0,0x78,0x00,0x39,0xC0,0x68,0x20,0x1F,0xC0,0x78,0x80,0x0F,0x00,0x1F,0x80,0x70,0x70}},
  {0x590C, {0x00,0x00,0x06,0x00,0x7F,0xE0,0x06,0x00,0xFF,0xF0,0x19,0x80,0x68,0x60,0x1F,0xC0,0x78,0x80,0x0F,0x00,0x1F,0x80,0x60,0x70}},
  {0x590D, {0x00,0x00,0x10,0x00,0x3F,0xF0,0x60,0x20,0xBF,0xE0,0x20,0x20,0x3F,0xE0,0x18,0x00,0x3F,0xC0,0x49,0x80,0x0F,0x80,0x60,0x70}},
  {0x590E, {0x00,0x00,0x06,0x00,0x36,0xC0,0x4F,0x20,0x7F,0xE0,0x06,0x00,0xFF,0xF0,0x10,0x00,0x3F,0xC0,0x79,0x80,0x0F,0x00,0x70,0xF0}},
  {0x590F, {0x00,0x00,0x7F,0xF0,0x04,0x00,0x3F,0xE0,0x20,0x20,0x3F,0xE0,0x20,0x20,0x3F,0xE0,0x78,0xC0,0x0F,0x00,0x1D,0xC0,0x60,0x70}},
  {0x5910, {0x00,0x00,0x18,0x00,0x3F,0x80,0x7F,0xE0,0x4F,0xA0,0x3F,0xC0,0x20,0x40,0x3F,0xC0,0x38,0x00,0x7F,0xC0,0x4F,0x80,0x79,0xE0}},
  {0x5912, {0x00,0x00,0xFF,0xF0,0x2F,0xE0,0x79,0xA0,0x6F,0xE0,0x6F,0x90,0xF9,0xE0,0x0F,0xC0,0x7F,0xA0,0x39,0x00,0x07,0x00,0xF0,0xF0}},
  {0x5914, {0x00,0x00,0x10,0x80,0xFF,0xF0,0x24,0xA0,0x7F,0xE0,0x69,0x90,0x6F,0x60,0xF8,0x00,0x0F,0xE0,0x7D,0x00,0x2F,0x00,0xF9,0xF0}},
  {0x5915, {0x00,0x00,0x08,0x00,0x18,0x00,0x1F,0xE0,0x20,0x60,0x60,0x40,0x88,0xC0,0x05,0x80,0x03,0x00,0x04,0x00,0x18,0x00,0x60,0x00}},
  {0x5916, {0x00,0x00,0x31,0x80,0x21,0x80,0x3D,0x80,0x65,0x80,0x45,0xC0,0xFD,0xE0,0x99,0x90,0x19,0x80,0x11,0x80,0x21,0x80,0x41,0x80}},
  {0x5919, {0x00,0x00,0x7F,0xC0,0x40,0x40,0x5F,0xC0,0x48,0x40,0x4F,0x40,0x51,0x40,0x69,0x40,0x46,0x50,0x46,0x50,0x4C,0x70,0x90,0x20}},
  {0x591A, {0x00,0x00,0x04,0x00,0x1F,0xE0,0x30,0xC0,0x49,0x80,0x0E,0x00,0x1B,0x00,0x67,0xE0,0x18,0x60,0x65,0x80,0x0E,0x00,0x70,0x00}},
  {0x591C, {0x00,0x00,0x02,0x00,0xFF,0xF0,0x12,0x00,0x37,0xE0,0x24,0x60,0x6D,0x40,0xEE,0xC0,0xA3,0x80,0x23,0x80,0x26,0xC0,0x28,0x30}},
  {0x591D, {0x00,0x00,0x20,0x80,0x22,0x80,0x7B,0xF0,0x4C,0x80,0x4C,0x80,0xF8,0x80,0x33,0xE0,0x10,0x80,0x20,0x80,0x60,0x80,0x87,0xF0}},
  {0x591E, {0x00,0x00,0x21,0x00,0x3D,0x00,0x45,0x40,0x19,0x30,0x71,0x00,0x40,0x00,0x7A,0x60,0x4B,0xC0,0x4B,0x10,0x4A,0x30,0x79,0xE0}},
  {0x591F, {0x00,0x00,0x20,0x80,0x7D,0xE0,0x46,0x60,0xF5,0xC0,0x55,0x80,0x5E,0x80,0x5D,0xF0,0x7E,0x20,0x48,0xC0,0x09,0x80,0x3E,0x00}},
  {0x5923, {0x00,0x00,0x02,0x00,0xFF,0xF0,0x10,0xC0,0x7F,0xE0,0x49,0x20,0xFF,0xF0,0x88,0x10,0x1F,0xC0,0x79,0x80,0x0E,0x00,0x70,0x00}},
  {0x5926, {0x00,0x00,0x48,0x80,0xFD,0xE0,0x4A,0x20,0x79,0xC0,0x49,0x80,0x7B,0x80,0x4B,0xF0,0xFF,0x20,0x4B,0xC0,0x64,0x80,0x7F,0x00}},
  {0x5927, {0x00,0x00,0x06,0x00,0x06,0x00,0x06,0x00,0xFF,0xF0,0x06,0x00,0x06,0x00,0x06,0x00,0x09,0x00,0x11,0x80,0x20,0xC0,0xC0,0x30}},
  {0x5928, {0x00,0x00,0x10,0x00,0x30,0x00,0x20,0x00,0x3E,0x00,0x02,0x00,0x06,0x00,0xFF,0xF0,0x06,0x00,0x09,0x80,0x30,0xE0,0x40,0x20}},
  {0x5929, {0x00,0x00,0x7F,0xE0,0x06,0x00,0x06,0x00,0x06,0x00,0xFF,0xF0,0x06,0x00,0x06,0x00,0x09,0x00,0x10,0x80,0x20,0x40,0xC0,0x30}},
  {0x592A, {0x00,0x00,0x06,0x00,0x06,0x00,0x06,0x00,0xFF,0xF0,0x06,0x00,0x06,0x00,0x09,0x00,0x09,0x00,0x10,0x80,0x64,0x60,0xC2,0x30}},
  {0x592B, {0x00,0x00,0x06,0x00,0x06,0x00,0x7F,0xE0,0x06,0x00,0x06,0x00,0xFF,0xF0,0x06,0x00,0x09,0x00,0x19,0x80,0x30,0xC0,0xC0,0x30}},
  {0x592C, {0x00,0x00,0x06,0x00,0x06,0x00,0x3F,0xC0,0x06,0x40,0x04,0x40,0x04,0x40,0xFF,0xF0,0x06,0x00,0x09,0x00,0x30,0xC0,0xC0,0x20}},
  {0x592E, {0x00,0x00,0x06,0x00,0x06,0x00,0x3F,0xC0,0x26,0x40,0x26,0x40,0x26,0x40,0xFF,0xF0,0x06,0x00,0x09,0x00,0x30,0xC0,0xC0,0x70}},
  {0x592F, {0x00,0x00,0x06,0x00,0x7F,0xE0,0x0D,0x00,0x30,0x80,0xC0,0x70,0x0C,0x00,0x7F,0xE0,0x08,0x60,0x08,0x60,0x30,0x40,0x63,0xC0}},
  {0x5930, {0x00,0x00,0x06,0x00,0x7F,0xF0,0x0F,0x00,0x19,0x80,0x60,0xE0,0xD0,0x80,0x10,0x80,0x10,0x80,0x30,0x80,0x20,0x80,0x40,0x80}},
  {0x5931, {0x00,0x00,0x32,0x00,0x22,0x00,0x7F,0xE0,0x42,0x00,0x06,0x00,0xFF,0xF0,0x06,0x00,0x0D,0x00,0x19,0x80,0x30,0xC0,0xC0,0x30}},
  {0x5932, {0x00,0x00,0x06,0x00,0x7F,0xF0,0x0F,0x00,0x19,0x80,0x70,0xE0,0xC6,0x20,0x06,0x00,0xFF,0xF0,0x06,0x00,0x06,0x00,0x06,0x00}},
  {0x5933, {0x00,0x00,0x06,0x00,0x7F,0xF0,0x0F,0x00,0x19,0x80,0x70,0xE0,0xC0,0x30,0x3F,0xC0,0x00,0x00,0x00,0x00,0x00,0x00,0xFF,0xF0}},
  {0x5934, {0x00,0x00,0x22,0x00,0x1A,0x00,0x4A,0x00,0x32,0x00,0x12,0x00,0x02,0x00,0xFF,0xF0,0x06,0x00,0x0F,0x00,0x38,0xC0,0xE0,0x20}},
  {0x5937, {0x00,0x00,0x04,0x00,0xFF,0xF0,0x04,0x00,0x7F,0xE0,0x04,0x20,0x7F,0xE0,0x44,0x00,0x7F,0xE0,0x0E,0x20,0x19,0xE0,0x60,0x70}},
  {0x5938, {0x00,0x00,0x04,0x00,0x7F,0xE0,0x09,0x80,0x30,0xF0,0xFF,0x80,0x00,0x00,0x7F,0xE0,0x10,0x00,0x1F,0xC0,0x00,0xC0,0x07,0x80}},
  {0x593A, {0x00,0x00,0x06,0x00,0x7F,0xF0,0x0D,0x00,0x30,0x80,0xC0,0x70,0x00,0x80,0xFF,0xF0,0x00,0x80,0x30,0x80,0x11,0x80,0x07,0x00}},
  {0x593B, {0x00,0x00,0x06,0x00,0x7F,0xF0,0x0F,0x00,0x19,0x80,0x70,0xE0,0xC0,0x30,0x3F,0xC0,0x20,0x40,0x20,0x40,0x3F,0xC0,0x20,0x40}},
  {0x593C, {0x00,0x00,0x04,0x00,0x7F,0xF0,0x09,0x00,0x31,0xC0,0xC0,0x70,0x26,0x40,0x26,0x40,0x26,0x40,0x26,0x40,0x66,0x40,0x40,0x40}},
  {0x593D, {0x00,0x00,0x04,0x00,0x7F,0xE0,0x09,0x00,0x30,0xC0,0xFF,0xF0,0x00,0x00,0x7F,0xE0,0x09,0x00,0x18,0x80,0x33,0xC0,0x3C,0x60}},
  {0x5940, {0x00,0x00,0x7F,0xE0,0x06,0x00,0x1F,0x80,0x66,0x60,0x00,0x00,0x06,0x00,0xFF,0xF0,0x06,0x00,0x09,0x00,0x30,0xC0,0xE0,0x30}},
  {0x5941, {0x00,0x00,0x04,0x00,0x7F,0xF0,0x09,0x00,0x30,0xC0,0xFF,0xF0,0x28,0x40,0x25,0x80,0x23,0x00,0x2C,0x80,0x28,0x40,0x3F,0xE0}},
  {0x5942, {0x00,0x00,0x08,0x00,0x1F,0x80,0x21,0x00,0x63,0x00,0xFF,0xC0,0x64,0x40,0x64,0x40,0xFF,0xF0,0x06,0x00,0x19,0x80,0x60,0x60}},
  {0x5944, {0x00,0x00,0x04,0x00,0x7F,0xE0,0x09,0x00,0x34,0xC0,0xFF,0xF0,0x64,0x40,0x7F,0xC0,0x64,0x40,0x7F,0xD0,0x06,0x30,0x03,0xE0}},
  {0x5945, {0x00,0x00,0x04,0x00,0x7F,0xE0,0x19,0x80,0xE8,0x70,0x79,0xE0,0x49,0x20,0x49,0x20,0x79,0x20,0x19,0xC0,0x31,0x00,0x61,0x00}},
  {0x5946, {0x00,0x00,0x04,0x00,0x7F,0xE0,0x09,0x00,0x30,0xC0,0x7F,0xF0,0x20,0x00,0x3F,0xC0,0x20,0x40,0x3F,0xC0,0x20,0x00,0x3F,0xE0}},
  {0x5947, {0x00,0x00,0x02,0x00,0x7F,0xE0,0x0F,0x00,0x70,0xC0,0x00,0x00,0xFF,0xF0,0x00,0x40,0x3E,0x40,0x22,0x40,0x3E,0x40,0x23,0xC0}},
  {0x5948, {0x00,0x00,0x04,0x00,0x7F,0xF0,0x09,0x00,0x30,0xC0,0xDF,0xB0,0x00,0x00,0x7F,0xE0,0x12,0x80,0x32,0x40,0x62,0x60,0x5C,0x20}},
  {0x594B, {0x00,0x00,0x04,0x00,0x7F,0xE0,0x09,0x00,0x10,0x80,0x60,0x60,0xFF,0xF0,0x26,0x40,0x3F,0xC0,0x26,0x40,0x26,0x40,0x3F,0xC0}},
  {0x594C, {0x00,0x00,0x04,0x00,0x07,0xF0,0x04,0x00,0x3F,0xC0,0x20,0x40,0x3F,0xC0,0x24,0x00,0xFF,0xF0,0x0F,0x00,0x39,0xC0,0xE0,0x60}},
  {0x594E, {0x00,0x00,0x04,0x00,0x7F,0xE0,0x18,0x80,0x26,0x40,0xDF,0xB0,0x06,0x00,0x7F,0xE0,0x06,0x00,0x3F,0xC0,0x06,0x00,0x7F,0xE0}},
  {0x594F, {0x00,0x00,0x04,0x00,0x7F,0xE0,0x04,0x00,0x7F,0xE0,0x08,0x00,0xFF,0xF0,0x24,0x40,0xFF,0xF0,0x06,0x00,0x19,0x80,0x60,0x40}},
  {0x5951, {0x00,0x00,0x13,0xE0,0x7D,0x20,0x11,0x20,0x7D,0x20,0x11,0x20,0x7E,0xC0,0x12,0x00,0x7F,0xE0,0x0F,0x00,0x39,0xC0,0xE0,0x70}},
  {0x5952, {0x00,0x00,0x04,0x00,0x7F,0xE0,0x18,0x80,0x66,0x60,0xFF,0xC0,0x11,0x80,0x3F,0x00,0x0C,0xC0,0x71,0x80,0x0F,0xC0,0x30,0x60}},
  {0x5953, {0x00,0x00,0x04,0x00,0x7F,0xE0,0x31,0x80,0xEC,0x60,0x1F,0xC0,0x7B,0x00,0x1E,0x00,0x6F,0xE0,0x38,0xC0,0x0F,0x00,0x78,0x00}},
  {0x5954, {0x00,0x00,0x04,0x00,0x7F,0xE0,0x09,0x00,0x30,0xC0,0x66,0x70,0x1F,0x80,0x16,0x80,0xFF,0xF0,0x30,0x80,0x20,0x80,0x40,0x80}},
  {0x5956, {0x00,0x00,0x12,0x00,0x53,0xE0,0x34,0x20,0x7F,0x40,0xD1,0x80,0x16,0x00,0x06,0x00,0xFF,0xF0,0x0F,0x00,0x19,0xC0,0xE0,0x70}},
  {0x5957, {0x00,0x00,0x04,0x00,0x7F,0xE0,0x10,0xC0,0x3F,0xF0,0xD0,0x00,0x1F,0xC0,0x10,0x00,0xFF,0xF0,0x10,0x80,0x37,0xC0,0x30,0x00}},
  {0x5958, {0x00,0x00,0x48,0x80,0x48,0x80,0x7F,0xF0,0x08,0x80,0xF8,0x80,0x4B,0xE0,0x46,0x00,0xFF,0xF0,0x0F,0x00,0x19,0x80,0xE0,0x70}},
  {0x5959, {0x00,0x00,0x1C,0x00,0x3F,0xC0,0x7F,0xE0,0x15,0x80,0x7F,0xF0,0x24,0x40,0x3F,0xC0,0x24,0x40,0x3F,0xD0,0x04,0x30,0x03,0xE0}},
  {0x595B, {0x00,0x00,0x04,0x00,0x7F,0xE0,0x19,0x00,0x70,0xE0,0x7B,0xE0,0x4A,0x20,0x4B,0xE0,0x7A,0x20,0x4B,0xE0,0x7A,0x20,0x04,0xE0}},
  {0x595C, {0x00,0x00,0x09,0x00,0x79,0xE0,0x09,0x00,0x79,0xE0,0x09,0x00,0xF9,0xF0,0x04,0x00,0xFF,0xF0,0x0F,0x00,0x39,0xC0,0xE0,0x60}},
  {0x595D, {0x00,0x00,0x04,0x00,0x7F,0xE0,0x10,0x80,0x7F,0xF0,0xE0,0x20,0x3F,0xA0,0x22,0x20,0x7F,0xE0,0x4E,0x20,0x40,0x60,0x41,0xC0}},
  {0x595F, {0x00,0x00,0x04,0x00,0x7F,0xE0,0x19,0x80,0x70,0xE0,0xFD,0xE0,0x45,0x20,0x7D,0xE0,0x45,0x20,0x7F,0xE0,0x4E,0x20,0x9A,0xE0}},
  {0x5960, {0x00,0x00,0x08,0x80,0x7F,0xF0,0x09,0x00,0x7F,0xE0,0x49,0x20,0x51,0xE0,0x40,0x20,0xFF,0xF0,0x0F,0x00,0x19,0xC0,0xE0,0x70}},
  {0x5961, {0x00,0x00,0xFF,0xF0,0x04,0x00,0x3F,0xE0,0x20,0x20,0x3F,0xE0,0x04,0x00,0xFF,0xE0,0x38,0xC0,0xC8,0xB0,0x10,0x80,0x20,0x80}},
  {0x5962, {0x00,0x00,0x04,0x00,0x7F,0xE0,0x34,0x80,0xFF,0xF0,0x04,0x80,0x7F,0xE0,0x1C,0x00,0xFF,0xC0,0x10,0x40,0x1F,0xC0,0x00,0x00}},
  {0x5963, {0x00,0x00,0x7F,0xE0,0x04,0x00,0xFF,0xF0,0x30,0x80,0xFB,0xF0,0x4A,0x20,0x7B,0xE0,0x4A,0x20,0x4B,0xE0,0x7E,0x20,0x04,0xC0}},
  {0x5964, {0x00,0x00,0x04,0x00,0x7F,0xE0,0x10,0xC0,0x7F,0xF0,0x7F,0xE0,0x49,0x20,0x4F,0x20,0x49,0x20,0x4F,0x20,0x49,0x20,0x7F,0xE0}},
  {0x5965, {0x00,0x00,0x04,0x00,0x7F,0xE0,0x52,0xA0,0x4B,0x20,0x7F,0xE0,0x4F,0x20,0x72,0xA0,0x06,0x00,0x7F,0xE0,0x09,0x80,0x60,0x70}},
  {0x5968, {0x00,0x00,0x10,0xE0,0x57,0x20,0x10,0xC0,0x37,0xF0,0xD2,0x40,0x11,0xC0,0x04,0x00,0xFF,0xF0,0x0F,0x00,0x39,0xC0,0xE0,0x70}},
  {0x596B, {0x00,0x00,0x04,0x00,0x7F,0xE0,0x30,0xC0,0xF2,0x20,0x1C,0xE0,0x50,0x20,0x3F,0xE0,0x10,0x20,0x5E,0xE0,0x52,0x20,0x60,0x20}},
  {0x5971, {0x00,0x00,0x04,0x40,0x5F,0xA0,0xEE,0xE0,0x40,0x60,0x7F,0xF0,0x39,0x80,0xBF,0xD0,0x00,0x00,0x7F,0xE0,0x19,0x80,0xE0,0x70}},
  {0x5973, {0x00,0x00,0x08,0x00,0x08,0x00,0x08,0x00,0xFF,0xF0,0x10,0x80,0x30,0x80,0x21,0x00,0x1B,0x00,0x07,0x00,0x1D,0x80,0xE0,0x60}},
  {0x5974, {0x00,0x00,0x20,0x00,0x27,0xE0,0xFA,0x20,0x6A,0x20,0x4A,0x60,0x49,0x40,0x79,0x40,0x11,0x80,0x29,0xC0,0x62,0x60,0xC4,0x30}},
  {0x5975, {0x00,0x00,0x27,0xF0,0x20,0x80,0xF8,0x80,0x68,0x80,0x48,0x80,0x48,0x80,0x78,0x80,0x30,0x80,0x38,0x80,0x60,0x80,0xC3,0x80}},
  {0x5976, {0x00,0x00,0x27,0xC0,0x22,0x40,0xFA,0x40,0x4A,0x40,0x5A,0x60,0x52,0x20,0x52,0x20,0x36,0x20,0x3C,0x20,0x4C,0x20,0x89,0xE0}},
  {0x5979, {0x00,0x00,0x00,0x00,0x60,0x80,0xF4,0xE0,0x57,0xA0,0x5C,0xA0,0x54,0xA0,0xD4,0xE0,0x64,0x90,0x34,0x90,0x54,0x30,0x83,0xE0}},
  {0x597B, {0x00,0x00,0x21,0x00,0x21,0x00,0xFF,0xF0,0x4A,0x20,0x5A,0x60,0x52,0x40,0x52,0x40,0x31,0x80,0x39,0xC0,0x47,0x60,0x8C,0x10}},
  {0x597D, {0x00,0x00,0x27,0xE0,0x20,0x60,0xF8,0x80,0x48,0x80,0x48,0x80,0x5F,0xF0,0x50,0x80,0x30,0x80,0x30,0x80,0x68,0x80,0x83,0x80}},
  {0x597F, {0x00,0x00,0x21,0x00,0x21,0x00,0xFF,0xE0,0x2A,0x40,0x6A,0x40,0x6A,0x40,0x69,0x80,0x79,0xC0,0x4E,0x70,0xC8,0x10,0x8F,0xE0}},
  {0x5981, {0x00,0x00,0x22,0x00,0x23,0xE0,0xFC,0x20,0x4C,0x20,0x4A,0x20,0x51,0x20,0x51,0xA0,0x30,0x20,0x30,0x20,0x68,0x20,0x81,0xE0}},
  {0x5982, {0x00,0x00,0x20,0x00,0x23,0xE0,0xFA,0x20,0x6A,0x20,0x4A,0x20,0x4A,0x20,0x6A,0x20,0x32,0x20,0x3A,0x20,0x67,0xE0,0xC2,0x20}},
  {0x5983, {0x00,0x00,0x27,0xE0,0x20,0x20,0xF8,0x20,0x48,0x20,0x4F,0xE0,0x5E,0x20,0x56,0x00,0x36,0x00,0x36,0x10,0x4E,0x30,0x83,0xE0}},
  {0x5984, {0x00,0x00,0x06,0x00,0xFF,0xF0,0x20,0x00,0x3F,0xE0,0x08,0x00,0xFF,0xF0,0x10,0x80,0x19,0x00,0x07,0x00,0x1C,0xC0,0x60,0x20}},
  {0x5985, {0x00,0x00,0x27,0xF0,0x20,0x80,0xF8,0x80,0x48,0x80,0x48,0x80,0x58,0x80,0x50,0x80,0x70,0x80,0x30,0x80,0x68,0x80,0xC7,0xF0}},
  {0x5986, {0x00,0x00,0x11,0x00,0x13,0x00,0x9F,0xF0,0x52,0x20,0x76,0x60,0x34,0x40,0x36,0x40,0x73,0x80,0x91,0x80,0x16,0x60,0x1C,0x30}},
  {0x5987, {0x00,0x00,0x27,0xE0,0x20,0x20,0xF8,0x20,0x48,0x20,0x4B,0xE0,0x58,0x20,0x50,0x20,0x70,0x20,0x30,0x20,0x68,0x20,0xC7,0xE0}},
  {0x5988, {0x00,0x00,0x27,0xE0,0x20,0x20,0xFA,0x60,0x5A,0x60,0x56,0x40,0x57,0xF0,0x50,0x20,0x30,0x20,0x37,0xE0,0x48,0x20,0x81,0xE0}},
  {0x598D, {0x00,0x00,0x27,0xE0,0x62,0x40,0xFA,0x40,0x5A,0x40,0x52,0x40,0x5F,0xF0,0x72,0x40,0x32,0x40,0x36,0x40,0x44,0x40,0x88,0x40}},
  {0x598E, {0x00,0x00,0x21,0x80,0x61,0x80,0xFA,0x40,0x5C,0x20,0x52,0x40,0x52,0x40,0x72,0x40,0x32,0x40,0x3E,0x40,0x44,0x40,0x88,0x40}},
  {0x598F, {0x00,0x00,0x21,0x00,0x20,0x80,0xFF,0xF0,0x4A,0x20,0x52,0x40,0x52,0x40,0x51,0xC0,0x31,0x80,0x3B,0xC0,0x46,0x60,0x8C,0x10}},
  {0x5991, {0x00,0x00,0x27,0xE0,0x64,0xA0,0xFC,0xA0,0x5C,0xA0,0x54,0xA0,0x57,0xE0,0x54,0x00,0x34,0x00,0x34,0x10,0x4C,0x30,0x87,0xE0}},
  {0x5992, {0x00,0x00,0x20,0x80,0x60,0x80,0xFF,0xE0,0x5C,0x20,0x54,0x20,0x57,0xE0,0x54,0x00,0x74,0x00,0x34,0x00,0x5C,0x00,0x88,0x00}},
  {0x5994, {0x00,0x00,0x21,0x00,0x60,0x80,0xFF,0xE0,0x58,0x00,0x53,0xC0,0x52,0x40,0x52,0x40,0x32,0x40,0x34,0x50,0x44,0x50,0x88,0x70}},
  {0x5999, {0x00,0x00,0x21,0x80,0x21,0x80,0xFB,0xC0,0x4D,0xA0,0x55,0xA0,0x55,0x90,0x75,0xA0,0x30,0x40,0x38,0x80,0x43,0x00,0x8C,0x00}},
  {0x599A, {0x00,0x00,0x27,0xF0,0x21,0x00,0xF9,0x00,0x5B,0x00,0x53,0xC0,0x55,0x60,0x5D,0x30,0x79,0x00,0x31,0x00,0x49,0x00,0x81,0x00}},
  {0x599C, {0x00,0x00,0x21,0x00,0x61,0x00,0xFF,0xE0,0x51,0x20,0x51,0x20,0x51,0x20,0x5F,0xF0,0x33,0x80,0x32,0x80,0x4C,0x60,0x88,0x20}},
  {0x599E, {0x00,0x00,0x27,0xE0,0x63,0x20,0xFA,0x20,0x5A,0x20,0x52,0x20,0x57,0xE0,0x72,0x20,0x32,0x20,0x32,0x20,0x42,0x20,0x8F,0xF0}},
  {0x59A0, {0x00,0x00,0x20,0x80,0x40,0x80,0xF7,0xF0,0x54,0xB0,0x55,0xB0,0x55,0xB0,0xD5,0xF0,0x66,0x70,0x34,0x30,0x54,0x30,0x84,0xE0}},
  {0x59A1, {0x00,0x00,0x27,0xE0,0x64,0x00,0xFC,0x00,0x5C,0x00,0x57,0xF0,0x54,0x40,0x54,0x40,0x34,0x40,0x3C,0x40,0x4C,0x40,0x88,0x40}},
  {0x59A2, {0x00,0x00,0x20,0x40,0x62,0x40,0xFA,0x40,0x5C,0x20,0x58,0x00,0x57,0xE0,0x52,0x20,0x32,0x20,0x32,0x20,0x4C,0x60,0x89,0xC0}},
  {0x59A5, {0x00,0x00,0x01,0xE0,0x7E,0x00,0x04,0x40,0x26,0x40,0x1A,0x80,0x08,0x00,0xFF,0xF0,0x31,0x80,0x1F,0x00,0x0D,0x80,0x70,0x60}},
  {0x59A8, {0x00,0x00,0x20,0x80,0x20,0x80,0x67,0xF0,0xFA,0x00,0x5A,0x00,0x53,0xE0,0x52,0x20,0x32,0x20,0x36,0x20,0x44,0x20,0x89,0xC0}},
  {0x59AB, {0x00,0x00,0x25,0x00,0x45,0x00,0xFF,0xE0,0x51,0x20,0x51,0xA0,0x52,0xA0,0x52,0x60,0x72,0x20,0x34,0x20,0x5C,0x20,0x88,0xE0}},
  {0x59B0, {0x00,0x00,0x22,0x00,0x23,0xF0,0xFD,0x00,0x4D,0x00,0x51,0xE0,0x51,0x00,0x51,0x00,0x31,0xF0,0x39,0x00,0x49,0x00,0x81,0x00}},
  {0x59B1, {0x00,0x00,0x27,0xE0,0x21,0x20,0xFA,0x20,0x4A,0x20,0x5D,0xE0,0x50,0x00,0x57,0xE0,0x34,0x20,0x3C,0x20,0x47,0xE0,0x84,0x20}},
  {0x59B2, {0x00,0x00,0x27,0xE0,0x64,0x20,0xF4,0x20,0x57,0xE0,0x54,0x20,0x54,0x20,0x54,0x20,0x77,0xE0,0x34,0x20,0x50,0x00,0x8F,0xF0}},
  {0x59B5, {0x00,0x00,0x21,0x80,0x20,0x80,0xFF,0xF0,0x48,0x80,0x48,0x80,0x58,0x80,0x57,0xE0,0x70,0x80,0x30,0x80,0x78,0x80,0xC7,0xF0}},
  {0x59B9, {0x00,0x00,0x21,0x00,0x41,0x00,0xF7,0xE0,0x51,0x00,0x51,0x00,0x5F,0xF0,0x51,0x80,0x23,0xC0,0x35,0x60,0x49,0x30,0x81,0x00}},
  {0x59BB, {0x00,0x00,0x04,0x00,0x7F,0xE0,0x04,0x40,0xFF,0xF0,0x04,0x40,0x7F,0xC0,0x08,0x00,0xFF,0xF0,0x19,0x80,0x0F,0x80,0x78,0xE0}},
  {0x59BD, {0x00,0x00,0x20,0x80,0x60,0x80,0xF7,0xE0,0x54,0xA0,0x57,0xE0,0x54,0xA0,0x54,0xA0,0x37,0xE0,0x30,0x80,0x48,0x80,0x80,0x80}},
  {0x59BE, {0x00,0x00,0x04,0x00,0x7F,0xE0,0x10,0x80,0x11,0x80,0xFF,0xF0,0x08,0x00,0xFF,0xF0,0x10,0x80,0x1F,0x00,0x0F,0x80,0x70,0x60}},
  {0x59C2, {0x00,0x00,0x27,0xE0,0x61,0x00,0xF9,0x80,0x58,0x00,0x5F,0xE0,0x50,0x40,0x50,0xC0,0x31,0x80,0x33,0x00,0x4E,0x00,0x89,0xF0}},
  {0x59C3, {0x00,0x00,0x27,0xF0,0x60,0x80,0xF8,0x80,0x50,0x80,0x54,0x80,0x54,0xE0,0x54,0x80,0x74,0x80,0x34,0x80,0x64,0x80,0xCF,0xF0}},
  {0x59C4, {0x00,0x00,0x27,0xE0,0x64,0x20,0xF4,0x20,0x57,0xE0,0x54,0x80,0x54,0x80,0x57,0xF0,0x74,0x80,0x34,0x90,0x47,0x50,0x84,0x20}},
  {0x59C5, {0x00,0x00,0x20,0x80,0x64,0xA0,0xFA,0xE0,0x58,0x80,0x5F,0xF0,0x50,0x80,0x50,0x80,0x7F,0xF0,0x30,0x80,0x48,0x80,0x80,0x80}},
  {0x59C6, {0x00,0x00,0x67,0xE0,0x45,0x20,0xF4,0xA0,0x54,0x20,0x5F,0xF0,0x55,0x20,0x55,0x20,0x74,0xA0,0x37,0xF0,0x58,0x60,0x81,0xC0}},
  {0x59CB, {0x00,0x00,0x21,0x00,0x23,0x00,0x22,0x40,0xFE,0x20,0x49,0xE0,0x58,0x10,0x57,0xE0,0x74,0x20,0x34,0x20,0x6F,0xE0,0x84,0x20}},
  {0x59CC, {0x00,0x00,0x20,0x80,0x67,0xE0,0xF4,0xA0,0x54,0xA0,0x57,0xE0,0x54,0xA0,0x54,0xA0,0x7F,0xF0,0x34,0x20,0x4C,0x20,0x84,0xE0}},
  {0x59CF, {0x00,0x00,0x24,0x20,0x44,0x20,0xFF,0xF0,0x54,0x20,0x54,0x20,0x57,0xE0,0x54,0x20,0x64,0x20,0x34,0x20,0x47,0xE0,0x84,0x20}},
  {0x59D1, {0x00,0x00,0x20,0x80,0x20,0x80,0xFF,0xF0,0x48,0x80,0x58,0x80,0x50,0x80,0x57,0xE0,0x34,0x20,0x34,0x20,0x4C,0x20,0x87,0xE0}},
  {0x59D3, {0x00,0x00,0x20,0x80,0x22,0x80,0xFF,0xF0,0x5C,0x80,0x5C,0x80,0x50,0x80,0x57,0xF0,0x30,0x80,0x30,0x80,0x48,0x80,0x87,0xF0}},
  {0x59D8, {0x00,0x00,0x22,0x60,0x62,0x40,0xF7,0xE0,0x52,0x40,0x52,0x40,0x52,0x40,0x5F,0xF0,0x72,0x40,0x36,0x40,0x5C,0x40,0x88,0x40}},
  {0x59DC, {0x00,0x00,0x11,0x80,0x7F,0xE0,0x06,0x00,0x7F,0xE0,0x06,0x00,0xFF,0xF0,0x08,0x00,0xFF,0xF0,0x11,0x80,0x0F,0x00,0x7D,0xE0}},
  {0x59DD, {0x00,0x00,0x21,0x00,0x45,0x00,0xF7,0xE0,0x55,0x00,0x51,0x00,0x5F,0xE0,0x71,0x80,0x23,0xC0,0x75,0x20,0x49,0x10,0x81,0x00}},
  {0x59DF, {0x00,0x00,0x20,0x80,0x47,0xF0,0xF3,0x00,0x52,0x40,0x57,0xC0,0x57,0xA0,0xD3,0x60,0x76,0xC0,0x3D,0xC0,0x53,0x20,0x84,0x10}},
  {0x59E1, {0x00,0x00,0x67,0xE0,0x40,0x80,0xF0,0x80,0x5F,0xF0,0x50,0x80,0x50,0x80,0xD7,0xE0,0x74,0x20,0x34,0x20,0x54,0x20,0x87,0xE0}},
  {0x59E2, {0x00,0x00,0x21,0x00,0x42,0x60,0xFF,0xF0,0x50,0x00,0x57,0xE0,0x54,0x20,0xD7,0xE0,0x74,0x20,0x37,0xE0,0x5C,0x20,0x84,0xE0}},
  {0x59E3, {0x00,0x00,0x21,0x00,0x60,0x80,0xFF,0xF0,0x52,0x40,0x54,0x60,0x5E,0x60,0xD2,0x40,0x71,0x80,0x31,0x80,0x53,0xC0,0x8C,0x30}},
  {0x59E4, {0x00,0x00,0x27,0xE0,0x44,0x00,0xF4,0x00,0x57,0xF0,0x54,0x00,0x54,0x00,0xD7,0xF0,0x66,0x30,0x3E,0x30,0x4B,0xF0,0x8A,0x00}},
  {0x59E5, {0x00,0x00,0x61,0x00,0x47,0xA0,0xF1,0x20,0x51,0x40,0x5F,0xF0,0x53,0x00,0x56,0x20,0x7A,0xC0,0x33,0x10,0x5A,0x30,0x83,0xE0}},
  {0x59E9, {0x00,0x00,0x22,0x00,0x43,0xF0,0xF4,0x80,0x5C,0x80,0x57,0xF0,0x52,0x80,0xD2,0x80,0x6F,0xF0,0x30,0x80,0x58,0x80,0x80,0x80}},
  {0x59EE, {0x00,0x00,0x27,0xF0,0x60,0x00,0xF7,0xE0,0x54,0x20,0x54,0x20,0x57,0xE0,0x54,0x20,0x74,0x20,0x27,0xE0,0x70,0x00,0xCF,0xF0}},
  {0x59EF, {0x00,0x00,0x61,0x00,0x45,0xA0,0xF5,0xA0,0x53,0xC0,0x51,0x80,0x57,0xF0,0xD2,0x80,0x62,0x80,0x36,0x90,0x44,0x90,0x88,0x70}},
  {0x59F0, {0x00,0x00,0x22,0x00,0x43,0xF0,0xF4,0x20,0x5C,0x20,0x57,0xA0,0x54,0xA0,0xD7,0xA0,0x74,0xA0,0x37,0xA0,0x78,0x20,0x81,0xE0}},
  {0x59F1, {0x00,0x00,0x21,0x00,0x47,0xF0,0xF2,0x40,0x5F,0xF0,0x50,0x00,0x57,0xE0,0xD6,0x00,0x67,0xE0,0x30,0x20,0x58,0x60,0x81,0xC0}},
  {0x59F3, {0x00,0x00,0x61,0x00,0x43,0xF0,0xF4,0x20,0x5E,0x40,0x51,0x80,0x53,0x00,0xD7,0xF0,0x72,0x10,0x32,0x10,0x43,0xF0,0x82,0x10}},
  {0x59F4, {0x00,0x00,0x7E,0x20,0x30,0xA0,0x7E,0xA0,0x64,0xA0,0x18,0x20,0x70,0xE0,0x08,0x00,0x7F,0xF0,0x11,0x80,0x0F,0x00,0x78,0x60}},
  {0x59F5, {0x00,0x00,0x4F,0xE0,0x48,0x20,0xFF,0xE0,0x59,0x20,0x5F,0xE0,0xAD,0x60,0xE9,0x60,0x69,0x60,0x79,0xB0,0x49,0x30,0x91,0x30}},
  {0x59F9, {0x00,0x00,0x61,0x00,0x47,0xF0,0xFC,0x10,0x50,0xE0,0x57,0x00,0x51,0x00,0x71,0xE0,0x67,0x00,0x31,0x10,0x59,0x30,0x81,0xE0}},
  {0x59FF, {0x00,0x00,0x44,0x00,0x27,0xE0,0x09,0x20,0x73,0x80,0x0C,0x60,0x08,0x00,0xFF,0xF0,0x10,0x80,0x1F,0x00,0x0F,0x80,0x70,0x60}},
  {0x5A00, {0x00,0x00,0x20,0xA0,0x60,0xA0,0xFF,0xF0,0x52,0x80,0x52,0xA0,0x57,0xA0,0x52,0xC0,0x64,0xC0,0x34,0xD0,0x4D,0x70,0x88,0x20}},
  {0x5A01, {0x00,0x00,0x01,0x40,0x01,0x20,0x7F,0xF0,0x41,0x00,0x7F,0xA0,0x48,0xA0,0x7E,0xC0,0x52,0xC0,0x54,0x90,0x4F,0xD0,0x93,0x60}},
  {0x5A02, {0x00,0x00,0x22,0x40,0x42,0x40,0xFF,0xF0,0x52,0x40,0x52,0x40,0x52,0x40,0xDF,0xF0,0x60,0x00,0x32,0x40,0x5C,0x20,0x88,0x10}},
  {0x5A03, {0x00,0x00,0x61,0x00,0x47,0xE0,0xF1,0x00,0x51,0x00,0x5F,0xF0,0x51,0x00,0xD1,0x00,0x6F,0xE0,0x31,0x00,0x51,0x00,0x8F,0xF0}},
  {0x5A04, {0x00,0x00,0x26,0x40,0x16,0x80,0x7F,0xE0,0x1F,0x80,0xE6,0x70,0x06,0x00,0x08,0x00,0xFF,0xF0,0x31,0x80,0x0F,0x00,0xF8,0xE0}},
  {0x5A06, {0x00,0x00,0x22,0x00,0x42,0xE0,0xFF,0x40,0x51,0xC0,0x53,0x90,0x54,0x60,0x50,0x00,0x7F,0xE0,0x22,0x90,0x54,0x90,0x88,0x60}},
  {0x5A08, {0x00,0x00,0x04,0x00,0xFF,0xF0,0x29,0x00,0x69,0x40,0x49,0x20,0x08,0x00,0xFF,0xF0,0x11,0x80,0x1F,0x00,0x0F,0x80,0x78,0xE0}},
  {0x5A09, {0x00,0x00,0x61,0x80,0x47,0xE0,0xF5,0xA0,0x57,0xE0,0x55,0xA0,0x5F,0xF0,0xD7,0xC0,0x67,0xE0,0x30,0x20,0x58,0x60,0x81,0xC0}},
  {0x5A0B, {0x00,0x00,0x24,0x80,0x46,0xA0,0xF0,0x80,0x57,0xE0,0x54,0x20,0x57,0xE0,0xD4,0x20,0x74,0x20,0x27,0xE0,0x74,0x20,0x84,0xE0}},
  {0x5A0F, {0x00,0x00,0x42,0x80,0x42,0x40,0xFF,0xF0,0x53,0xE0,0x53,0xC0,0x55,0xE0,0x75,0xC0,0x25,0xA0,0x75,0xD0,0x4B,0x90,0x88,0xE0}},
  {0x5A11, {0x00,0x00,0x21,0x00,0x15,0x40,0x6D,0x30,0x10,0xC0,0x2F,0x80,0x48,0x00,0xFF,0xF0,0x10,0x80,0x1F,0x00,0x1F,0xC0,0x70,0x60}},
  {0x5A12, {0x00,0x00,0x62,0x00,0x47,0xF0,0xF4,0x00,0x57,0xE0,0x54,0xA0,0x5F,0xF0,0xF5,0x20,0x64,0xA0,0x77,0xF0,0x58,0x20,0x81,0xC0}},
  {0x5A15, {0x00,0x00,0x20,0x80,0x47,0xF0,0xF0,0x80,0x57,0xE0,0x54,0xA0,0x54,0xA0,0xD7,0xE0,0x61,0x80,0x32,0xE0,0x4C,0xB0,0x80,0x80}},
  {0x5A16, {0x00,0x00,0x27,0xE0,0x44,0x20,0xF4,0x20,0x54,0x20,0x57,0xE0,0x50,0x80,0x54,0x80,0x24,0xF0,0x34,0x80,0x4E,0x80,0x8B,0xF0}},
  {0x5A17, {0x00,0x00,0x4F,0xF0,0x46,0x40,0xF4,0x40,0x54,0x40,0x5F,0xE0,0x52,0x40,0xEA,0x40,0x6E,0x40,0x75,0xF0,0x56,0x00,0x89,0xF0}},
  {0x5A18, {0x00,0x00,0x21,0x00,0x47,0xE0,0xF4,0x20,0x57,0xE0,0x54,0x20,0x57,0xE0,0xD5,0x20,0x65,0x20,0x34,0xC0,0x5F,0x40,0x84,0x30}},
  {0x5A19, {0x00,0x00,0x27,0xF0,0x42,0xA0,0xF6,0xA0,0x55,0x40,0x55,0x60,0x56,0xA0,0xD0,0x00,0x77,0xE0,0x30,0x80,0x70,0x80,0x8F,0xF0}},
  {0x5A1A, {0x00,0x00,0x67,0xE0,0x44,0xA0,0xF7,0xE0,0x54,0xA0,0x54,0xA0,0x57,0xE0,0xD1,0x00,0x77,0xE0,0x33,0x20,0x46,0x20,0x8D,0xE0}},
  {0x5A1C, {0x00,0x00,0x4F,0xF0,0x45,0xA0,0xF5,0xA0,0x5F,0xA0,0x55,0xE0,0x65,0xA0,0x65,0x90,0x2F,0x90,0x49,0x90,0x4A,0xE0,0x96,0x80}},
  {0x5A1D, {0x00,0x00,0x27,0xF0,0x41,0x80,0xF1,0xC0,0x53,0xE0,0x56,0xA0,0x54,0x90,0xD0,0x00,0x57,0xE0,0x34,0x20,0x74,0x20,0x87,0xE0}},
  {0x5A1E, {0x00,0x00,0x2F,0xF0,0x41,0x00,0xF4,0xA0,0x54,0xA0,0x51,0x00,0x5F,0xF0,0xD2,0x40,0x66,0x40,0x31,0xC0,0x43,0x60,0x8C,0x30}},
  {0x5A1F, {0x00,0x00,0x27,0xE0,0x44,0x20,0xF7,0xE0,0x50,0x00,0x57,0xE0,0x54,0x20,0xD7,0xE0,0x64,0x20,0x37,0xE0,0x5C,0x20,0x84,0xE0}},
  {0x5A24, {0x00,0x00,0x48,0x80,0x7F,0xF0,0x08,0x80,0x78,0x80,0x6B,0xE0,0x08,0x00,0xFF,0xF0,0x10,0x80,0x1F,0x00,0x0F,0xC0,0x70,0x60}},
  {0x5A26, {0x00,0x00,0x27,0xE0,0x44,0x00,0xF4,0x00,0x57,0xF0,0x54,0x40,0x54,0x40,0xD4,0x40,0x7F,0xF0,0x32,0x40,0x56,0x60,0x88,0x30}},
  {0x5A27, {0x00,0x00,0x02,0x40,0x42,0x40,0xF7,0xE0,0x54,0x20,0x54,0x20,0x57,0xE0,0x72,0x80,0x22,0x80,0x32,0x90,0x44,0x90,0x88,0x60}},
  {0x5A29, {0x00,0x00,0x42,0x00,0x43,0xC0,0xF4,0xC0,0x5F,0xE0,0x55,0x20,0x55,0x20,0x77,0xE0,0x31,0x80,0x32,0x90,0x46,0x90,0x88,0xE0}},
  {0x5A32, {0x00,0x00,0x27,0xE0,0x44,0x20,0xF4,0x20,0x57,0xE0,0x51,0x00,0x5F,0xE0,0xD9,0x20,0x7B,0xA0,0x3E,0x60,0x58,0x20,0x88,0xE0}},
  {0x5A37, {0x00,0x00,0x47,0xE0,0x41,0x00,0xFF,0xF0,0x55,0x20,0x55,0x20,0x5F,0xF0,0xA5,0x20,0x65,0x20,0x6F,0xF0,0x71,0x00,0x87,0xE0}},
  {0x5A42, {0x00,0x00,0x21,0x00,0x47,0xE0,0xF4,0x20,0x57,0xE0,0x54,0x20,0x57,0xE0,0xD0,0x80,0x77,0xF0,0x34,0x90,0x5C,0xE0,0x80,0x80}},
  {0x5A43, {0x00,0x00,0x41,0x80,0x47,0xF0,0xF4,0x10,0x50,0x00,0x57,0xE0,0x50,0x00,0x97,0xF0,0x60,0x80,0x34,0xA0,0x5C,0xB0,0x83,0x00}},
  {0x5A44, {0x00,0x00,0x20,0x80,0x47,0xF0,0xF2,0x20,0x52,0x40,0x5F,0xF0,0x50,0x00,0x57,0xE0,0x74,0x20,0x34,0x20,0x47,0xE0,0x84,0x20}},
  {0x5A46, {0x00,0x00,0x41,0x00,0x2F,0xE0,0x49,0x20,0x0F,0xE0,0x2A,0x40,0x5B,0xC0,0x16,0x30,0xFF,0xF0,0x11,0x80,0x1F,0x00,0x78,0xE0}},
  {0x5A47, {0x00,0x00,0x6F,0xE0,0x41,0x00,0xF5,0xA0,0x54,0x40,0x50,0x80,0xDF,0xF0,0x73,0xC0,0x32,0xC0,0x34,0xA0,0x48,0xB0,0x80,0x80}},
  {0x5A4A, {0x00,0x00,0x21,0x80,0x47,0xF0,0xF1,0x80,0x57,0xE0,0x51,0x80,0x5F,0xF0,0x53,0x80,0x32,0xA0,0x3E,0x40,0x4B,0xE0,0x82,0x30}},
  {0x5A4F, {0x00,0x00,0x42,0x00,0x47,0xC0,0xF4,0xC0,0x57,0xE0,0x55,0x20,0x55,0x20,0xD7,0xE0,0x61,0x80,0x32,0xB0,0x46,0x90,0x88,0xF0}},
  {0x5A50, {0x00,0x00,0x67,0xE0,0x44,0xA0,0xF7,0xE0,0x54,0xA0,0x57,0xE0,0x50,0x80,0x7F,0xF0,0x31,0x80,0x72,0xC0,0x4C,0xB0,0x80,0x80}},
  {0x5A51, {0x00,0x00,0x67,0xE0,0x40,0x80,0xFF,0xF0,0x53,0xC0,0x5C,0xB0,0x51,0x00,0xFF,0xF0,0x62,0x40,0x73,0xC0,0x53,0xC0,0x8E,0x30}},
  {0x5A53, {0x00,0x00,0x09,0x00,0x79,0xE0,0x09,0x00,0x79,0xE0,0x09,0x00,0x79,0xF0,0x08,0x00,0xFF,0xF0,0x11,0x80,0x0F,0x80,0x78,0x60}},
  {0x5A54, {0x00,0x00,0x21,0x40,0x61,0x40,0xFF,0x70,0x51,0x40,0x51,0x40,0x57,0x70,0x51,0x40,0x2F,0x70,0x31,0x40,0x49,0x40,0x81,0x40}},
  {0x5A56, {0x00,0x00,0x47,0xE0,0x41,0x00,0xF1,0x00,0x5F,0xF0,0x52,0x40,0x55,0x60,0xFD,0x30,0x65,0xA0,0x35,0x70,0x51,0x40,0x83,0x00}},
  {0x5A5A, {0x00,0x20,0x27,0xE0,0x44,0x80,0xF7,0xF0,0x54,0xD0,0x55,0x70,0x50,0x00,0xD7,0xE0,0x64,0x20,0x37,0xE0,0x54,0x20,0x87,0xE0}},
  {0x5A61, {0x00,0x00,0x21,0x00,0x4F,0xF0,0xF1,0x00,0x55,0x60,0x57,0xE0,0x59,0x90,0x71,0x80,0x33,0xC0,0x75,0x60,0x49,0x30,0x81,0x00}},
  {0x5A64, {0x00,0x00,0x4F,0xE0,0x49,0x20,0xFB,0xE0,0x59,0x20,0x5F,0xE0,0x58,0x20,0x6B,0xE0,0x2A,0x60,0x7B,0xE0,0x4A,0x20,0x10,0xE0}},
  {0x5A65, {0x00,0x00,0x01,0x00,0x41,0xF0,0xF1,0x00,0x57,0xE0,0x54,0x20,0x57,0xE0,0x54,0x20,0x67,0xE0,0x61,0x00,0x7F,0xF0,0x81,0x00}},
  {0x5A68, {0x00,0x00,0x61,0x80,0x43,0xC0,0xF6,0x60,0x5F,0xF0,0x50,0x00,0x57,0xE0,0x74,0xA0,0x67,0xE0,0x7C,0xA0,0x5C,0xA0,0x84,0x60}},
  {0x5A69, {0x00,0x00,0x04,0x80,0x44,0x90,0xF7,0xF0,0x50,0x00,0x57,0xF0,0x54,0x00,0x57,0xE0,0x64,0x80,0x3F,0xF0,0x48,0x80,0x08,0x80}},
  {0x5A6A, {0x00,0x00,0x10,0x80,0x7F,0xE0,0x39,0xC0,0x7E,0xA0,0x92,0x90,0x08,0x00,0xFF,0xF0,0x11,0x80,0x1F,0x00,0x0F,0x80,0x78,0x60}},
  {0x5A6B, {0x00,0x00,0x67,0xE0,0x44,0x20,0xF7,0xE0,0x54,0x20,0x57,0xE0,0x50,0x00,0xD4,0xB0,0x67,0xE0,0x24,0x90,0x57,0x90,0x84,0xE0}},
  {0x5A72, {0x00,0x00,0x62,0x40,0x4F,0xF0,0xF2,0x40,0x52,0x80,0x54,0xB0,0x5C,0xE0,0x7C,0xC0,0x67,0x80,0x74,0x90,0x54,0x90,0x84,0xE0}},
  {0x5A73, {0x00,0x00,0x4F,0xF0,0x40,0x00,0xFB,0xC0,0x5B,0x40,0x5B,0x40,0x6B,0xC0,0xAB,0x40,0x6B,0xC0,0x6A,0x40,0x78,0x00,0x8F,0xE0}},
  {0x5A74, {0x00,0x00,0x7F,0xE0,0x56,0xA0,0x56,0xA0,0x33,0xC0,0xCF,0x20,0x08,0x00,0xFF,0xF0,0x11,0x80,0x0F,0x00,0x1D,0xC0,0x60,0x60}},
  {0x5A77, {0x00,0x00,0x61,0x00,0x4F,0xF0,0xF4,0x20,0x57,0xE0,0x54,0x20,0x50,0x00,0x5F,0xF0,0x67,0xE0,0x20,0x80,0x51,0x80,0x83,0x00}},
  {0x5A78, {0x00,0x00,0x47,0xE0,0x44,0x20,0xF7,0xE0,0x54,0x20,0x5F,0xF0,0xD4,0x00,0x6F,0xE0,0x2A,0xA0,0x76,0xA0,0xCD,0x20,0x83,0xE0}},
  {0x5A7B, {0x00,0x00,0x41,0x00,0x4F,0xF0,0xF1,0x00,0x5F,0xE0,0x5A,0x60,0x58,0xA0,0xFF,0xE0,0x69,0x20,0x3F,0xE0,0x59,0x20,0x88,0xE0}},
  {0x5A7C, {0x00,0x00,0x22,0x40,0x4F,0xF0,0xF2,0x40,0x51,0x00,0x5F,0xF0,0x52,0x00,0xDF,0xE0,0x6C,0x20,0x34,0x20,0x47,0xE0,0x84,0x20}},
  {0x5A7E, {0x00,0x00,0x01,0x00,0x42,0x40,0xFF,0xE0,0x58,0x00,0x5F,0x50,0x59,0xE0,0xEF,0xA0,0x69,0xA0,0x2F,0xA0,0x59,0x60,0x8E,0x50}},
  {0x5A7F, {0x00,0x00,0x6F,0xF0,0x45,0x20,0xF5,0xE0,0x57,0x00,0x5F,0xF0,0x54,0x20,0x57,0xE0,0x64,0x20,0x24,0x20,0x57,0xE0,0x84,0xE0}},
  {0x5A83, {0x00,0x00,0x47,0xE0,0x46,0x40,0xF1,0x80,0x5F,0xF0,0x52,0xA0,0x5F,0xA0,0x61,0x00,0x6F,0xF0,0x73,0xC0,0x5D,0x30,0x89,0x00}},
  {0x5A84, {0x00,0x00,0x22,0x40,0x4F,0xE0,0xF1,0x00,0x57,0xE0,0x51,0x00,0x5F,0xF0,0x71,0x00,0x6F,0xF0,0x71,0x80,0x56,0x60,0x8C,0x30}},
  {0x5A86, {0x00,0x00,0x4F,0xF0,0x41,0x00,0xFF,0xF0,0x5A,0x90,0x5A,0x90,0x58,0x60,0x61,0x00,0x2F,0xF0,0x71,0x80,0x46,0x60,0x8C,0x30}},
  {0x5A89, {0x00,0x00,0x4F,0xE0,0x48,0x20,0xFF,0xE0,0x58,0x00,0x5F,0xF0,0x59,0x40,0x6B,0xE0,0x68,0x80,0x7B,0xE0,0x58,0x80,0x97,0xF0}},
  {0x5A8B, {0x00,0x00,0x41,0x00,0x4F,0xE0,0xF1,0x00,0x57,0xE0,0x5F,0xF0,0x54,0x40,0x7F,0xE0,0x64,0x60,0x77,0xC0,0x54,0x40,0x87,0xC0}},
  {0x5A8C, {0x00,0x00,0x62,0x40,0x4F,0xF0,0xF2,0x40,0x50,0x00,0x5F,0xE0,0x5D,0x20,0xDD,0x20,0x6F,0xE0,0x3D,0x20,0x4F,0xE0,0x8C,0x20}},
  {0x5A8F, {0x00,0x00,0x41,0x00,0x49,0x20,0xF7,0xE0,0x50,0x00,0x5F,0xF0,0x51,0x00,0x6F,0xF0,0x6A,0x90,0x7A,0x90,0x4A,0xB0,0x88,0x60}},
  {0x5A92, {0x00,0x00,0x24,0x20,0x4F,0xF0,0xF4,0x20,0x57,0xE0,0x54,0x20,0x57,0xE0,0x51,0x00,0x6F,0xF0,0x33,0xC0,0x45,0x60,0x89,0x10}},
  {0x5A93, {0x00,0x00,0x01,0x00,0x47,0xE0,0xF4,0x20,0x57,0xE0,0x54,0x20,0x57,0xE0,0x6F,0xE0,0x61,0x00,0x77,0xE0,0x51,0x00,0x8F,0xF0}},
  {0x5A95, {0x00,0x00,0x41,0x80,0x42,0x40,0xFF,0xE0,0x58,0x10,0x57,0xE0,0x54,0x20,0xF7,0xE0,0x62,0x40,0x3F,0xF0,0x54,0x40,0x88,0x40}},
  {0x5A96, {0x00,0x00,0x44,0x40,0x4F,0xF0,0xF0,0x40,0x51,0x00,0x57,0xE0,0x55,0x20,0xD5,0x20,0x6F,0xF0,0x31,0x80,0x56,0x60,0x98,0x30}},
  {0x5A97, {0x00,0x00,0x41,0x00,0x4F,0xF0,0xF8,0x10,0x57,0xE0,0x50,0x00,0x57,0xE0,0xE7,0xE0,0x64,0x20,0x37,0xE0,0x70,0x00,0x8F,0xF0}},
  {0x5A9C, {0x00,0x00,0x41,0x00,0x41,0xF0,0xF7,0xE0,0x54,0x20,0x57,0xE0,0x54,0x20,0xD7,0xE0,0x64,0x20,0x27,0xE0,0x56,0x60,0x8C,0x30}},
  {0x5A9D, {0x00,0x00,0x18,0x80,0x74,0x80,0x12,0xA0,0xFB,0x80,0x39,0xC0,0xD6,0x60,0x1C,0x00,0xFF,0xF0,0x19,0x80,0x0F,0x80,0x78,0x60}},
  {0x5AA1, {0x00,0x00,0x21,0x00,0x4F,0xF0,0xF1,0x00,0x5F,0xE0,0x5F,0x60,0x5B,0xA0,0x6F,0xE0,0x23,0x80,0x77,0x40,0x4D,0x30,0x81,0x00}},
  {0x5AA2, {0x00,0x00,0x6F,0xE0,0x48,0x20,0xFF,0xE0,0x58,0x20,0x5F,0xE0,0x50,0x00,0x67,0xE0,0x24,0x20,0x77,0xE0,0x54,0x20,0x87,0xE0}},
  {0x5AA3, {0x00,0x00,0x04,0x80,0x49,0xC0,0xFC,0xC0,0x51,0x50,0x55,0x50,0x5A,0x30,0xE1,0x00,0x6F,0xF0,0x33,0xC0,0x5D,0x20,0x81,0x00}},
  {0x5AA5, {0x00,0x00,0x01,0x00,0x4F,0xE0,0xF8,0x20,0x5F,0xE0,0x58,0x00,0x7F,0xE0,0x6D,0x40,0x2F,0xE0,0x79,0x40,0xC9,0x40,0x10,0x60}},
  {0x5AA8, {0x00,0x00,0x02,0x40,0x4F,0xF0,0xF2,0x80,0x5F,0xE0,0x5A,0xE0,0x5E,0x60,0x6C,0x20,0x2F,0xE0,0x78,0x20,0x58,0x20,0x8F,0xE0}},
  {0x5AAC, {0x00,0x00,0x47,0xE0,0x45,0x20,0xF5,0x20,0x5D,0xE0,0x5C,0x80,0x3C,0x80,0xF7,0xF0,0x65,0xC0,0x75,0xA0,0x46,0x90,0x84,0x80}},
  {0x5AAE, {0x00,0x00,0x41,0x80,0x42,0x40,0xFF,0xF0,0x58,0x00,0x5F,0x20,0x59,0x60,0xFF,0x60,0x69,0x60,0x2F,0x60,0x59,0x20,0x8F,0x60}},
  {0x5AB6, {0x00,0x00,0x42,0x40,0x4F,0xF0,0xF2,0x40,0x5F,0xF0,0x54,0x20,0x57,0xE0,0xD4,0x20,0x67,0xE0,0x24,0x20,0x5F,0xF0,0x80,0x20}},
  {0x5AB7, {0x00,0x00,0x4F,0xF0,0x48,0x00,0xFF,0xE0,0x58,0x00,0x5F,0xF0,0x5A,0xE0,0x6B,0xF0,0x6A,0x20,0x3F,0xF0,0x5B,0x20,0x10,0xC0}},
  {0x5AB9, {0x00,0x00,0x43,0xF0,0x4C,0x90,0xFA,0x90,0x5F,0xA0,0x5D,0xE0,0x51,0x00,0xBF,0xE0,0x69,0x20,0x2F,0xE0,0x59,0x20,0x8F,0xE0}},
  {0x5ABB, {0x00,0x00,0x11,0xC0,0x7F,0x20,0x56,0x20,0xFF,0xE0,0x5D,0x40,0xDB,0xE0,0x08,0x00,0xFF,0xF0,0x19,0x80,0x0F,0x80,0x70,0x60}},
  {0x5ABE, {0x00,0x00,0x42,0x40,0x4F,0xE0,0xF2,0x40,0x57,0xE0,0x52,0x40,0x5F,0xF0,0xA5,0x20,0x65,0x20,0x2F,0xF0,0x54,0x20,0x84,0xE0}},
  {0x5AC1, {0x00,0x00,0x21,0x00,0x4F,0xF0,0xF8,0x10,0x57,0xF0,0x57,0x20,0x51,0xC0,0x62,0xC0,0x2D,0xA0,0x72,0xA0,0x4C,0x90,0x83,0x80}},
  {0x5AC2, {0x00,0x00,0x2F,0x00,0x49,0xE0,0xF9,0x20,0x59,0x20,0x5F,0xE0,0x5F,0xE0,0xD1,0x00,0x61,0x00,0x37,0xE0,0x53,0xC0,0x8F,0xF0}},
  {0x5AC3, {0x00,0x00,0x41,0x00,0x4F,0xF0,0xF7,0xE0,0x54,0x20,0x57,0xE0,0x54,0x20,0xE7,0xE0,0x64,0x20,0x3F,0xF0,0x52,0x40,0x8C,0x30}},
  {0x5AC6, {0x00,0x00,0x01,0x00,0x4F,0xE0,0xFA,0x20,0x56,0x60,0x59,0xA0,0x52,0x40,0xFC,0x20,0x6F,0xE0,0x34,0x20,0x54,0x20,0x87,0xE0}},
  {0x5AC7, {0x00,0x00,0x4F,0xF0,0x48,0x10,0xF7,0xE0,0x54,0x20,0x57,0xE0,0x54,0x20,0x97,0xE0,0x65,0xA0,0x2F,0xF0,0x72,0x40,0x8C,0x30}},
  {0x5ACA, {0x00,0x00,0x41,0x00,0x4F,0xF0,0xF1,0x00,0x5F,0xF0,0x56,0x40,0x57,0x80,0x62,0x60,0x2F,0xE0,0x75,0x00,0xCD,0x60,0x87,0x00}},
  {0x5ACD, {0x00,0x00,0x4F,0xE0,0x41,0x00,0xFD,0x20,0x54,0xA0,0x50,0x00,0x5C,0xE0,0xE8,0x20,0x6F,0xE0,0x78,0x20,0x58,0x20,0x8F,0xE0}},
  {0x5ACE, {0x00,0x00,0x01,0x00,0x47,0xF0,0xF2,0x40,0x5F,0xF0,0x59,0x10,0x5F,0xF0,0x62,0x00,0x33,0xE0,0x54,0x20,0xC4,0x20,0x88,0xC0}},
  {0x5ACF, {0x00,0x00,0x44,0xF0,0x4E,0xA0,0xF8,0xA0,0x58,0xA0,0x5E,0xA0,0x58,0xA0,0xEE,0x90,0x6A,0x90,0x7B,0xE0,0x4D,0x80,0x88,0x80}},
  {0x5AD0, {0x00,0x00,0x4F,0x40,0x4D,0x40,0xFF,0xF0,0x5D,0xA0,0x5D,0xA0,0x6F,0xA0,0x64,0xA0,0x6F,0xE0,0x75,0x60,0x49,0xF0,0x86,0x80}},
  {0x5AD4, {0x00,0x00,0x61,0x00,0x4F,0xF0,0xF8,0x10,0x57,0xC0,0x54,0x00,0x57,0xE0,0x64,0x40,0x24,0x40,0x7F,0xF0,0x46,0x40,0x88,0x30}},
  {0x5AD6, {0x00,0x00,0x6F,0xF0,0x42,0x80,0xFF,0xF0,0x5A,0x90,0x5F,0xF0,0x50,0x00,0xD7,0xE0,0x60,0x00,0x2F,0xF0,0x55,0xE0,0x8B,0x10}},
  {0x5AD8, {0x00,0x00,0x4F,0xE0,0x49,0x20,0xFF,0xE0,0x59,0x20,0x5F,0xE0,0x52,0x40,0x67,0x80,0x26,0x60,0x7F,0xE0,0x49,0x20,0x93,0x10}},
  {0x5AD9, {0x00,0x00,0x48,0x80,0x45,0xF0,0xFF,0x00,0x49,0xF0,0x6E,0x60,0x6B,0x40,0x6B,0x60,0x2B,0x40,0x7B,0x40,0xD3,0xC0,0x1E,0x70}},
  {0x5ADA, {0x00,0x00,0x67,0xE0,0x44,0x20,0xF7,0xE0,0x50,0x00,0x5F,0xF0,0x5A,0x10,0xDF,0xF0,0x60,0x00,0x27,0xE0,0x73,0xC0,0x8E,0x70}},
  {0x5ADC, {0x00,0x00,0x21,0x00,0x47,0xE0,0xF2,0x40,0x5F,0xF0,0x54,0x20,0x57,0xE0,0x54,0x20,0x67,0xE0,0x31,0x00,0x5F,0xF0,0x81,0x00}},
  {0x5ADD, {0x00,0x00,0x00,0x80,0x4F,0xF0,0xF8,0x80,0x5F,0xE0,0x58,0xA0,0x5F,0xF0,0x6C,0x80,0x3A,0xE0,0x7B,0xE0,0x4E,0xB0,0x83,0x80}},
  {0x5AE5, {0x00,0x00,0x21,0x00,0x4F,0xF0,0xF5,0x20,0x57,0xE0,0x55,0x20,0x57,0xE0,0x51,0x20,0x2F,0xF0,0x3F,0xF0,0x52,0x40,0x81,0xC0}},
  {0x5AE7, {0x00,0x00,0x20,0x80,0x47,0xF0,0xF0,0x80,0x5F,0xF0,0x57,0xE0,0x54,0x20,0x77,0xE0,0x24,0x20,0x77,0xE0,0x56,0x60,0x8C,0x30}},
  {0x5AE9, {0x00,0x00,0x44,0x40,0x4F,0x40,0xF4,0xF0,0x5F,0xA0,0x4D,0xA0,0x6D,0x60,0x6F,0x60,0x24,0x60,0x7F,0x60,0x54,0xA0,0x84,0x90}},
  {0x5AEA, {0x00,0x00,0x4F,0xE0,0x4A,0xA0,0xF2,0x60,0x5E,0xE0,0x53,0x20,0xBC,0xC0,0xE3,0x30,0x65,0x80,0x76,0x60,0xC3,0x80,0x8C,0x00}},
  {0x5AF1, {0x00,0x00,0x41,0x00,0x47,0xE0,0xF5,0x20,0x53,0x40,0x5F,0xF0,0x50,0x00,0xEF,0xE0,0x6A,0x60,0x6B,0xE0,0x58,0x20,0x8F,0xE0}},
  {0x5AF2, {0x00,0x00,0x41,0x00,0x4F,0xF0,0xFA,0x40,0x5A,0x40,0x5F,0xF0,0x2A,0x60,0xEB,0xE0,0x6E,0xE0,0x7F,0xD0,0x52,0x40,0x92,0x40}},
  {0x5AF3, {0x00,0x00,0x54,0x80,0x15,0xF0,0x7F,0x20,0x56,0xC0,0x7C,0xC0,0x57,0xE0,0x08,0x00,0xFF,0xF0,0x19,0x80,0x0F,0x80,0x78,0x60}},
  {0x5AF6, {0x00,0x00,0x22,0x80,0x46,0x80,0xF7,0xF0,0x5C,0x80,0x5F,0xE0,0x54,0x80,0xD7,0xE0,0x64,0x80,0x27,0xF0,0x74,0x20,0x89,0x50}},
  {0x5AF8, {0x00,0x00,0x02,0x40,0x4F,0xF0,0xF1,0x00,0x57,0xE0,0x51,0x00,0x5F,0xF0,0x55,0x20,0x6F,0xF0,0x74,0x20,0x74,0x20,0xC7,0xE0}},
  {0x5AF9, {0x00,0x00,0x62,0x40,0x4F,0xE0,0xF2,0x40,0x5F,0xF0,0x57,0xE0,0x55,0x20,0xF7,0xE0,0x65,0x20,0x37,0xE0,0x56,0x60,0x8C,0x30}},
  {0x5AFD, {0x00,0x00,0x21,0x00,0x4F,0xF0,0xF6,0x60,0x5F,0xF0,0x54,0x20,0x57,0xE0,0x54,0x20,0x67,0xE0,0x35,0x40,0x5D,0x20,0x8B,0x00}},
  {0x5AFE, {0x00,0x00,0x25,0x20,0x43,0x40,0xFF,0xF0,0x53,0xC0,0x5D,0x30,0x54,0x00,0x57,0xF0,0x6A,0xC0,0x36,0xF0,0x44,0x40,0x88,0x00}},
  {0x5B01, {0x00,0x00,0x2F,0xC0,0x42,0xC0,0xF6,0x60,0x57,0xE0,0x58,0x10,0x57,0xE0,0x54,0x20,0x67,0xE0,0x34,0x40,0x52,0xC0,0x8F,0xF0}},
  {0x5B05, {0x00,0x00,0x22,0x40,0x4F,0xF0,0xF2,0x40,0x5F,0xE0,0x55,0x20,0x5F,0xF0,0x55,0x20,0x6F,0xE0,0x31,0x00,0x5F,0xF0,0x81,0x00}},
  {0x5B07, {0x00,0x00,0x21,0x00,0x47,0xE0,0x45,0x20,0xF7,0xE0,0x5F,0xF0,0x54,0x20,0xF7,0xE0,0x67,0xE0,0x77,0xE0,0x42,0x60,0x8C,0x30}},
  {0x5B18, {0x00,0x00,0x49,0x20,0x49,0x40,0xF3,0xF0,0x51,0x80,0x5E,0xE0,0x69,0xC0,0xEB,0xE0,0x6A,0x40,0x39,0x80,0x5C,0x00,0x93,0xF0}},
  {0x5B1A, {0x00,0x00,0x01,0x00,0x4F,0xF0,0xFA,0x40,0x5F,0xF0,0x59,0xA0,0x5F,0xF0,0xE9,0xA0,0x6F,0xE0,0x7B,0xC0,0x5F,0xA0,0x81,0x80}},
  {0x5B1B, {0x00,0x00,0x47,0xE0,0x45,0x20,0xF7,0xE0,0x50,0x00,0x5F,0xF0,0x57,0xE0,0x54,0x20,0x67,0xE0,0x33,0xA0,0x5E,0x60,0x83,0x00}},
  {0x5B1C, {0x00,0x00,0x10,0x80,0x7D,0xF0,0x29,0xA0,0xFE,0xC0,0x44,0xC0,0x7F,0x30,0x08,0x00,0xFF,0xF0,0x19,0x80,0x0F,0x80,0x78,0x60}},
  {0x5B20, {0x00,0x00,0x27,0xE0,0x44,0x20,0xF7,0xE0,0x50,0x00,0x5E,0xE0,0x5A,0xA0,0x5E,0xE0,0x61,0x00,0x2F,0xF0,0x77,0xE0,0x89,0x00}},
  {0x5B22, {0x00,0x00,0x21,0x00,0x4F,0xF0,0xF6,0x40,0x52,0x40,0x5F,0xF0,0x52,0x40,0x57,0xE0,0x52,0x40,0x2F,0xF0,0x76,0xE0,0x07,0x30}},
  {0x5B23, {0x00,0x00,0x21,0x00,0x4F,0xF0,0xF9,0x00,0x56,0x60,0x5F,0xF0,0x5A,0xA0,0x6F,0xF0,0x60,0x00,0x7F,0xF0,0x50,0x80,0x83,0x00}},
  {0x5B25, {0x00,0x00,0x4F,0xE0,0x45,0xE0,0xF7,0xE0,0x54,0x80,0x57,0xF0,0x5C,0x80,0xFF,0xE0,0x64,0x80,0x67,0xE0,0x54,0x80,0x87,0xF0}},
  {0x5B26, {0x00,0x00,0x41,0x00,0x4F,0xF0,0x41,0x00,0xFF,0xF0,0x57,0xC0,0x51,0x00,0xFF,0xF0,0x60,0x20,0x2F,0xF0,0x58,0xA0,0x8E,0x60}},
  {0x5B28, {0x00,0x00,0x02,0x40,0x42,0x40,0xFF,0xF0,0x54,0xC0,0x5E,0xE0,0x56,0x60,0x6F,0xF0,0x61,0x00,0x7E,0xA0,0x4A,0x50,0x83,0xC0}},
  {0x5B2B, {0x00,0x00,0x22,0x40,0x4F,0xE0,0xF6,0x60,0x58,0x80,0x5F,0xE0,0x58,0x20,0x51,0x00,0x6F,0xF0,0x33,0xC0,0x5D,0x20,0x81,0x00}},
  {0x5B2C, {0x00,0x00,0x67,0xE0,0x41,0x00,0xFF,0xF0,0x51,0x00,0x57,0xE0,0x50,0x00,0xDF,0xF0,0x61,0x00,0x2F,0xE0,0x5A,0xA0,0x88,0x60}},
  {0x5B2F, {0x00,0x00,0x21,0x00,0x4F,0xF0,0xF0,0x00,0x57,0xE0,0x54,0x20,0x57,0xE0,0x6F,0xF0,0x26,0x60,0x7F,0xE0,0x41,0x00,0x8F,0xF0}},
  {0x5B32, {0x00,0x00,0x74,0xE0,0x24,0x40,0x7F,0xE0,0x27,0x40,0x77,0xE0,0x26,0x40,0xFE,0xE0,0x56,0x80,0x56,0xA0,0x55,0xA0,0xB9,0x60}},
  {0x5B33, {0x00,0x00,0x22,0x40,0x4F,0xF0,0xF6,0xC0,0x57,0xF0,0x5C,0x80,0x57,0xE0,0x54,0x80,0x67,0xF0,0x2F,0xE0,0x73,0xC0,0x8E,0x70}},
  {0x5B37, {0x00,0x00,0x41,0x00,0x4F,0xF0,0xFA,0x40,0x5F,0xE0,0x6B,0x60,0x6E,0xD0,0xEA,0x40,0x6A,0x80,0x7C,0xC0,0x51,0x20,0x93,0xF0}},
  {0x5B3B, {0x00,0x00,0x21,0x00,0x4F,0xF0,0xF0,0x00,0x5F,0xE0,0x5A,0x00,0x5F,0xE0,0x57,0xE0,0x64,0x20,0x37,0xE0,0x46,0x60,0x0C,0x30}},
  {0x5B3C, {0x00,0x00,0x4F,0xA0,0x4E,0xE0,0xFE,0xE0,0x7B,0x60,0x67,0x60,0x3F,0xE0,0xE2,0x60,0x6F,0xE0,0x6B,0x20,0x4F,0xA0,0x8E,0x60}},
  {0x5B40, {0x00,0x00,0x47,0xE0,0x41,0x00,0xFF,0xF0,0x59,0x10,0x57,0x40,0x64,0x00,0x6F,0xE0,0x2D,0x20,0x7F,0x20,0x57,0xE0,0x85,0xE0}},
  {0x5B44, {0x00,0x00,0x2E,0xE0,0x48,0x80,0xFE,0xE0,0x59,0x00,0x5F,0xE0,0x59,0x00,0x5F,0xC0,0x6F,0xC0,0x2F,0xC0,0x7B,0xE0,0xC9,0x60}},
  {0x5B47, {0x00,0x00,0x42,0x80,0x4F,0xF0,0xFA,0x80,0x5F,0xF0,0x5A,0x80,0x5F,0xF0,0x60,0x00,0x67,0xE0,0x72,0x40,0x53,0x80,0x8C,0x70}},
  {0x5B4A, {0x00,0x00,0x41,0x00,0x4F,0xF0,0xFA,0x40,0x5F,0xF0,0x6F,0xE0,0x28,0x40,0xEF,0x60,0x6B,0x60,0x59,0x40,0x57,0x70,0x91,0x40}},
  {0x5B50, {0x00,0x00,0x7F,0xE0,0x00,0xC0,0x03,0x00,0x02,0x00,0x02,0x00,0xFF,0xF0,0x02,0x00,0x02,0x00,0x02,0x00,0x06,0x00,0x1C,0x00}},
  {0x5B54, {0x00,0x00,0x7D,0x00,0x0D,0x00,0x19,0x00,0x11,0x00,0x1D,0x00,0x79,0x00,0xD1,0x00,0x11,0x10,0x11,0x10,0x11,0x30,0x70,0xE0}},
  {0x5B55, {0x00,0x00,0x7F,0x80,0x10,0x80,0x30,0xE0,0x20,0x20,0x6F,0xA0,0xC3,0xE0,0x02,0x00,0xFF,0xF0,0x02,0x00,0x02,0x00,0x1C,0x00}},
  {0x5B56, {0x00,0x00,0xFB,0xF0,0x18,0x60,0x10,0x40,0x20,0x80,0x38,0x80,0x77,0xF0,0xE0,0x80,0x20,0x80,0x20,0x80,0x20,0x80,0x63,0x80}},
  {0x5B57, {0x04,0x00,0x02,0x00,0x7F,0xF0,0x40,0x30,0x3F,0xC0,0x01,0x80,0x03,0x00,0xFF,0xF0,0x02,0x00,0x02,0x00,0x06,0x00,0x1C,0x00}},
  {0x5B58, {0x00,0x00,0x08,0x00,0xFF,0xF0,0x10,0x00,0x3F,0xE0,0x20,0xC0,0x61,0x80,0xBF,0xF0,0x21,0x00,0x21,0x00,0x21,0x00,0x27,0x00}},
  {0x5B59, {0x00,0x00,0xF8,0x80,0x10,0x80,0x30,0x80,0x22,0xE0,0x3E,0xA0,0x64,0xA0,0xA4,0xB0,0x2C,0x90,0x20,0x80,0x20,0x80,0xE3,0x00}},
  {0x5B5B, {0x00,0x00,0x06,0x00,0x7F,0xE0,0x06,0x00,0xFF,0xF0,0xC0,0x30,0x1F,0xC0,0x01,0x00,0xFF,0xF0,0x02,0x00,0x06,0x00,0x1C,0x00}},
  {0x5B5D, {0x00,0x00,0x04,0x00,0x3F,0xE0,0x04,0xC0,0xFF,0xF0,0x0C,0x00,0x3F,0x80,0xC3,0x00,0x02,0x00,0x7F,0xE0,0x02,0x00,0x1E,0x00}},
  {0x5B5E, {0x00,0x00,0x3F,0xC0,0x01,0xC0,0x02,0x00,0xFF,0xF0,0x02,0x00,0x1E,0x00,0x00,0x00,0x56,0x40,0x52,0xA0,0xD0,0x90,0x1F,0x80}},
  {0x5B5F, {0x00,0x00,0x3F,0xC0,0x01,0x80,0x03,0x00,0xFF,0xF0,0x02,0x00,0x0E,0x00,0x00,0x00,0x7F,0xE0,0x49,0x20,0x49,0x20,0xFF,0xF0}},
  {0x5B61, {0x00,0x00,0x79,0x00,0x13,0x40,0x32,0x20,0x24,0xE0,0x26,0x10,0x38,0x00,0xE7,0xE0,0x24,0x20,0x24,0x20,0x27,0xE0,0xE4,0x20}},
  {0x5B64, {0x00,0x00,0xF0,0xE0,0x17,0xC0,0x25,0x40,0x25,0x40,0x3D,0x40,0x65,0x40,0xE5,0x40,0x29,0x60,0x29,0xA0,0x29,0xA0,0xD3,0xD0}},
  {0x5B65, {0x00,0x00,0x23,0xE0,0xFE,0x20,0x49,0xC0,0x79,0xC0,0x7F,0x30,0x00,0x00,0x3F,0xC0,0x03,0x80,0xFF,0xF0,0x06,0x00,0x1C,0x00}},
  {0x5B66, {0x00,0x00,0x24,0x40,0x26,0x80,0x7F,0xE0,0x00,0x20,0x3F,0x80,0x01,0x00,0x02,0x00,0xFF,0xF0,0x02,0x00,0x02,0x00,0x1C,0x00}},
  {0x5B68, {0x00,0x00,0x3F,0xC0,0x03,0x00,0xFF,0xF0,0x02,0x00,0x1C,0x00,0x7B,0xE0,0x10,0xC0,0x3F,0xF0,0xF0,0x80,0x10,0x80,0x63,0x80}},
  {0x5B69, {0x00,0x00,0xF8,0x80,0x1F,0xF0,0x32,0x00,0x26,0x40,0x37,0xC0,0x61,0xA0,0xA3,0x60,0x26,0x40,0x28,0xC0,0x23,0x60,0xE4,0x30}},
  {0x5B6A, {0x00,0x00,0x06,0x00,0x7F,0xF0,0x29,0x40,0x69,0x60,0x49,0x20,0x3F,0xC0,0x03,0x00,0xFF,0xF0,0x02,0x00,0x02,0x00,0x1C,0x00}},
  {0x5B6C, {0x00,0x00,0x7F,0xE0,0x0F,0x80,0x3E,0xE0,0x42,0x30,0x23,0xE0,0x7C,0x40,0x68,0x80,0x6F,0xF0,0x18,0x80,0x2C,0x80,0xC3,0x80}},
  {0x5B6D, {0x00,0x00,0x7F,0xE0,0x14,0x20,0x37,0xE0,0x24,0x20,0x24,0x20,0x77,0xE0,0xE4,0x20,0x27,0xE0,0x20,0x00,0x22,0x60,0xE4,0x10}},
  {0x5B6E, {0x00,0x00,0xF1,0x00,0x17,0xF0,0x34,0x10,0x20,0x00,0x27,0xE0,0x30,0x00,0xEF,0xF0,0x20,0x80,0x24,0xA0,0x2C,0xB0,0xE3,0x00}},
  {0x5B71, {0x00,0x00,0x7F,0xE0,0x40,0x20,0x7F,0xC0,0x41,0x00,0x41,0x00,0x7F,0xE0,0x7F,0xE0,0x4C,0x60,0x7C,0x40,0xC9,0xE0,0xB9,0x80}},
  {0x5B7B, {0x00,0x00,0xF1,0x00,0x17,0xE0,0x21,0x20,0x2F,0xF0,0x31,0x00,0xEF,0xF0,0x2A,0xA0,0x2F,0xE0,0x26,0xA0,0x26,0xA0,0xEF,0xF0}},
  {0x5B7D, {0x00,0x00,0x09,0x00,0xFF,0xF0,0x20,0x80,0x7B,0xE0,0x49,0x40,0x7F,0xF0,0x48,0x80,0x7F,0x80,0x03,0x00,0xFF,0xF0,0x1C,0x00}},
  {0x5B81, {0x00,0x00,0x04,0x00,0x02,0x00,0x7F,0xE0,0x40,0x20,0x00,0x00,0xFF,0xF0,0x02,0x00,0x02,0x00,0x02,0x00,0x06,0x00,0x1E,0x00}},
  {0x5B83, {0x00,0x00,0x04,0x00,0x02,0x00,0x7F,0xE0,0x40,0x20,0x20,0x00,0x20,0xC0,0x23,0x80,0x3C,0x00,0x30,0x20,0x30,0x20,0x1F,0xE0}},
  {0x5B85, {0x00,0x00,0x04,0x00,0x06,0x00,0x7F,0xE0,0x40,0x20,0x01,0xC0,0x7F,0x00,0x04,0xE0,0x7E,0x00,0x04,0x20,0x04,0x20,0x07,0xE0}},
  {0x5B86, {0x00,0x00,0x04,0x00,0x7F,0xE0,0x40,0x20,0x3F,0xC0,0x00,0x40,0x3F,0xC0,0x60,0x00,0x7F,0xE0,0x00,0x20,0x00,0x60,0x03,0xC0}},
  {0x5B88, {0x00,0x00,0x04,0x00,0x06,0x00,0x7F,0xE0,0x40,0x20,0x00,0x80,0xFF,0xF0,0x20,0x80,0x10,0x80,0x08,0x80,0x01,0x80,0x07,0x00}},
  {0x5B89, {0x00,0x00,0x04,0x00,0x02,0x00,0x7F,0xE0,0x40,0x20,0x08,0x00,0xFF,0xF0,0x10,0x80,0x39,0x80,0x0F,0x00,0x1F,0x80,0x70,0x60}},
  {0x5B8B, {0x00,0x00,0x04,0x00,0x06,0x00,0x7F,0xE0,0x40,0x20,0x06,0x00,0xFF,0xF0,0x0F,0x00,0x1F,0x00,0x36,0x80,0x66,0x60,0xC6,0x30}},
  {0x5B8D, {0x00,0x00,0x04,0x00,0x7F,0xE0,0x44,0x20,0x46,0x00,0x02,0x00,0xFF,0xF0,0x00,0x00,0x19,0x80,0x30,0xC0,0x60,0x60,0x40,0x20}},
  {0x5B92, {0x00,0x00,0x04,0x00,0x7F,0xE0,0x40,0x20,0x7F,0xC0,0x04,0x00,0x7F,0xC0,0x04,0x00,0x0F,0xE0,0x7C,0x10,0x04,0x30,0x07,0xE0}},
  {0x5B93, {0x00,0x00,0x06,0x00,0x7F,0xE0,0x40,0x20,0x04,0x40,0x52,0x80,0x51,0xC0,0x53,0x20,0x56,0x20,0x9C,0x50,0x38,0x40,0xCF,0x80}},
  {0x5B95, {0x00,0x00,0x06,0x00,0x7F,0xE0,0x40,0x20,0xFF,0xF0,0x18,0x00,0x30,0x00,0x7F,0xE0,0xE0,0x20,0x20,0x20,0x3F,0xE0,0x20,0x20}},
  {0x5B97, {0x00,0x00,0x04,0x00,0x06,0x00,0x7F,0xE0,0x40,0x20,0x3F,0xC0,0x00,0x00,0xFF,0xF0,0x02,0x00,0x32,0xC0,0x46,0x20,0x0C,0x00}},
  {0x5B98, {0x00,0x00,0x02,0x00,0x7F,0xE0,0x40,0x20,0x3F,0xC0,0x20,0x40,0x3F,0xC0,0x20,0x00,0x3F,0xC0,0x20,0x40,0x3F,0xC0,0x00,0x00}},
  {0x5B9A, {0x00,0x00,0x06,0x00,0x7F,0xE0,0x40,0x20,0x00,0x00,0xFF,0xF0,0x02,0x00,0x22,0x00,0x23,0xE0,0x22,0x00,0x5A,0x00,0x8F,0xF0}},
  {0x5B9C, {0x00,0x00,0x04,0x00,0x06,0x00,0x7F,0xE0,0x40,0x20,0x3F,0xC0,0x20,0x40,0x3F,0xC0,0x20,0x40,0x3F,0xC0,0x20,0x40,0xFF,0xF0}},
  {0x5B9D, {0x00,0x00,0x06,0x00,0x7F,0xE0,0x00,0x00,0x00,0x00,0x7F,0xE0,0x06,0x00,0x06,0x00,0x7F,0xE0,0x06,0x80,0x06,0x40,0xFF,0xF0}},
  {0x5B9E, {0x00,0x00,0x02,0x00,0x7F,0xE0,0x40,0x20,0x50,0x20,0x0B,0x00,0x23,0x00,0x12,0x00,0xFF,0xF0,0x07,0x00,0x19,0xC0,0xE0,0x20}},
  {0x5BA0, {0x00,0x00,0x06,0x00,0x7F,0xE0,0x49,0x20,0x08,0x80,0xFF,0xF0,0x0A,0x00,0x12,0x40,0x12,0xD0,0x23,0x10,0x66,0x30,0xCB,0xE0}},
  {0x5BA2, {0x00,0x00,0x06,0x00,0x7F,0xE0,0x40,0x20,0x3F,0xC0,0x69,0x80,0x0F,0x00,0xF0,0xF0,0x3F,0xC0,0x20,0x40,0x3F,0xC0,0x00,0x00}},
  {0x5BA3, {0x04,0x00,0x7F,0xE0,0x40,0x20,0x3F,0xC0,0x00,0x00,0x3F,0xC0,0x20,0x40,0x3F,0xC0,0x20,0x40,0x3F,0xC0,0x00,0x00,0xFF,0xF0}},
  {0x5BA4, {0x00,0x00,0x04,0x00,0x7F,0xE0,0x40,0x20,0x3F,0xC0,0x18,0x80,0x30,0xC0,0x3F,0xE0,0x06,0x00,0x7F,0xE0,0x06,0x00,0xFF,0xF0}},
  {0x5BA6, {0x00,0x00,0x02,0x00,0x7F,0xF0,0x40,0x30,0x3F,0xE0,0x22,0x00,0x3F,0xC0,0x20,0x40,0x20,0x40,0x3F,0xC0,0x22,0x00,0x3F,0xE0}},
  {0x5BA8, {0x00,0x00,0x06,0x00,0x7F,0xE0,0x40,0x20,0x49,0x20,0x29,0x40,0x09,0x80,0x39,0x80,0x79,0xC0,0x11,0x30,0x31,0x30,0x41,0xE0}},
  {0x5BAB, {0x00,0x00,0x04,0x00,0x7F,0xE0,0x40,0x20,0x3F,0xC0,0x20,0x40,0x3F,0xC0,0x00,0x00,0x7F,0xE0,0x60,0x60,0x7F,0xE0,0x00,0x00}},
  {0x5BAD, {0x00,0x00,0x06,0x00,0xFF,0xE0,0xC0,0x20,0x3F,0xC0,0x08,0x40,0x7F,0xF0,0x10,0x40,0x7F,0xC0,0x10,0x40,0x50,0x40,0x1F,0xC0}},
  {0x5BB0, {0x00,0x00,0x02,0x00,0x7F,0xE0,0x46,0x20,0x3F,0xC0,0x10,0x80,0x11,0x80,0xFF,0xF0,0x06,0x00,0x7F,0xE0,0x06,0x00,0x06,0x00}},
  {0x5BB1, {0x00,0x00,0x02,0x00,0x7F,0xE0,0x50,0x20,0x74,0x00,0x2F,0xE0,0x6A,0x00,0x73,0xE0,0xA2,0x00,0x23,0xE0,0x22,0x00,0x22,0x00}},
  {0x5BB3, {0x00,0x00,0x04,0x00,0xFF,0xE0,0xC6,0x20,0x3F,0xC0,0x06,0x00,0x3F,0xC0,0x06,0x00,0x7F,0xE0,0x20,0x40,0x3F,0xC0,0x00,0x00}},
  {0x5BB6, {0x00,0x00,0x06,0x00,0x7F,0xE0,0x40,0x20,0x3F,0xC0,0x0C,0x00,0x34,0x40,0x4F,0x80,0x32,0x80,0x4E,0x40,0x12,0x30,0x4E,0x00}},
  {0x5BB8, {0x00,0x00,0x04,0x00,0xFF,0xF0,0x80,0x10,0x3F,0xC0,0x20,0x00,0x3F,0xC0,0x20,0x00,0x3F,0xE0,0x6B,0x60,0x4B,0x80,0x9C,0x60}},
  {0x5BB9, {0x00,0x00,0x06,0x00,0x7F,0xE0,0x40,0x20,0x19,0x80,0x66,0x60,0x09,0x00,0x30,0xC0,0xFF,0xF0,0x20,0x40,0x3F,0xC0,0x20,0x40}},
  {0x5BBA, {0x00,0x00,0x04,0x00,0x7F,0xE0,0x40,0x20,0x3F,0xC0,0x20,0x40,0x3F,0xC0,0x00,0x00,0x7F,0xE0,0x16,0x80,0x26,0x90,0x40,0x60}},
  {0x5BBC, {0x00,0x00,0x06,0x00,0x7F,0xE0,0x40,0x20,0x79,0x00,0x03,0xE0,0x7D,0x40,0x2B,0x40,0x29,0x80,0x2B,0x70,0x4A,0x30,0x8F,0xE0}},
  {0x5BBD, {0x00,0x00,0x04,0x00,0x7F,0xE0,0x49,0x20,0xFF,0xF0,0x09,0x00,0x3F,0xC0,0x20,0x40,0x24,0x40,0x26,0x50,0x1A,0x30,0x63,0xE0}},
  {0x5BBE, {0x00,0x00,0x06,0x00,0x7F,0xE0,0x40,0x20,0x3F,0x80,0x20,0x00,0x3F,0xE0,0x21,0x00,0xFF,0xF0,0x00,0x00,0x30,0xC0,0x40,0x20}},
  {0x5BBF, {0x00,0x00,0x02,0x00,0x7F,0xE0,0x50,0x20,0x2F,0xE0,0x21,0x00,0x6F,0xE0,0xA8,0x20,0x2F,0xE0,0x28,0x20,0x2F,0xE0,0x00,0x00}},
  {0x5BC1, {0x00,0x00,0x04,0x00,0x7F,0xE0,0x46,0x20,0x7F,0xE0,0x06,0x40,0x7F,0xF0,0x06,0x40,0x3F,0xC0,0x27,0xE0,0x76,0x00,0xCF,0xF0}},
  {0x5BC2, {0x00,0x00,0x02,0x00,0x7F,0xE0,0x40,0x20,0x10,0x00,0x13,0xE0,0x1D,0x20,0xFD,0x60,0x11,0xC0,0x54,0x80,0x97,0xC0,0x36,0x20}},
  {0x5BC4, {0x00,0x00,0x04,0x00,0x7F,0xE0,0x46,0x20,0x3F,0xC0,0x0E,0x00,0x39,0x80,0xFF,0xF0,0x22,0x40,0x22,0x40,0x3E,0x40,0x21,0xC0}},
  {0x5BC7, {0x00,0x00,0x04,0x00,0x7F,0xE0,0x41,0x20,0x39,0xC0,0x01,0x00,0x03,0xE0,0x7C,0x40,0x29,0x40,0x29,0xD0,0x4A,0x70,0x8F,0xE0}},
  {0x5BCA, {0x00,0x00,0x04,0x00,0x7F,0xE0,0x47,0xC0,0x04,0x00,0x3F,0xC0,0x20,0x40,0x3F,0xC0,0x20,0x40,0x3F,0xC0,0x39,0xC0,0xE0,0x60}},
  {0x5BCC, {0x04,0x00,0x7F,0xE0,0x40,0x20,0x7F,0xE0,0x00,0x00,0x3F,0xC0,0x20,0x40,0x7F,0xE0,0x46,0x20,0x7F,0xE0,0x46,0x20,0x7F,0xE0}},
  {0x5BCD, {0x00,0x00,0x04,0x00,0x7F,0xE0,0x44,0x20,0x32,0x40,0x50,0xA0,0x4F,0x00,0x00,0x00,0x3F,0xC0,0x29,0x40,0x29,0x40,0xFF,0xF0}},
  {0x5BCF, {0x00,0x00,0x04,0x00,0x7F,0xE0,0x50,0x20,0x3F,0x00,0x61,0x00,0x7F,0xE0,0x29,0x20,0x20,0x80,0x7F,0xF0,0x19,0x80,0x60,0x60}},
  {0x5BD0, {0x00,0x00,0x02,0x00,0x7F,0xF0,0x50,0x90,0x10,0x80,0x57,0xE0,0x70,0x80,0x1F,0xF0,0xF1,0xC0,0x52,0xE0,0x5C,0xB0,0x90,0x80}},
  {0x5BD2, {0x00,0x00,0x06,0x00,0x7F,0xE0,0x49,0x20,0x7F,0xE0,0x7F,0xE0,0x7F,0xE0,0x10,0x80,0x20,0x40,0xCF,0x30,0x1C,0x00,0x03,0x80}},
  {0x5BDB, {0x00,0x00,0x04,0x00,0x7F,0xE0,0x49,0x20,0x7F,0xE0,0x3F,0xC0,0x20,0x40,0x3F,0xC0,0x20,0x40,0x3F,0xC0,0x19,0x10,0x71,0xE0}},
  {0x5BDD, {0x00,0x00,0x02,0x00,0x7F,0xF0,0x60,0x00,0x27,0xC0,0x60,0x40,0x67,0xC0,0x20,0x40,0x7F,0xE0,0xFF,0xE0,0x23,0xA0,0x2F,0xE0}},
  {0x5BDE, {0x00,0x00,0x06,0x00,0xFF,0xF0,0x89,0x10,0x3F,0xE0,0x20,0x40,0x3F,0xC0,0x20,0x40,0x7F,0xE0,0x0F,0x00,0x19,0x80,0x60,0x60}},
  {0x5BDF, {0x00,0x00,0x06,0x00,0x7F,0xE0,0x52,0x20,0x3D,0xE0,0x5D,0x40,0xFF,0x80,0x20,0x40,0xC0,0x20,0x3F,0xC0,0x32,0x80,0x4E,0x20}},
  {0x5BE1, {0x00,0x00,0x04,0x00,0x7F,0xE0,0x04,0x20,0x3F,0xC0,0x20,0x40,0xFF,0xF0,0x30,0xC0,0xDF,0xB0,0x08,0x80,0x18,0x80,0x23,0x00}},
  {0x5BE5, {0x00,0x00,0x06,0x00,0x7F,0xE0,0x25,0x60,0x1C,0x40,0x35,0xC0,0x4F,0x40,0x39,0xC0,0xC0,0x70,0x3F,0xC0,0x07,0x00,0x3C,0x00}},
  {0x5BE8, {0x00,0x00,0x06,0x00,0x7F,0xE0,0x49,0x20,0x7F,0xE0,0x09,0x00,0xFF,0xF0,0x12,0x80,0x3F,0xC0,0xD2,0x30,0x26,0x40,0x4C,0x20}},
  {0x5BEE, {0x00,0x00,0x04,0x00,0x7F,0xE0,0x44,0x20,0x7F,0xE0,0x29,0x40,0x3F,0xC0,0xE0,0x50,0x20,0x40,0x3F,0xC0,0x36,0xC0,0x4C,0x60}},
  {0x5BEF, {0x00,0x00,0x06,0x00,0x7F,0xE0,0x52,0x20,0x3F,0xE0,0xA2,0x00,0x3F,0xC0,0x22,0x00,0x7F,0xE0,0x49,0x20,0x4F,0x20,0x40,0xE0}},
  {0x5BF0, {0x00,0x00,0x04,0x00,0x7F,0xE0,0x40,0x20,0x3F,0xC0,0x29,0x40,0x7F,0xE0,0x20,0x40,0x3F,0xE0,0x1B,0xC0,0x70,0xC0,0x1E,0x60}},
  {0x5BF8, {0x00,0x00,0x00,0x80,0x00,0x80,0xFF,0xF0,0x00,0x80,0x20,0x80,0x30,0x80,0x18,0x80,0x08,0x80,0x00,0x80,0x00,0x80,0x0F,0x80}},
  {0x5BF9, {0x00,0x00,0x00,0x60,0xF8,0x60,0x0B,0xF0,0x48,0x60,0x4A,0x60,0x33,0x60,0x31,0x60,0x30,0x60,0x28,0x60,0x4C,0x60,0x81,0xC0}},
  {0x5BFC, {0x00,0x00,0x7F,0xC0,0x60,0x40,0x7F,0xC0,0x60,0x10,0x60,0x30,0x3F,0xE0,0x00,0x80,0xFF,0xF0,0x10,0x80,0x18,0x80,0x03,0x80}},
  {0x5BFD, {0x00,0x00,0x00,0x00,0x7F,0xE0,0x04,0x40,0x22,0x40,0x00,0x80,0xFF,0xF0,0x00,0x80,0x10,0x80,0x08,0x80,0x00,0x80,0x07,0x80}},
  {0x5BFE, {0x00,0x00,0x10,0x60,0xFC,0x60,0x0B,0xF0,0x48,0x60,0x6B,0x60,0x39,0x60,0x11,0x60,0x38,0x60,0x28,0x60,0x44,0x60,0x81,0xC0}},
  {0x5BFF, {0x00,0x00,0x04,0x00,0x7F,0xE0,0x04,0x00,0x7F,0xE0,0x08,0x00,0xFF,0xF0,0x10,0x40,0x3F,0xF0,0x68,0x40,0xC0,0xC0,0x03,0x80}},
  {0x5C00, {0x00,0x00,0x7C,0x60,0x40,0x60,0x43,0xF0,0x5C,0x60,0x55,0x60,0x55,0x60,0x55,0x60,0x5C,0x60,0x44,0x60,0x40,0x60,0x7D,0xC0}},
  {0x5C01, {0x00,0x00,0x10,0x60,0x7C,0x60,0x13,0xF0,0x10,0x60,0xFD,0x60,0x11,0x60,0x11,0x60,0x7C,0x60,0x10,0x60,0x1C,0x60,0xE1,0xC0}},
  {0x5C02, {0x00,0x00,0x04,0x00,0x7F,0xE0,0x04,0x00,0x7F,0xC0,0x44,0x40,0x7F,0xC0,0x00,0x80,0xFF,0xF0,0x10,0x80,0x18,0x80,0x03,0x80}},
  {0x5C04, {0x00,0x00,0x30,0x60,0x78,0x60,0x4F,0xF0,0x78,0x60,0x4A,0x60,0x79,0x60,0x49,0x60,0xF8,0x60,0x18,0x60,0x68,0x40,0xD9,0xC0}},
  {0x5C06, {0x00,0x00,0x22,0x00,0x23,0xE0,0xA0,0x60,0x6A,0xC0,0x63,0x00,0x2C,0x40,0x7F,0xF0,0x24,0x40,0xA2,0x40,0x20,0x40,0x21,0xC0}},
  {0x5C09, {0x00,0x00,0x7E,0x20,0x42,0x20,0x42,0x20,0x7F,0xF0,0x40,0x20,0x5E,0xA0,0x40,0xA0,0x7E,0xA0,0x5A,0x20,0xE8,0x20,0xB8,0xC0}},
  {0x5C0A, {0x08,0x80,0x7F,0xF0,0x05,0x00,0x7F,0xE0,0x49,0x20,0x7F,0xE0,0x40,0x20,0x7F,0xE0,0x00,0x80,0xFF,0xF0,0x10,0x80,0x0B,0x80}},
  {0x5C0F, {0x00,0x00,0x02,0x00,0x02,0x00,0x02,0x00,0x32,0x80,0x22,0x40,0x62,0x60,0x42,0x20,0xC2,0x30,0x02,0x00,0x06,0x00,0x1C,0x00}},
  {0x5C11, {0x00,0x00,0x06,0x00,0x06,0x80,0x16,0xC0,0x36,0x60,0x26,0x20,0x46,0x10,0x46,0x40,0x01,0x80,0x03,0x00,0x1C,0x00,0xE0,0x00}},
  {0x5C14, {0x00,0x00,0x10,0x00,0x10,0x00,0x3F,0xF0,0x62,0x20,0xC2,0x20,0x12,0x80,0x32,0xC0,0x22,0x60,0x42,0x20,0x46,0x30,0x1C,0x00}},
  {0x5C15, {0x00,0x00,0x7F,0x80,0x08,0x80,0x08,0xE0,0x10,0x20,0x30,0x20,0x42,0xE0,0x02,0x00,0x12,0x80,0x22,0x60,0x42,0x30,0x1C,0x00}},
  {0x5C18, {0x00,0x00,0x06,0x00,0x16,0x80,0x36,0xC0,0x66,0x60,0x46,0x20,0x00,0x00,0x06,0x00,0x7F,0xE0,0x06,0x00,0x06,0x00,0xFF,0xF0}},
  {0x5C1A, {0x00,0x00,0x06,0x00,0x66,0x40,0x16,0x80,0x06,0x00,0x7F,0xE0,0x40,0x20,0x5F,0xA0,0x50,0xA0,0x5F,0xA0,0x50,0x20,0x40,0xE0}},
  {0x5C1C, {0x00,0x00,0x16,0x80,0x26,0x40,0x46,0x20,0x04,0x00,0xFF,0xF0,0x1F,0x80,0x36,0xC0,0xC6,0x30,0x16,0x80,0x26,0x40,0x4C,0x20}},
  {0x5C1D, {0x00,0x00,0x26,0x40,0x16,0x80,0x7F,0xE0,0x40,0x20,0x3F,0xC0,0x00,0x00,0xFF,0xF0,0x08,0x00,0x10,0x80,0x30,0xC0,0x7F,0x60}},
  {0x5C1E, {0x00,0x00,0x04,0x00,0x7F,0xE0,0x79,0xC0,0x7F,0xE0,0x60,0x40,0x3F,0xC0,0x20,0x40,0x3F,0xC0,0x12,0x80,0x72,0xE0,0x4C,0x20}},
  {0x5C21, {0x00,0x00,0x27,0xE0,0xAC,0x20,0xB7,0xE0,0x74,0x20,0x27,0xE0,0xF8,0x00,0x54,0xA0,0x57,0xC0,0x54,0x90,0xDF,0x90,0x86,0x60}},
  {0x5C23, {0x00,0x00,0x09,0x00,0x30,0x80,0x60,0x60,0x59,0x20,0x19,0x00,0x11,0x00,0x11,0x00,0x11,0x10,0x31,0x10,0x61,0x30,0x41,0xE0}},
  {0x5C25, {0x00,0x00,0x21,0x00,0x22,0x00,0xFF,0xE0,0x36,0x20,0x35,0x20,0x31,0x20,0x70,0xA0,0x50,0x60,0x51,0xD0,0x58,0x30,0x8F,0xE0}},
  {0x5C26, {0x00,0x00,0x09,0x00,0x47,0xE0,0xC2,0x20,0x2C,0x20,0x29,0x20,0x29,0x20,0x68,0x20,0x48,0x60,0x49,0xD0,0x48,0x10,0x8F,0xE0}},
  {0x5C28, {0x00,0x00,0x09,0x00,0x08,0x80,0xFF,0xF0,0x0A,0x40,0x0B,0x80,0x1A,0x40,0x13,0x80,0x12,0x60,0x22,0xD0,0x67,0x10,0xCF,0xE0}},
  {0x5C29, {0x00,0x00,0x0B,0xE0,0x4C,0x80,0x88,0x80,0x28,0x80,0x2B,0xE0,0x28,0x80,0x68,0x80,0x48,0x80,0x4F,0xF0,0xC8,0x10,0x8F,0xE0}},
  {0x5C2A, {0x00,0x00,0x23,0xE0,0x20,0x80,0xFC,0x80,0x30,0x80,0x33,0xE0,0x30,0x80,0x70,0x80,0x50,0x80,0x53,0xF0,0xD0,0x10,0x8F,0xE0}},
  {0x5C2B, {0x00,0x00,0xFF,0xE0,0x28,0x80,0x28,0x80,0x2B,0xE0,0x28,0x80,0x68,0x80,0x48,0x80,0x4F,0xE0,0x48,0x10,0xC8,0x10,0x8F,0xE0}},
  {0x5C2C, {0x00,0x00,0x21,0x80,0x21,0xC0,0xFE,0x60,0x2C,0x10,0x29,0x40,0x29,0x40,0x6A,0x40,0x4A,0x40,0x4C,0x50,0x48,0x30,0x8F,0xE0}},
  {0x5C31, {0x00,0x00,0x11,0x00,0x11,0x40,0xFD,0x20,0x03,0xF0,0x7D,0xC0,0x45,0xC0,0x7D,0xC0,0x5B,0xC0,0x96,0xD0,0x16,0xD0,0x74,0x60}},
  {0x5C32, {0x00,0x00,0x42,0x40,0x4F,0xE0,0xFA,0x80,0x57,0xE0,0x5F,0xF0,0x52,0xA0,0x57,0xE0,0x56,0xC0,0x5A,0xA0,0x92,0x90,0x9F,0xF0}},
  {0x5C34, {0x00,0x00,0x40,0x40,0x44,0xF0,0xFD,0xC0,0x55,0x20,0x50,0x00,0x57,0xE0,0x54,0xA0,0x54,0xA0,0x5F,0xF0,0xD0,0x10,0x9F,0xE0}},
  {0x5C35, {0x00,0x00,0x41,0x00,0x47,0xE0,0x45,0x20,0xFF,0xE0,0x5F,0xF0,0x54,0x20,0x57,0xE0,0x54,0x20,0x57,0xE0,0xD6,0x70,0x9F,0xF0}},
  {0x5C36, {0x00,0x00,0xFF,0x40,0x5A,0x70,0x5F,0x40,0x59,0xC0,0x5F,0xA0,0x5A,0x20,0x5F,0xE0,0x56,0xA0,0x5F,0xF0,0x90,0x10,0x9F,0xE0}},
  {0x5C38, {0x00,0x00,0x00,0x00,0x3F,0xE0,0x20,0x20,0x20,0x20,0x20,0x20,0x7F,0xE0,0x60,0x20,0x60,0x00,0x40,0x00,0x40,0x00,0x80,0x00}},
  {0x5C3A, {0x00,0x00,0x3F,0xC0,0x20,0x40,0x20,0x40,0x20,0x40,0x3F,0xC0,0x24,0x40,0x22,0x00,0x63,0x00,0x41,0x80,0x40,0xC0,0x80,0x30}},
  {0x5C3B, {0x00,0x00,0x7F,0xE0,0x60,0x20,0x7F,0xE0,0x60,0x20,0x44,0x20,0x44,0x00,0x7F,0xC0,0x44,0xC0,0x4C,0xD0,0x58,0xD0,0xB0,0x60}},
  {0x5C3D, {0x00,0x00,0x3F,0xE0,0x20,0x20,0x20,0x20,0x3F,0xE0,0x21,0x00,0x21,0x80,0x4C,0x80,0x46,0x60,0x58,0x30,0x87,0x00,0x01,0x80}},
  {0x5C3E, {0x00,0x00,0x7F,0xE0,0x40,0x20,0x7F,0xE0,0x40,0x00,0x7F,0x00,0x42,0x00,0x7F,0x80,0x42,0x00,0x7F,0x80,0xC2,0x10,0x83,0xE0}},
  {0x5C3F, {0x00,0x00,0x7F,0xE0,0x40,0x20,0x40,0x20,0x7F,0xE0,0x40,0x20,0x41,0x00,0x7D,0x20,0x4D,0xC0,0x59,0xC0,0x63,0x70,0x86,0x00}},
  {0x5C40, {0x00,0x00,0x7F,0xE0,0x60,0x20,0x7F,0xE0,0x60,0x00,0x7F,0xE0,0x60,0x20,0x5F,0xA0,0x58,0xA0,0x5F,0xA0,0x40,0x20,0x81,0xC0}},
  {0x5C42, {0x00,0x00,0x7F,0xE0,0x60,0x20,0x7F,0xE0,0x60,0x20,0x60,0x00,0x5F,0xE0,0x40,0x00,0x7F,0xF0,0x44,0x80,0xCC,0xC0,0x9F,0xE0}},
  {0x5C45, {0x00,0x00,0x7F,0xE0,0x40,0x20,0x7F,0xE0,0x42,0x00,0x7F,0xF0,0x42,0x00,0x5F,0xE0,0x50,0x60,0x50,0x60,0x9F,0xE0,0x00,0x00}},
  {0x5C47, {0x00,0x00,0x7F,0xE0,0x40,0x20,0x40,0x20,0x7F,0xE0,0x40,0x00,0x5F,0xE0,0x52,0x20,0x5F,0xE0,0x52,0x20,0xD2,0x20,0x9F,0xE0}},
  {0x5C48, {0x00,0x00,0x7F,0xE0,0x40,0x20,0x7F,0xE0,0x43,0x00,0x53,0x20,0x53,0x20,0x5F,0xE0,0x43,0x00,0x53,0x20,0x53,0x20,0x9F,0xE0}},
  {0x5C4A, {0x00,0x00,0x00,0x00,0x7F,0xE0,0x40,0x20,0x7F,0xE0,0x40,0x20,0x42,0x00,0x5F,0xE0,0x52,0x20,0x52,0x20,0x5F,0xE0,0x9F,0xE0}},
  {0x5C4B, {0x00,0x00,0x7F,0xE0,0x40,0x20,0x7F,0xE0,0x40,0x00,0x5F,0xE0,0x4C,0xC0,0x5F,0xE0,0x41,0x00,0x5F,0xE0,0xC1,0x00,0xBF,0xF0}},
  {0x5C4C, {0x00,0x00,0x7F,0xE0,0x40,0x20,0x7F,0xE0,0x40,0x00,0x4F,0xC0,0x48,0x40,0x4F,0xC0,0x41,0x00,0x5F,0xE0,0xD1,0x20,0x91,0xE0}},
  {0x5C4F, {0x00,0x00,0x7F,0xE0,0x40,0x20,0x7F,0xE0,0x4C,0x80,0x44,0x80,0x7F,0xE0,0x44,0x80,0x7F,0xF0,0x4C,0x80,0x48,0x80,0x90,0x80}},
  {0x5C51, {0x00,0x00,0x7F,0xE0,0x40,0x20,0x7F,0xE0,0x49,0x20,0x5F,0xE0,0x50,0x20,0x50,0x20,0x5F,0xE0,0x5F,0xE0,0x50,0x20,0x90,0xE0}},
  {0x5C52, {0x00,0x00,0x7F,0xE0,0x40,0x20,0x7F,0xE0,0x40,0x00,0x5F,0xE0,0x57,0xC0,0x50,0x00,0x5F,0xF0,0x55,0xE0,0xD5,0xC0,0xA6,0x20}},
  {0x5C55, {0x00,0x00,0x7F,0xE0,0x40,0x20,0x7F,0xE0,0x44,0x80,0x44,0x80,0x7F,0xE0,0x44,0x80,0x7F,0xF0,0x5B,0x60,0x59,0x80,0x9E,0x60}},
  {0x5C58, {0x00,0x00,0x7F,0xE0,0x42,0x20,0x7E,0x40,0x44,0x40,0x79,0xF0,0x5E,0x40,0x78,0x40,0x5E,0x40,0x79,0xD0,0x88,0x10,0x8F,0xE0}},
  {0x5C5A, {0x00,0x00,0x3F,0xE0,0x20,0x20,0x3F,0xE0,0x20,0x00,0x3F,0xF0,0x61,0x00,0x7F,0xE0,0x55,0x20,0x51,0x20,0x55,0x20,0x91,0x60}},
  {0x5C5E, {0x00,0x00,0x7F,0xE0,0x40,0x20,0x7F,0xE0,0x41,0x00,0x5F,0xE0,0x51,0x20,0x4F,0xE0,0x41,0x00,0x5F,0xE0,0x53,0x60,0x97,0xA0}},
  {0x5C61, {0x00,0x00,0x7F,0xE0,0x40,0x20,0x7F,0xE0,0x45,0x80,0x7F,0xE0,0x47,0x80,0x71,0x20,0x7F,0xF0,0x4D,0x80,0x47,0x80,0x9C,0x60}},
  {0x5C65, {0x00,0x00,0x7F,0xE0,0x40,0x20,0x7F,0xE0,0x48,0x00,0x73,0xE0,0x6C,0x20,0x53,0xE0,0x72,0x00,0x57,0xE0,0xD5,0xC0,0x17,0x70}},
  {0x5C6A, {0x00,0x00,0x7F,0xE0,0x40,0x20,0x7F,0xE0,0x42,0x00,0x7F,0xF0,0x7B,0x70,0x48,0x40,0x4F,0xC0,0x4F,0xC0,0xC9,0x40,0xB6,0x30}},
  {0x5C6E, {0x00,0x00,0x06,0x00,0x06,0x00,0x46,0x20,0x46,0x20,0x46,0x20,0x46,0x20,0x7F,0xE0,0x06,0x20,0x06,0x00,0x06,0x00,0x06,0x00}},
  {0x5C6F, {0x00,0x00,0x06,0x00,0x7F,0xE0,0x06,0x00,0x66,0x20,0x66,0x20,0x66,0x20,0x7F,0xE0,0x06,0x20,0x06,0x10,0x02,0x30,0x03,0xE0}},
  {0x5C71, {0x00,0x00,0x06,0x00,0x06,0x00,0x46,0x20,0x46,0x20,0x46,0x20,0x46,0x20,0x46,0x20,0x46,0x20,0x46,0x20,0x7F,0xE0,0x00,0x20}},
  {0x5C72, {0x00,0x00,0x03,0xE0,0x7E,0x00,0x06,0x00,0x06,0x00,0x46,0x20,0x46,0x20,0x46,0x20,0x46,0x20,0x46,0x20,0x7F,0xE0,0x00,0x20}},
  {0x5C78, {0x00,0x00,0x23,0xF0,0x28,0x80,0x28,0x80,0x68,0x80,0x68,0x80,0x68,0x80,0x68,0x80,0x68,0x80,0x78,0x80,0x48,0x80,0x07,0xF0}},
  {0x5C81, {0x00,0x00,0x06,0x00,0x46,0x20,0x46,0x20,0x7F,0xE0,0x00,0x20,0x18,0x00,0x3F,0xE0,0x60,0xC0,0x0D,0x80,0x0E,0x00,0x70,0x00}},
  {0x5C84, {0x00,0x00,0x23,0xE0,0x2A,0x20,0xAA,0x20,0xAB,0xE0,0xAA,0x20,0xAA,0x20,0xAB,0xE0,0xAA,0x20,0xFE,0x20,0x04,0x20,0x04,0xE0}},
  {0x5C87, {0x00,0x00,0x46,0x20,0x46,0x20,0x7F,0xE0,0x08,0x00,0x73,0xE0,0x42,0x20,0x42,0x20,0x42,0x20,0x7A,0x20,0x42,0xE0,0x02,0x00}},
  {0x5C91, {0x00,0x00,0x46,0x20,0x46,0x20,0x7F,0xE0,0x06,0x00,0x09,0x00,0x34,0xC0,0xC2,0x30,0x3F,0xC0,0x00,0x80,0x01,0x00,0x02,0x00}},
  {0x5C94, {0x00,0x00,0x09,0x00,0x11,0x80,0x20,0x40,0xFF,0xF0,0x08,0x40,0x10,0xC0,0x63,0x80,0x06,0x20,0x46,0x20,0x46,0x20,0x7F,0xE0}},
  {0x5C97, {0x00,0x00,0x06,0x00,0x46,0x20,0x7F,0xE0,0x00,0x00,0x7F,0xE0,0x50,0xA0,0x4F,0x20,0x46,0x20,0x49,0x20,0x50,0xA0,0x40,0xE0}},
  {0x5C9B, {0x00,0x00,0x04,0x00,0x3F,0xC0,0x20,0x40,0x22,0x40,0x23,0x80,0x20,0x00,0x3F,0xE0,0x08,0x20,0x49,0x20,0x7F,0x20,0x01,0xC0}},
  {0x5C9D, {0x00,0x00,0x06,0x00,0x46,0x20,0x7F,0xE0,0x20,0x00,0x3F,0xE0,0x48,0x00,0xCF,0xE0,0x08,0x00,0x0F,0xE0,0x08,0x00,0x08,0x00}},
  {0x5C9E, {0x00,0x00,0x21,0x00,0x23,0xF0,0x6B,0x00,0x6D,0x00,0x69,0xF0,0x69,0x00,0x69,0x00,0x69,0xF0,0x69,0x00,0x79,0x00,0x01,0x00}},
  {0x5CA3, {0x00,0x00,0x22,0x00,0x22,0x00,0xAF,0xE0,0xAC,0x20,0xAF,0xA0,0xAC,0xA0,0xAC,0xA0,0xAF,0xA0,0xEC,0x20,0x78,0x20,0x09,0xE0}},
  {0x5CA4, {0x00,0x00,0x20,0x80,0x27,0xF0,0x6C,0x10,0x6E,0x40,0x69,0x40,0x69,0x40,0x6B,0x40,0x6A,0x60,0x7A,0x20,0x46,0x30,0x04,0x10}},
  {0x5CA5, {0x00,0x00,0x20,0x40,0x2B,0xF0,0x6A,0x50,0x6A,0x40,0x6B,0xE0,0x6B,0x20,0x6A,0xA0,0x6A,0xC0,0x7C,0xC0,0x05,0xE0,0x07,0x10}},
  {0x5CA7, {0x00,0x00,0x46,0x20,0x7F,0xE0,0x00,0x00,0x7F,0xE0,0x18,0x20,0x33,0xC0,0xC0,0x00,0x7F,0xE0,0x40,0x20,0x40,0x20,0x7F,0xE0}},
  {0x5CA9, {0x00,0x00,0x42,0x20,0x42,0x20,0x7F,0xE0,0x00,0x00,0xFF,0xF0,0x10,0x00,0x3F,0xE0,0xE0,0x20,0x20,0x20,0x3F,0xE0,0x20,0x20}},
  {0x5CAB, {0x00,0x00,0x20,0x80,0x20,0x80,0x6F,0xE0,0x6C,0xA0,0x6C,0xA0,0x6F,0xE0,0x6C,0xA0,0x6C,0xA0,0x7C,0xA0,0x0F,0xE0,0x04,0x20}},
  {0x5CAD, {0x00,0x00,0x01,0x80,0x21,0x80,0x22,0x40,0x2F,0x20,0x6C,0x90,0x68,0x00,0x6F,0xE0,0x68,0x60,0x6A,0xC0,0x69,0x80,0x78,0xC0}},
  {0x5CB1, {0x00,0x00,0x26,0x80,0x23,0xF0,0x7E,0x00,0xA3,0x00,0x21,0xA0,0x26,0xE0,0x66,0x00,0x66,0x60,0x66,0x60,0x3F,0xE0,0x00,0x00}},
  {0x5CB2, {0x00,0x00,0x27,0xE0,0x26,0x20,0x6E,0x20,0x6E,0x20,0x6E,0x20,0x6F,0xE0,0x69,0x40,0x69,0x40,0x79,0x50,0x42,0x50,0x04,0x70}},
  {0x5CB3, {0x00,0x00,0x01,0xC0,0x3F,0x80,0x20,0x00,0x3F,0xE0,0x21,0x00,0x21,0x00,0xFF,0xF0,0x46,0x20,0x46,0x20,0x46,0x20,0x7F,0xC0}},
  {0x5CB6, {0x00,0x00,0x20,0x80,0x23,0xE0,0x6A,0x20,0x6A,0x20,0x6A,0x20,0x6B,0xE0,0x6A,0x20,0x6A,0x20,0x6A,0x20,0x7B,0xE0,0x02,0x20}},
  {0x5CB7, {0x00,0x00,0x27,0xE0,0x24,0x20,0xAC,0x20,0xAF,0xE0,0xAC,0xA0,0xAC,0x80,0xAC,0x80,0xAF,0xF0,0xED,0x80,0x7F,0x50,0x0C,0x70}},
  {0x5CB8, {0x00,0x00,0x02,0x00,0x22,0x20,0x3F,0xE0,0x00,0x00,0x7F,0xF0,0x60,0x00,0x7F,0xE0,0x43,0x00,0x7F,0xF0,0x43,0x00,0x83,0x00}},
  {0x5CB9, {0x00,0x00,0x23,0xE0,0x21,0x20,0x29,0x20,0x6B,0x20,0x6E,0xE0,0x68,0x00,0x6B,0xE0,0x6A,0x20,0x6A,0x20,0x7B,0xE0,0x02,0x20}},
  {0x5CBC, {0x00,0x00,0x23,0xF0,0x28,0x80,0x6A,0xB0,0x6A,0xA0,0x6A,0xA0,0x68,0x80,0x6F,0xF0,0x68,0x80,0x78,0x80,0x40,0x80,0x00,0x80}},
  {0x5CC0, {0x00,0x00,0x46,0x20,0x46,0x20,0x7F,0xE0,0x00,0x00,0x7F,0xE0,0x46,0x20,0x46,0x20,0x7F,0xE0,0x46,0x20,0x46,0x20,0x7F,0xE0}},
  {0x5CC1, {0x00,0x00,0x42,0x20,0x42,0x20,0x7F,0xE0,0x18,0x00,0x61,0xE0,0x49,0x20,0x49,0x20,0x49,0x20,0x79,0xE0,0x01,0x00,0x41,0x00}},
  {0x5CC2, {0x00,0x00,0x21,0x00,0x23,0xE0,0x2A,0x20,0x6D,0x40,0x69,0xC0,0x6F,0x70,0x69,0x80,0x68,0xC0,0x7A,0x00,0x41,0xC0,0x00,0x60}},
  {0x5CC3, {0x00,0x00,0x04,0x40,0x26,0x40,0x00,0x80,0x7F,0xE0,0x40,0x20,0x06,0x00,0x46,0x00,0x46,0x20,0x46,0x20,0x46,0x20,0x7F,0xE0}},
  {0x5CC5, {0x00,0x00,0x20,0x80,0x21,0x40,0x6A,0x20,0x6F,0xF0,0x69,0x00,0x69,0x40,0x6F,0xF0,0x6B,0x40,0x7A,0x40,0x46,0x40,0x04,0x40}},
  {0x5CC8, {0x00,0x00,0x21,0x00,0x23,0xE0,0x2F,0x20,0x69,0xC0,0x69,0xC0,0x6E,0x30,0x6B,0xE0,0x6A,0x20,0x6A,0x20,0x7B,0xE0,0x02,0x20}},
  {0x5CCC, {0x00,0x00,0x27,0xF0,0x29,0x00,0x69,0x40,0x6A,0x20,0x6F,0xF0,0x68,0x80,0x68,0x80,0x6F,0xF0,0x78,0x80,0x48,0x80,0x07,0xF0}},
  {0x5CCE, {0x00,0x00,0x46,0x20,0x7F,0xE0,0x00,0x00,0x7F,0xC0,0x60,0x40,0x7F,0xC0,0x60,0x40,0x7F,0xE0,0x62,0xE0,0x6D,0x80,0x70,0x70}},
  {0x5CD0, {0x00,0x00,0x20,0x80,0x27,0xF0,0xA9,0x00,0xAB,0x60,0xAA,0xC0,0xAB,0xB0,0xAB,0x20,0xAE,0x40,0xB8,0xC0,0xC3,0x20,0x06,0x10}},
  {0x5CD4, {0x00,0x00,0x21,0x00,0x23,0xD0,0x29,0x20,0x29,0x60,0x2F,0xF0,0x29,0x80,0x2E,0x20,0x2B,0xC0,0x3B,0x10,0x42,0x20,0x01,0xE0}},
  {0x5CD8, {0x00,0x00,0x27,0xF0,0x28,0x00,0xAB,0xE0,0xAA,0x20,0xAA,0x20,0xAB,0xE0,0xAA,0x20,0xAA,0x20,0xBB,0xE0,0xC8,0x00,0x07,0xF0}},
  {0x5CE0, {0x00,0x00,0x21,0x00,0x21,0xE0,0x29,0x00,0x29,0x00,0x2F,0xF0,0x28,0x00,0x2F,0xF0,0x29,0x80,0x29,0xE0,0x79,0x00,0x01,0x00}},
  {0x5CE5, {0x00,0x00,0x22,0x00,0x23,0xC0,0xB4,0x80,0xBF,0xE0,0xB1,0x20,0xBF,0xF0,0xB1,0x20,0xB7,0xE0,0xB1,0x00,0x71,0x00,0x13,0x00}},
  {0x5CE6, {0x00,0x00,0x04,0x00,0xFF,0xF0,0x09,0x00,0x29,0x40,0x49,0x20,0x09,0x00,0x46,0x20,0x46,0x20,0x46,0x20,0x7F,0xE0,0x00,0x00}},
  {0x5CEE, {0x00,0x00,0x27,0xE0,0x21,0x20,0x29,0x20,0x2F,0xF0,0x29,0x20,0x2F,0xE0,0x2A,0x00,0x2B,0xE0,0x2E,0x20,0x3E,0x20,0x43,0xE0}},
  {0x5CF0, {0x00,0x00,0x22,0x00,0x23,0xE0,0xAE,0x40,0xA9,0xC0,0xAC,0xB0,0xAF,0xE0,0xA8,0x80,0xAF,0xE0,0xE8,0x80,0x7F,0xF0,0x08,0x00}},
  {0x5CF1, {0x00,0x00,0x57,0xE0,0x61,0x20,0x63,0x20,0xE7,0xE0,0x32,0x20,0x3F,0xF0,0x50,0x00,0x11,0x20,0x1D,0x20,0x3D,0x20,0x6F,0xE0}},
  {0x5CF5, {0x00,0x00,0x20,0x80,0x27,0xF0,0x2D,0x10,0x21,0x00,0x2F,0xF0,0x22,0x00,0x22,0x80,0x22,0x80,0x7D,0x20,0x09,0x60,0x0B,0x80}},
  {0x5CFA, {0x00,0x00,0x27,0xF0,0x20,0x80,0x37,0xE0,0x34,0xA0,0x37,0xE0,0x34,0xA0,0x37,0xE0,0x37,0x00,0x73,0x00,0x07,0xC0,0x0C,0x30}},
  {0x5CFB, {0x00,0x00,0x21,0x00,0x23,0x40,0x32,0x60,0x37,0xF0,0x32,0x40,0x3D,0x30,0x33,0xE0,0x36,0x40,0x7D,0xC0,0x71,0xC0,0x0E,0x30}},
  {0x5CFC, {0x00,0x00,0x20,0x80,0x27,0xE0,0x2C,0x80,0x28,0x80,0x2F,0xF0,0x20,0x00,0x27,0xE0,0x24,0x20,0x74,0x20,0x47,0xE0,0x04,0x20}},
  {0x5D00, {0x00,0x00,0x06,0x20,0x7F,0xE0,0x04,0x00,0x7F,0xC0,0x60,0x40,0x7F,0xC0,0x60,0x40,0x7F,0xE0,0x62,0xE0,0x7D,0x80,0x60,0x70}},
  {0x5D03, {0x00,0x00,0x20,0x80,0x27,0xE0,0x34,0xA0,0x36,0xE0,0x33,0xC0,0x3F,0xE0,0x33,0xC0,0x32,0xC0,0x34,0xA0,0x78,0x90,0x00,0x80}},
  {0x5D05, {0x00,0x00,0x22,0x00,0x23,0xC0,0x34,0x40,0x3F,0xE0,0x34,0xA0,0x34,0xA0,0x37,0xE0,0x34,0xA0,0x77,0xE0,0x0C,0xA0,0x08,0xE0}},
  {0x5D06, {0x00,0x00,0x20,0x80,0x27,0xF0,0x6C,0x30,0x69,0x40,0x6A,0x20,0x6C,0x10,0x6F,0xE0,0x68,0x80,0x68,0x80,0x78,0x80,0x0F,0xF0}},
  {0x5D07, {0x00,0x00,0x06,0x00,0x7F,0xE0,0x06,0x00,0x7F,0xE0,0x40,0x20,0x3F,0xC0,0x00,0x00,0xFF,0xF0,0x12,0x80,0x62,0x60,0x4C,0x20}},
  {0x5D08, {0x00,0x00,0x04,0x00,0x7F,0xE0,0x40,0x20,0x3F,0xC0,0x00,0x00,0xFF,0xF0,0x32,0xC0,0xCC,0x60,0x02,0x00,0x46,0x20,0x7F,0xE0}},
  {0x5D0F, {0x00,0x00,0x20,0xE0,0x27,0x80,0x24,0x80,0x27,0xF0,0x24,0xD0,0x2E,0x70,0x27,0xE0,0x24,0x20,0x77,0xE0,0x04,0x20,0x07,0xE0}},
  {0x5D10, {0x00,0x00,0x27,0xE0,0x24,0x20,0x37,0xE0,0x34,0x20,0x37,0xE0,0x34,0x00,0x34,0xA0,0x37,0xE0,0x74,0x90,0x07,0x90,0x04,0xE0}},
  {0x5D12, {0x00,0x00,0x06,0x20,0x7F,0xE0,0x06,0x00,0x7F,0xE0,0x10,0x80,0x31,0xC0,0x6B,0x60,0x06,0x00,0xFF,0xF0,0x06,0x00,0x06,0x00}},
  {0x5D14, {0x00,0x00,0x42,0x20,0x42,0x20,0x7F,0xE0,0x12,0x00,0x3F,0xE0,0x22,0x00,0x7F,0xE0,0xA2,0x00,0x3F,0xE0,0x22,0x00,0x1F,0xF0}},
  {0x5D16, {0x62,0x20,0x3F,0xE0,0x00,0x00,0x7F,0xF0,0x42,0x00,0x5F,0xE0,0x42,0x00,0x7F,0xE0,0x42,0x00,0x5F,0xE0,0x42,0x00,0xBF,0xF0}},
  {0x5D18, {0x00,0x00,0x21,0x80,0x21,0xC0,0x22,0x60,0x2F,0xF0,0x28,0x00,0x27,0xE0,0x25,0x40,0x27,0xE0,0x75,0x40,0x45,0x60,0x04,0x60}},
  {0x5D1A, {0x00,0x00,0x20,0x80,0x27,0xE0,0x30,0x80,0x3F,0xF0,0x32,0x40,0x3D,0x30,0x33,0xE0,0x37,0x40,0x71,0xC0,0x03,0xE0,0x0E,0x30}},
  {0x5D1D, {0x00,0x00,0x20,0x80,0x27,0xF0,0x30,0x80,0x3F,0xF0,0x37,0xE0,0x34,0x20,0x37,0xE0,0x34,0x20,0x77,0xE0,0x04,0x20,0x04,0xE0}},
  {0x5D1E, {0x00,0x00,0x20,0x80,0x27,0xF0,0xAA,0x20,0xAB,0xE0,0xA8,0x00,0xAB,0xE0,0xA8,0xC0,0xAF,0xF0,0xF8,0x80,0x48,0x80,0x0B,0x00}},
  {0x5D27, {0x00,0x00,0x46,0x20,0x7F,0xE0,0x20,0x20,0x22,0x40,0xFE,0x40,0x2C,0x20,0x71,0x30,0x69,0x40,0xE2,0x40,0xA6,0x60,0x27,0xE0}},
  {0x5D29, {0x00,0x00,0x42,0x20,0x7F,0xE0,0x00,0x00,0x7D,0xE0,0x45,0x20,0x7D,0xE0,0x45,0x20,0x7D,0xE0,0x46,0x20,0x4E,0x20,0x9A,0xE0}},
  {0x5D2A, {0x00,0x00,0x20,0x80,0x27,0xF0,0x2A,0x40,0x2A,0x40,0x2D,0xE0,0x2C,0x80,0x28,0x80,0x2F,0xF0,0x78,0x80,0x00,0x80,0x00,0x80}},
  {0x5D2B, {0x00,0x00,0x02,0x00,0x3F,0xE0,0x00,0x00,0x3F,0xE0,0x20,0x20,0x3F,0xE0,0x60,0x00,0x5F,0xE0,0x41,0x20,0x51,0x20,0x1F,0xE0}},
  {0x5D2D, {0x00,0x00,0x06,0x20,0x7F,0xE0,0x20,0x00,0xFF,0xE0,0x72,0x00,0x52,0x00,0x7F,0xF0,0x12,0x40,0x3E,0x40,0xF2,0x40,0x14,0x40}},
  {0x5D31, {0x00,0x00,0x02,0x00,0x42,0x20,0x7F,0xE0,0x00,0x20,0x7C,0x20,0x44,0xA0,0x7C,0xA0,0x44,0xA0,0x7C,0xA0,0x24,0x20,0x44,0xE0}},
  {0x5D34, {0x00,0x00,0x42,0x20,0x7F,0xE0,0x00,0xE0,0x7F,0xE0,0x40,0xA0,0x7E,0xA0,0x48,0xC0,0x7E,0xC0,0x52,0xD0,0x4D,0x70,0x9A,0x20}},
  {0x5D37, {0x00,0x00,0x22,0x40,0x2F,0xF0,0x21,0x40,0x21,0x40,0x27,0xE0,0x25,0x60,0x26,0x60,0x24,0x20,0x77,0xE0,0x04,0x20,0x07,0xE0}},
  {0x5D3D, {0x00,0x00,0x42,0x20,0x7F,0xE0,0x00,0x00,0x3F,0xC0,0x26,0x40,0x3F,0xC0,0x26,0x40,0x3F,0xC0,0x56,0x20,0x50,0xB0,0x9F,0x80}},
  {0x5D42, {0x00,0x00,0x42,0x20,0x7F,0xE0,0x21,0x00,0x2F,0xE0,0x41,0x20,0xBF,0xF0,0x21,0x20,0xEF,0xE0,0x21,0x00,0x2F,0xE0,0x21,0x00}},
  {0x5D4F, {0x00,0x00,0x46,0x20,0x7F,0xE0,0x19,0x80,0x6F,0x40,0x79,0xC0,0x7F,0xC0,0x28,0x40,0x5F,0xB0,0x39,0x00,0x0F,0x00,0x70,0xE0}},
  {0x5D55, {0x00,0x00,0x23,0x40,0x25,0x90,0x36,0x70,0x37,0xF0,0x32,0x60,0x3E,0x30,0x33,0xE0,0x36,0x40,0x71,0xC0,0x03,0xC0,0x0E,0x30}},
  {0x5D56, {0x00,0x00,0x20,0x80,0x27,0xF0,0x23,0xC0,0x2C,0xB0,0x27,0xE0,0x24,0x20,0x27,0xE0,0x24,0x20,0x77,0xE0,0x00,0x20,0x07,0xF0}},
  {0x5D58, {0x00,0x00,0x22,0x40,0x27,0xF0,0x6A,0x40,0x6F,0xF0,0x6C,0x90,0x68,0x80,0x6F,0xF0,0x69,0xC0,0x6A,0xA0,0x7C,0x90,0x00,0x80}},
  {0x5D5D, {0x00,0x00,0x24,0xA0,0x22,0xC0,0x2F,0xF0,0x2F,0xE0,0x28,0x80,0x29,0x00,0x2F,0xF0,0x2A,0x40,0x3B,0x80,0x79,0xC0,0x06,0x20}},
  {0x5D5F, {0x00,0x00,0x02,0x20,0x3F,0xE0,0x7F,0xF0,0x49,0x00,0x5F,0xE0,0x71,0x00,0x7F,0xE0,0x51,0x00,0x5F,0xE0,0x51,0x00,0x9F,0xE0}},
  {0x5D61, {0x00,0x00,0x46,0x20,0x7F,0xE0,0x19,0x80,0x7D,0x60,0x5F,0x80,0x00,0x00,0x7F,0xE0,0x65,0x20,0x3C,0xA0,0x7F,0xA0,0x38,0xE0}},
  {0x5D62, {0x00,0x00,0x21,0x80,0x22,0x60,0x3F,0xF0,0x34,0x20,0x37,0xE0,0x34,0x20,0x37,0xE0,0x34,0x00,0x7F,0xE0,0x0A,0x20,0x0B,0xE0}},
  {0x5D63, {0x00,0x00,0x20,0x80,0x27,0xF0,0x34,0x80,0x37,0xE0,0x37,0xF0,0x34,0xA0,0x37,0xE0,0x34,0x80,0x7B,0xE0,0x0A,0x20,0x0B,0xE0}},
  {0x5D66, {0x00,0x00,0x20,0x80,0x24,0xA0,0x27,0xE0,0x20,0x00,0x2F,0xF0,0x20,0x00,0x27,0xE0,0x24,0x20,0x77,0xE0,0x02,0x40,0x07,0xF0}},
  {0x5D67, {0x00,0x00,0x23,0xF0,0x24,0x50,0x25,0x50,0x37,0x90,0x3D,0xE0,0x30,0x00,0x37,0xE0,0x34,0xA0,0x77,0xE0,0x04,0xA0,0x07,0xE0}},
  {0x5D69, {0x00,0x00,0x46,0x20,0x7F,0xC0,0x04,0x00,0x7F,0xE0,0x20,0x40,0x7F,0xE0,0x40,0x20,0x5F,0xA0,0x50,0xA0,0x5F,0xA0,0x40,0xE0}},
  {0x5D6D, {0x00,0x00,0x20,0x80,0x27,0xE0,0x32,0x40,0x31,0x40,0x3F,0xF0,0x30,0x90,0x3F,0xF0,0x32,0x00,0x73,0xE0,0x06,0x20,0x0C,0xE0}},
  {0x5D6F, {0x00,0x00,0x22,0x20,0x21,0x40,0x2F,0xF0,0x21,0x00,0x27,0xE0,0x21,0x00,0x2F,0xF0,0x32,0x00,0x77,0xE0,0x0C,0x80,0x0F,0xF0}},
  {0x5D72, {0x00,0x00,0x21,0x00,0x27,0xE0,0x24,0x20,0x27,0xE0,0x24,0x20,0x27,0xE0,0x20,0x00,0x2F,0xF0,0x73,0xC0,0x46,0xA0,0x08,0x80}},
  {0x5D73, {0x00,0x00,0x46,0x20,0x7F,0xE0,0x19,0x80,0x7F,0xE0,0x04,0x00,0x7F,0xC0,0x08,0x00,0x7F,0xE0,0x3F,0xC0,0x42,0x00,0x3F,0xE0}},
  {0x5D76, {0x00,0x00,0x27,0xE0,0x21,0x20,0x31,0x20,0x37,0xE0,0x3C,0x80,0x3F,0xF0,0x35,0x90,0x31,0x20,0x7F,0xE0,0x01,0x20,0x06,0x60}},
  {0x5D77, {0x00,0x00,0x22,0xA0,0x24,0xA0,0x3D,0xE0,0x37,0x70,0x34,0x00,0x3C,0x40,0x35,0x70,0x35,0x40,0x75,0x40,0x07,0xC0,0x06,0xF0}},
  {0x5D78, {0x00,0x00,0x44,0x20,0x7F,0xE0,0x14,0x40,0x24,0xC0,0x4E,0xE0,0x38,0x20,0x61,0x00,0xE9,0xE0,0x2D,0x00,0x2D,0x00,0x33,0xF0}},
  {0x5D7B, {0x00,0x00,0x20,0x80,0x27,0xF0,0x34,0x80,0x37,0xE0,0x34,0xA0,0x37,0xF0,0x3E,0x80,0x3E,0xE0,0x7F,0xE0,0x0E,0xB0,0x09,0x80}},
  {0x5D7D, {0x00,0x00,0x21,0xA0,0x27,0xF0,0x35,0xB0,0x35,0xB0,0x30,0x00,0x3F,0xF0,0x38,0x90,0x37,0xE0,0x34,0xA0,0x44,0xE0,0x00,0x80}},
  {0x5D7F, {0x00,0x00,0x46,0x20,0x7F,0xE0,0x00,0x00,0xFF,0xF0,0x21,0x00,0x27,0xE0,0x27,0xE0,0x27,0xE0,0x24,0x20,0x27,0xE0,0xE8,0x20}},
  {0x5D82, {0x00,0x00,0x21,0x00,0x27,0xE0,0x32,0x40,0x3F,0xF0,0x34,0x20,0x37,0xE0,0x34,0x20,0x37,0xE0,0x34,0x80,0x7F,0xF0,0x00,0x00}},
  {0x5D86, {0x00,0x00,0x21,0x40,0x2F,0xF0,0x21,0x40,0x37,0xE0,0x35,0x40,0x37,0xE0,0x37,0xE0,0x34,0x20,0x77,0xE0,0x04,0x20,0x07,0xE0}},
  {0x5D88, {0x00,0x00,0x46,0x20,0x7F,0xE0,0x00,0x00,0x53,0xE0,0x5D,0x60,0x73,0x80,0x16,0x40,0xFF,0xF0,0x52,0x40,0x50,0x40,0x11,0xC0}},
  {0x5D89, {0x00,0x00,0x46,0x20,0x7F,0xE0,0x02,0x80,0x77,0xF0,0x5C,0x80,0x5F,0xF0,0x54,0x80,0x57,0xE0,0x74,0x80,0x07,0xF0,0x04,0x00}},
  {0x5D8A, {0x00,0x00,0x46,0x20,0x7F,0xE0,0x22,0x80,0xF7,0xE0,0x2C,0x80,0x2F,0xE0,0x74,0x80,0x27,0xE0,0x24,0x80,0x27,0xF0,0xE4,0x00}},
  {0x5D8B, {0x00,0x00,0x21,0x00,0x27,0xE0,0x24,0x20,0x2F,0xE0,0x2C,0x00,0x2F,0xF0,0x2C,0x00,0x2F,0xF0,0x3C,0x50,0x4E,0xB0,0x00,0xE0}},
  {0x5D8F, {0x00,0x00,0x02,0x20,0x7F,0xE0,0x00,0x00,0x7F,0xF0,0x5E,0xE0,0x4C,0x20,0x7F,0xE0,0x77,0x00,0x7F,0x10,0xE2,0x90,0xBE,0xE0}},
  {0x5D90, {0x00,0x00,0x46,0x20,0x7F,0xE0,0x06,0x00,0x7F,0xE0,0x4F,0xC0,0x77,0xC0,0x75,0x00,0x5F,0xE0,0x4F,0xE0,0x41,0x00,0x4F,0xF0}},
  {0x5D92, {0x00,0x00,0x22,0x40,0x27,0xE0,0x36,0xE0,0x35,0xE0,0x37,0xE0,0x34,0x00,0x37,0xE0,0x34,0x20,0x77,0xE0,0x04,0x20,0x07,0xE0}},
  {0x5D98, {0x00,0x00,0x46,0x20,0x7F,0xE0,0x02,0x80,0x23,0xE0,0xFF,0xC0,0x23,0x90,0x7A,0x60,0x63,0xE0,0xA7,0x40,0x23,0x90,0x24,0x60}},
  {0x5D9D, {0x00,0x00,0x27,0xA0,0x26,0xD0,0x36,0x60,0x37,0xE0,0x38,0x10,0x37,0xE0,0x34,0x20,0x37,0xE0,0x72,0x40,0x32,0xC0,0x0F,0xF0}},
  {0x5D9F, {0x00,0x00,0x22,0x40,0x27,0xF0,0x31,0x40,0x37,0xE0,0x36,0x60,0x37,0xE0,0x34,0x00,0x37,0xE0,0x3F,0xF0,0x42,0x40,0x01,0xC0}},
  {0x5DA6, {0x00,0x00,0x22,0x00,0x27,0xE0,0x3F,0xF0,0x36,0xA0,0x37,0xF0,0x34,0x00,0x3F,0xE0,0x38,0x00,0x7B,0xF0,0x0A,0x10,0x03,0xF0}},
  {0x5DA9, {0x00,0x00,0x21,0x40,0x27,0xE0,0x25,0x40,0x36,0xA0,0x37,0xE0,0x34,0x00,0x37,0xE0,0x34,0x00,0x7F,0xF0,0x0A,0xE0,0x0B,0x30}},
  {0x5DAD, {0x00,0x00,0x46,0x20,0x7F,0xE0,0x20,0x80,0x7B,0xE0,0x48,0x20,0x79,0x40,0x4F,0xF0,0x78,0x80,0x4B,0xE0,0x78,0x80,0x48,0x80}},
  {0x5DB5, {0x00,0x00,0x27,0xF0,0x25,0x50,0x37,0xF0,0x30,0x00,0x3F,0x70,0x31,0x40,0x37,0x70,0x31,0x40,0x7F,0x70,0x01,0x40,0x01,0x40}},
  {0x5DC3, {0x00,0x00,0x46,0x20,0x7F,0xE0,0x13,0xF0,0x7E,0x00,0x4B,0xE0,0xFC,0x20,0x7F,0xE0,0x46,0x00,0x7F,0xF0,0x46,0x10,0x59,0xE0}},
  {0x5DC4, {0x00,0x00,0x22,0x80,0x2F,0xF0,0x35,0x80,0x3F,0xF0,0x37,0x80,0x35,0xE0,0x37,0x80,0x35,0xE0,0x77,0xF0,0x05,0x90,0x07,0xF0}},
  {0x5DC7, {0x00,0x00,0x22,0x40,0x23,0xE0,0x22,0x50,0x3F,0x70,0x3D,0x50,0x3F,0xC0,0x38,0x60,0x3F,0xE0,0x7B,0x70,0x1B,0xB0,0x0E,0x30}},
  {0x5DCE, {0x00,0x00,0x2F,0xF0,0x21,0x70,0x3F,0xD0,0x3D,0xE0,0x3D,0xD0,0x3F,0xB0,0x36,0x60,0x33,0xE0,0x76,0x40,0x01,0x80,0x0C,0x70}},
  {0x5DD0, {0x00,0x00,0x46,0x20,0x7F,0xE0,0x13,0xE0,0xFE,0x20,0x7F,0xE0,0x46,0x20,0x7F,0xE0,0x05,0xA0,0x3F,0xF0,0x05,0x20,0x1E,0x20}},
  {0x5DD1, {0x00,0x00,0x26,0xC0,0x27,0xE0,0x22,0x40,0x3F,0xF0,0x37,0xF0,0x34,0x20,0x37,0xE0,0x34,0x20,0x77,0xE0,0x06,0x60,0x0C,0x30}},
  {0x5DD5, {0x00,0x00,0x22,0x40,0x2F,0xF0,0x32,0x40,0x37,0xF0,0x35,0x60,0x36,0xF0,0x37,0xF0,0x31,0x00,0x7F,0xF0,0x03,0xC0,0x0F,0x60}},
  {0x5DDB, {0x00,0x00,0x00,0x00,0x12,0x20,0x32,0x40,0x24,0x40,0x64,0x80,0x48,0x80,0x4C,0x80,0x24,0x40,0x26,0x40,0x12,0x60,0x13,0x20}},
  {0x5DDC, {0x00,0x00,0x08,0x40,0x08,0x80,0x10,0x80,0x11,0x00,0x21,0x00,0x23,0x00,0x31,0x00,0x11,0x80,0x18,0x80,0x08,0xC0,0x08,0x40}},
  {0x5DDD, {0x00,0x00,0x20,0x20,0x22,0x20,0x22,0x20,0x22,0x20,0x22,0x20,0x22,0x20,0x22,0x20,0x22,0x20,0x62,0x20,0x42,0x20,0x80,0x20}},
  {0x5DE2, {0x00,0x00,0x26,0x40,0x26,0x60,0x7F,0xE0,0x46,0x20,0x7F,0xE0,0x46,0x20,0x7F,0xE0,0x06,0x00,0xFF,0xF0,0x37,0xC0,0x46,0x20}},
  {0x5DE3, {0x00,0x00,0x24,0x40,0x22,0xC0,0x7F,0xE0,0x46,0x20,0x7F,0xE0,0x46,0x20,0x7F,0xE0,0x06,0x00,0xFF,0xF0,0x3F,0xC0,0x46,0x20}},
  {0x5DE5, {0x00,0x00,0x7F,0xE0,0x06,0x00,0x06,0x00,0x06,0x00,0x06,0x00,0x06,0x00,0x06,0x00,0x06,0x00,0x06,0x00,0x06,0x00,0xFF,0xF0}},
  {0x5DE7, {0x00,0x00,0x07,0xF0,0xFA,0x00,0x22,0x00,0x22,0x00,0x23,0xE0,0x20,0x20,0x20,0x20,0x20,0x20,0x38,0x20,0xE0,0x20,0x03,0xC0}},
  {0x5DE8, {0x00,0x00,0x7F,0xF0,0x40,0x00,0x40,0x00,0x7F,0xC0,0x40,0x40,0x40,0x40,0x7F,0xC0,0x40,0x40,0x40,0x00,0x40,0x00,0x7F,0xF0}},
  {0x5DEC, {0x00,0x00,0xFB,0xC0,0x22,0x40,0x24,0x50,0xFC,0x70,0x04,0x00,0x7F,0xE0,0x04,0x00,0xFF,0xF0,0x0F,0x00,0x39,0xC0,0xE0,0x70}},
  {0x5DEE, {0x00,0x00,0x10,0x80,0x7F,0xE0,0x04,0x00,0x7F,0xE0,0x08,0x00,0xFF,0xF0,0x10,0x00,0x3F,0xE0,0x42,0x00,0x82,0x00,0x3F,0xF0}},
  {0x5DF1, {0x00,0x00,0x7F,0xE0,0x00,0x60,0x00,0x60,0x00,0x60,0x7F,0xE0,0x60,0x60,0x60,0x00,0x60,0x00,0x60,0x10,0x20,0x30,0x3F,0xE0}},
  {0x5DF2, {0x00,0x00,0x7F,0xC0,0x00,0x40,0x40,0x40,0x40,0x40,0x7F,0xC0,0x40,0x40,0x40,0x00,0x40,0x10,0x40,0x30,0x60,0x20,0x3F,0xE0}},
  {0x5DF4, {0x00,0x00,0x7F,0xE0,0x46,0x20,0x46,0x20,0x46,0x20,0x7F,0xE0,0x40,0x20,0x40,0x00,0x40,0x00,0x40,0x10,0x60,0x30,0x3F,0xE0}},
  {0x5DF6, {0x00,0x00,0x7F,0xE0,0x26,0x20,0x26,0x20,0x26,0x20,0x46,0x20,0xDB,0xE0,0x02,0x00,0x7E,0x00,0x46,0x10,0x47,0x10,0x7D,0xE0}},
  {0x5DF7, {0x00,0x00,0x10,0x80,0x7F,0xE0,0x10,0x80,0xFF,0xF0,0x10,0x80,0x3F,0xC0,0xE0,0xB0,0x3F,0x80,0x20,0x20,0x30,0x60,0x1F,0xC0}},
  {0x5DFB, {0x00,0x00,0x24,0x40,0x34,0x80,0x7F,0xE0,0x08,0x00,0xFF,0xF0,0x30,0x80,0x7F,0xE0,0xC0,0x80,0x3F,0x80,0x20,0x60,0x1F,0xC0}},
  {0x5E02, {0x00,0x00,0x04,0x00,0x06,0x00,0xFF,0xF0,0x06,0x00,0x7F,0xE0,0x46,0x20,0x46,0x20,0x46,0x20,0x46,0x20,0x47,0xC0,0x06,0x00}},
  {0x5E03, {0x00,0x00,0x04,0x00,0x08,0x00,0xFF,0xF0,0x10,0x00,0x32,0x00,0x3F,0xE0,0x72,0x20,0xB2,0x20,0x32,0x20,0x32,0xC0,0x02,0x00}},
  {0x5E04, {0x00,0x00,0x27,0xF0,0x20,0x80,0x78,0x80,0x68,0x80,0x68,0x80,0x68,0x80,0x68,0x80,0x78,0x80,0x30,0x80,0x20,0x80,0x23,0x80}},
  {0x5E05, {0x00,0x00,0x10,0x80,0x50,0x80,0x57,0xE0,0x54,0xA0,0x54,0xA0,0x54,0xA0,0x54,0xA0,0x54,0xA0,0x34,0xE0,0x20,0x80,0x40,0x80}},
  {0x5E06, {0x00,0x00,0x23,0xC0,0x22,0x40,0x7A,0x40,0x6B,0x40,0x6B,0x40,0x6A,0xC0,0x6A,0x40,0x6A,0x50,0x7C,0x50,0x24,0x50,0x24,0x60}},
  {0x5E08, {0x00,0x00,0x10,0x00,0x57,0xF0,0x50,0x80,0x57,0xE0,0x54,0xA0,0x54,0xA0,0x54,0xA0,0x54,0xA0,0x24,0xA0,0x24,0xE0,0x40,0x80}},
  {0x5E0A, {0x00,0x00,0x27,0xE0,0x7C,0xA0,0x2C,0xA0,0x2C,0xA0,0x2C,0xA0,0x2F,0xE0,0x2C,0x00,0x2C,0x00,0x34,0x10,0x24,0x30,0x23,0xE0}},
  {0x5E10, {0x00,0x00,0x22,0x20,0x22,0x40,0x7A,0x80,0x6A,0x00,0x6A,0x00,0x6F,0xF0,0x6A,0x80,0x7A,0xC0,0x22,0xC0,0x23,0x30,0x22,0x00}},
  {0x5E12, {0x00,0x00,0x14,0x80,0x22,0x40,0x6F,0xE0,0xA3,0x00,0x21,0xA0,0x06,0x40,0x7F,0xE0,0x46,0x20,0x46,0x20,0x46,0x20,0x06,0xC0}},
  {0x5E14, {0x00,0x00,0x20,0x80,0x20,0x80,0x7F,0xF0,0x6C,0x90,0x6C,0x80,0x6F,0xE0,0x6D,0x20,0x6D,0x60,0x74,0xC0,0x2D,0xC0,0x2A,0x30}},
  {0x5E15, {0x00,0x00,0x20,0x80,0x20,0x80,0xFB,0xE0,0xEA,0x20,0xEA,0x20,0xEB,0xE0,0xEA,0x20,0xEA,0x20,0xFA,0x20,0x23,0xE0,0x22,0x20}},
  {0x5E16, {0x00,0x00,0x20,0x80,0x20,0x80,0x78,0xF0,0x68,0x80,0x68,0x80,0x6B,0xE0,0x6A,0x20,0x6A,0x20,0x7A,0x20,0x23,0xE0,0x22,0x20}},
  {0x5E1D, {0x00,0x00,0x04,0x00,0x7F,0xE0,0x10,0x80,0x19,0x80,0x7F,0xF0,0x46,0x30,0x3F,0xC0,0x26,0x40,0x26,0x40,0x26,0xC0,0x06,0x00}},
  {0x5E22, {0x00,0x00,0x20,0x80,0x21,0xC0,0x7B,0x60,0x2E,0x30,0x2B,0xE0,0x28,0x00,0x2B,0xE0,0x2A,0x20,0x22,0x20,0x23,0xE0,0x22,0x20}},
  {0x5E26, {0x00,0x00,0x16,0x80,0xFF,0xF0,0x16,0x80,0x00,0x00,0x7F,0xE0,0x46,0x20,0x3F,0xC0,0x26,0x40,0x26,0x40,0x27,0xC0,0x06,0x00}},
  {0x5E27, {0x00,0x00,0x20,0x80,0x20,0xF0,0x78,0x80,0x6F,0xE0,0x6E,0xA0,0x6E,0xA0,0x6E,0xA0,0x7E,0xA0,0x21,0x80,0x22,0x60,0x24,0x30}},
  {0x5E28, {0x00,0x00,0x22,0x40,0x20,0x40,0x7F,0xE0,0x2C,0x20,0x2C,0x20,0x2C,0x20,0x2F,0xE0,0x29,0x80,0x32,0x80,0x22,0xD0,0x24,0x60}},
  {0x5E2A, {0x00,0x00,0x27,0xF0,0x24,0x00,0x7C,0x00,0x2F,0xE0,0x2C,0x00,0x2F,0xF0,0x2D,0x00,0x3D,0x60,0x35,0x40,0x2D,0xB0,0x29,0x10}},
  {0x5E2D, {0x00,0x00,0x02,0x00,0x7F,0xF0,0x48,0xC0,0x7F,0xF0,0x48,0xC0,0x4F,0xC0,0x42,0x00,0x5F,0xE0,0x52,0x20,0xD2,0x20,0x82,0xC0}},
  {0x5E2E, {0x00,0x00,0x10,0x00,0x7D,0xE0,0x11,0x60,0x7D,0x60,0x11,0x20,0xFD,0xE0,0x22,0x00,0x7F,0xC0,0x22,0x40,0x23,0xC0,0x02,0x00}},
  {0x5E34, {0x00,0x00,0x22,0x00,0x23,0xE0,0x7F,0x40,0x29,0xC0,0x2F,0x90,0x28,0x60,0x2A,0xE0,0x2F,0xA0,0x31,0x60,0x23,0x90,0x24,0x60}},
  {0x5E38, {0x00,0x00,0x36,0xC0,0x7F,0xE0,0x40,0x20,0x3F,0xC0,0x20,0x40,0x3F,0xC0,0x06,0x00,0x7F,0xE0,0x46,0x20,0x46,0xE0,0x06,0x00}},
  {0x5E3B, {0x00,0x00,0x20,0x80,0x27,0xE0,0x78,0x80,0x68,0x80,0x6F,0xE0,0x6F,0xF0,0x6F,0xE0,0x74,0x20,0x24,0xA0,0x21,0xA0,0x26,0x60}},
  {0x5E3D, {0x00,0x00,0x27,0xE0,0x7C,0x20,0x2F,0xE0,0x2C,0x20,0x2F,0xE0,0x28,0x00,0x2F,0xE0,0x2C,0x20,0x37,0xE0,0x24,0x20,0x03,0xC0}},
  {0x5E3E, {0x00,0x00,0x21,0x00,0x23,0xE0,0x79,0x20,0x69,0x40,0x6F,0xF0,0x69,0x80,0x6B,0xE0,0x6E,0x20,0x7B,0xE0,0x22,0x20,0x23,0xE0}},
  {0x5E3F, {0x00,0x00,0x23,0xE0,0x22,0x20,0x77,0xF0,0x3C,0x00,0x3D,0xE0,0x35,0x40,0x34,0x40,0x37,0xF0,0x34,0xC0,0x25,0xA0,0x27,0x10}},
  {0x5E42, {0x00,0x00,0xFF,0xE0,0xC0,0x20,0x3F,0xC0,0x20,0x40,0x3F,0xC0,0x08,0x00,0xFF,0xF0,0x20,0x40,0xFF,0xF0,0x24,0x40,0x05,0xC0}},
  {0x5E44, {0x00,0x00,0x20,0x00,0x27,0xE0,0x24,0x20,0x7F,0xE0,0x2C,0x00,0x2C,0x00,0x2F,0xE0,0x2F,0xE0,0x3C,0x80,0x27,0xE0,0x28,0x80}},
  {0x5E45, {0x00,0x00,0x27,0xF0,0x20,0x00,0x7B,0xE0,0x2A,0x20,0x2B,0xE0,0x28,0x00,0x2F,0xF0,0x2C,0x90,0x37,0xF0,0x24,0x90,0x03,0xE0}},
  {0x5E49, {0x00,0x00,0x21,0x20,0x27,0xF0,0x79,0x20,0x29,0xE0,0x28,0x00,0x2B,0xE0,0x28,0x80,0x2F,0xF0,0x33,0xC0,0x26,0xB0,0x20,0x80}},
  {0x5E4B, {0x00,0x00,0x11,0xC0,0x7E,0x20,0x56,0x20,0xFF,0xE0,0x57,0x60,0x55,0xC0,0x9F,0x70,0x00,0x00,0x7F,0xE0,0x46,0x20,0x46,0xE0}},
  {0x5E4D, {0x00,0x00,0x27,0xF0,0x20,0x80,0x7C,0xA0,0x2A,0xA0,0x2B,0x00,0x2E,0x60,0x2C,0x20,0x2F,0x60,0x34,0x20,0x24,0x20,0x27,0xE0}},
  {0x5E50, {0x00,0x00,0x75,0x20,0x55,0x40,0x57,0xE0,0x71,0x00,0x5F,0xF0,0x56,0x40,0x7D,0x30,0x57,0xE0,0x55,0x20,0x95,0xE0,0xB1,0x00}},
  {0x5E54, {0x00,0x00,0x27,0xE0,0x24,0x20,0x77,0xE0,0x34,0x20,0x3F,0xF0,0x3D,0x50,0x3D,0x50,0x37,0xE0,0x32,0x40,0x21,0xC0,0x26,0x70}},
  {0x5E55, {0x09,0x00,0xFF,0xF0,0x09,0x00,0x3F,0xC0,0x20,0x40,0x3F,0xC0,0x20,0x40,0x7F,0xE0,0x24,0x40,0xBF,0xD0,0x24,0x40,0x21,0x80}},
  {0x5E56, {0x00,0x00,0x27,0xF0,0x21,0x40,0x77,0xF0,0x25,0x50,0x27,0xF0,0x27,0xE0,0x20,0x00,0x37,0xF0,0x22,0x80,0x24,0xB0,0x23,0x80}},
  {0x5E5B, {0x00,0x00,0x21,0x00,0x27,0xE0,0x72,0x40,0x3F,0xF0,0x34,0x20,0x37,0xE0,0x34,0x20,0x37,0xE0,0x30,0x80,0x2F,0xF0,0x00,0x00}},
  {0x5E61, {0x00,0x00,0x27,0xE0,0x24,0x80,0x72,0xA0,0x3F,0xF0,0x33,0xC0,0x3C,0xB0,0x37,0xE0,0x34,0xA0,0x37,0xE0,0x24,0xA0,0x03,0xC0}},
  {0x5E62, {0x00,0x00,0x21,0x00,0x27,0xE0,0x72,0x40,0x3F,0xF0,0x34,0x20,0x37,0xE0,0x34,0x20,0x37,0xE0,0x30,0x00,0x27,0xE0,0x20,0x00}},
  {0x5E6A, {0x00,0x00,0x22,0x40,0x27,0xF0,0x70,0x00,0x3F,0xF0,0x38,0x00,0x37,0xE0,0x3F,0x20,0x33,0xC0,0x35,0xA0,0x26,0xB0,0x23,0x80}},
  {0x5E6D, {0x00,0x00,0x20,0x40,0x27,0xF0,0x70,0x00,0x27,0xF0,0x25,0x50,0x27,0xF0,0x20,0xA0,0x27,0xF0,0x34,0x60,0x24,0xD0,0x29,0x30}},
  {0x5E72, {0x00,0x00,0x7F,0xE0,0x06,0x00,0x06,0x00,0x06,0x00,0xFF,0xF0,0x06,0x00,0x06,0x00,0x06,0x00,0x06,0x00,0x06,0x00,0x06,0x00}},
  {0x5E73, {0x00,0x00,0x7F,0xE0,0x06,0x00,0x26,0x40,0x16,0x80,0x06,0x00,0xFF,0xF0,0x06,0x00,0x06,0x00,0x06,0x00,0x06,0x00,0x06,0x00}},
  {0x5E74, {0x00,0x00,0x30,0x00,0x3F,0xE0,0x22,0x00,0x42,0x00,0xBF,0xE0,0x22,0x00,0x22,0x00,0xFF,0xF0,0x02,0x00,0x02,0x00,0x02,0x00}},
  {0x5E76, {0x00,0x00,0x10,0x80,0x09,0x80,0x7F,0xE0,0x10,0x80,0x10,0x80,0x10,0x80,0xFF,0xF0,0x10,0x80,0x10,0x80,0x20,0x80,0x40,0x80}},
  {0x5E78, {0x00,0x00,0x06,0x00,0x7F,0xE0,0x06,0x00,0xFF,0xF0,0x10,0x80,0x11,0x00,0x7F,0xE0,0x06,0x00,0xFF,0xF0,0x06,0x00,0x06,0x00}},
  {0x5E7F, {0x00,0x00,0x02,0x00,0x02,0x00,0x3F,0xF0,0x20,0x00,0x20,0x00,0x20,0x00,0x20,0x00,0x60,0x00,0x60,0x00,0x40,0x00,0x80,0x00}},
  {0x5E83, {0x00,0x00,0x02,0x00,0x7F,0xF0,0x40,0x00,0x42,0x00,0x42,0x00,0x42,0x00,0x44,0x80,0x4C,0x40,0x48,0x60,0xD9,0xE0,0x9E,0x10}},
  {0x5E84, {0x00,0x00,0x02,0x00,0x02,0x00,0x7F,0xF0,0x60,0x00,0x61,0x00,0x61,0x00,0x7F,0xE0,0x41,0x00,0x41,0x00,0x41,0x00,0x9F,0xF0}},
  {0x5E86, {0x00,0x00,0x02,0x00,0x02,0x00,0x7F,0xF0,0x60,0x00,0x62,0x00,0x7F,0xE0,0x43,0x00,0x47,0x00,0x44,0x80,0x48,0x40,0xB0,0x30}},
  {0x5E89, {0x00,0x00,0x02,0x00,0x7F,0xF0,0x40,0x00,0x7F,0xE0,0x42,0x00,0x52,0x20,0x52,0x20,0x5F,0xE0,0x42,0x10,0xC3,0x10,0x81,0xE0}},
  {0x5E8A, {0x00,0x00,0x02,0x00,0x02,0x00,0x7F,0xF0,0x63,0x00,0x63,0x00,0x7F,0xE0,0x47,0x80,0x4F,0xC0,0x5B,0x60,0x73,0x30,0x83,0x00}},
  {0x5E8D, {0x00,0x00,0x02,0x00,0x7F,0xF0,0x40,0x00,0x4F,0xE0,0x48,0x00,0x48,0x00,0x4F,0xF0,0x48,0x80,0x58,0x80,0xD0,0x80,0xA0,0x80}},
  {0x5E92, {0x00,0x00,0x02,0x00,0x7F,0xF0,0x40,0x00,0x41,0x00,0x41,0x00,0x5F,0xE0,0x41,0x00,0x41,0x40,0x41,0x20,0xC1,0x00,0xBF,0xF0}},
  {0x5E93, {0x00,0x00,0x02,0x00,0x7F,0xF0,0x44,0x00,0x7F,0xE0,0x48,0x00,0x49,0x00,0x5F,0xE0,0x41,0x00,0x7F,0xF0,0xC1,0x00,0x81,0x00}},
  {0x5E94, {0x02,0x00,0x02,0x00,0x7F,0xF0,0x60,0x00,0x62,0x20,0x72,0x60,0x72,0x40,0x5B,0x40,0x4B,0x40,0x49,0xC0,0x48,0x80,0x80,0x80}},
  {0x5E95, {0x00,0x00,0x02,0x00,0x7F,0xF0,0x40,0x00,0x4F,0xC0,0x49,0x00,0x4F,0xF0,0x49,0x00,0x4A,0x80,0x4E,0x90,0x5A,0x50,0x91,0x60}},
  {0x5E96, {0x00,0x00,0x02,0x00,0x7F,0xF0,0x48,0x00,0x4F,0xE0,0x58,0x20,0x7F,0x20,0x49,0x20,0x4F,0x60,0x49,0xD0,0xC8,0x10,0x8F,0xE0}},
  {0x5E97, {0x00,0x00,0x02,0x00,0x7F,0xF0,0x42,0x00,0x42,0x00,0x43,0xF0,0x42,0x00,0x5F,0xE0,0x50,0x20,0x50,0x20,0xD0,0x20,0x9F,0xE0}},
  {0x5E99, {0x00,0x00,0x02,0x00,0x7F,0xF0,0x61,0x00,0x7F,0xE0,0x71,0x20,0x71,0x20,0x5F,0xE0,0x51,0x20,0x51,0x20,0x5F,0xE0,0x90,0x20}},
  {0x5E9A, {0x00,0x00,0x02,0x00,0x7F,0xF0,0x42,0x00,0x5F,0xE0,0x42,0x20,0x7F,0xF0,0x42,0x20,0x5F,0xE0,0x47,0x20,0x4C,0x80,0xB0,0x60}},
  {0x5E9C, {0x00,0x00,0x02,0x00,0x7F,0xF0,0x40,0x00,0x48,0x40,0x4F,0xF0,0x7A,0x40,0x7A,0x40,0x49,0x40,0x48,0x40,0x48,0x40,0x89,0xC0}},
  {0x5E9E, {0x00,0x00,0x02,0x00,0x7F,0xF0,0x44,0x80,0x44,0x40,0x7F,0xF0,0x4D,0x00,0x49,0x40,0x49,0xC0,0x5B,0x10,0xD7,0x10,0xA5,0xE0}},
  {0x5E9F, {0x00,0x00,0x02,0x00,0x7F,0xF0,0x50,0x00,0x56,0x40,0x5F,0xF0,0x44,0x00,0x47,0xE0,0x4E,0x40,0x4A,0x80,0x53,0x80,0xAC,0x20}},
  {0x5EA3, {0x00,0x00,0x02,0x00,0x7F,0xF0,0x44,0x80,0x54,0xA0,0x5C,0xA0,0x44,0x80,0x4C,0xC0,0x54,0xB0,0x44,0x90,0xC8,0x90,0x90,0xE0}},
  {0x5EA5, {0x00,0x00,0x02,0x00,0x7F,0xF0,0x48,0x80,0x48,0x80,0x5F,0xF0,0x79,0x80,0x7B,0xC0,0x4A,0xE0,0x4C,0xA0,0xCC,0x90,0x88,0x80}},
  {0x5EA6, {0x00,0x00,0x02,0x00,0x7F,0xF0,0x48,0xC0,0x7F,0xF0,0x48,0xC0,0x4F,0xC0,0x48,0xC0,0x40,0x00,0x5F,0xC0,0x47,0x80,0xBF,0xE0}},
  {0x5EA7, {0x00,0x00,0x02,0x00,0x7F,0xE0,0x42,0x00,0x4A,0x40,0x5B,0xE0,0x67,0xA0,0x42,0x00,0x5F,0xE0,0x42,0x00,0xC2,0x00,0xBF,0xF0}},
  {0x5EAC, {0x00,0x00,0x02,0x00,0x7F,0xF0,0x44,0x80,0x7F,0xF0,0x45,0xC0,0x4D,0x40,0x49,0xC0,0x49,0x60,0x59,0xD0,0xD7,0x10,0xA1,0xE0}},
  {0x5EB2, {0x00,0x00,0x02,0x00,0x7F,0xF0,0x41,0x00,0x5F,0xE0,0x49,0x40,0x49,0x40,0x57,0xA0,0x47,0x80,0x4D,0xC0,0xF1,0x30,0x81,0x00}},
  {0x5EB7, {0x02,0x00,0x7F,0xF0,0x42,0x00,0x5F,0xE0,0x42,0x20,0x7F,0xF0,0x42,0x20,0x5F,0xE0,0x4B,0x60,0x4F,0x80,0x72,0xE0,0x8E,0x20}},
  {0x5EB8, {0x00,0x00,0x02,0x00,0x7F,0xF0,0x42,0x20,0x7F,0xF0,0x42,0x20,0x7F,0xE0,0x52,0x20,0x52,0x20,0x5F,0xE0,0xDF,0xE0,0x92,0xC0}},
  {0x5EBA, {0x00,0x00,0x02,0x00,0x7F,0xF0,0x44,0x80,0x5A,0x40,0x74,0xB0,0x4F,0xC0,0x42,0x00,0x5F,0xE0,0x4F,0x80,0xDB,0x60,0xA3,0x00}},
  {0x5EBF, {0x00,0x00,0x02,0x00,0x7F,0xF0,0x44,0x80,0x7F,0xF0,0x44,0x80,0x5F,0xE0,0x51,0x20,0x5F,0xE0,0x51,0x20,0xD1,0x20,0x9F,0xE0}},
  {0x5EC0, {0x00,0x00,0x02,0x00,0x7F,0xF0,0x42,0x00,0x5F,0xE0,0x5B,0x60,0x47,0x80,0x5C,0xE0,0x4F,0xC0,0x44,0xC0,0xC7,0x80,0xBC,0xF0}},
  {0x5EC7, {0x00,0x00,0x02,0x00,0x7F,0xF0,0x4C,0x00,0x51,0xE0,0x54,0xA0,0x5B,0x60,0x5F,0xE0,0x51,0x20,0x5F,0xE0,0xD1,0x20,0x9F,0xE0}},
  {0x5EC9, {0x02,0x00,0x7F,0xF0,0x48,0x80,0x7F,0xE0,0x45,0x00,0x5F,0xC0,0x45,0x00,0x7F,0xF0,0x45,0x00,0x5F,0xC0,0x8D,0x40,0xA5,0x20}},
  {0x5ECA, {0x00,0x00,0x02,0x00,0x7F,0xF0,0x48,0x00,0x5E,0xE0,0x52,0xA0,0x5E,0xE0,0x52,0xE0,0x5E,0xA0,0x52,0xA0,0x56,0xE0,0x9C,0x80}},
  {0x5ECB, {0x00,0x00,0x02,0x00,0x7F,0xF0,0x46,0x00,0x5F,0xE0,0x52,0x20,0x5F,0xE0,0x42,0x00,0x5F,0xC0,0x44,0x80,0xC7,0x80,0xB8,0xF0}},
  {0x5ED3, {0x00,0x00,0x02,0x00,0x7F,0xF0,0x48,0x00,0x7E,0xE0,0x52,0xA0,0x52,0xE0,0x5E,0xA0,0x5E,0xA0,0x4C,0xB0,0xEC,0xE0,0x98,0x80}},
  {0x5ED4, {0x00,0x00,0x02,0x00,0x7F,0xF0,0x40,0x00,0x7F,0xF0,0x52,0x20,0x5F,0xE0,0x52,0x20,0x5F,0xE0,0x7F,0xF0,0x8F,0x80,0xBC,0xE0}},
  {0x5EE4, {0x00,0x00,0x02,0x00,0x7F,0xF0,0x42,0x00,0x5F,0xE0,0x52,0x20,0x5F,0xE0,0x52,0x00,0x7F,0xF0,0x7D,0x20,0xA5,0x90,0x9D,0xE0}},
  {0x5EE5, {0x00,0x00,0x02,0x00,0x7F,0xF0,0x47,0x80,0x7F,0xE0,0x5F,0xE0,0x56,0xA0,0x5F,0xE0,0x50,0x40,0x5F,0xC0,0x90,0x40,0x9F,0xC0}},
  {0x5EE7, {0x00,0x00,0x02,0x00,0x7F,0xF0,0x40,0x00,0x5F,0xE0,0x5F,0xE0,0x7F,0xF0,0x40,0x00,0x5F,0xE0,0x57,0xA0,0xD0,0x20,0x9F,0xE0}},
  {0x5EF6, {0x00,0x00,0xF0,0xE0,0x37,0x80,0x24,0x80,0x44,0x80,0x74,0xE0,0x94,0x80,0x54,0x80,0x74,0x80,0x27,0xE0,0x58,0x00,0x87,0xF0}},
  {0x5EFA, {0x01,0x00,0xF7,0xE0,0x21,0x20,0x6F,0xF0,0x41,0x20,0x77,0xE0,0x91,0x00,0x7F,0xE0,0x61,0x00,0x6F,0xE0,0x71,0x00,0x8F,0xF0}},
  {0x5EFC, {0x00,0x00,0xFF,0xF0,0x22,0x80,0x6F,0xE0,0x4E,0xA0,0x7E,0xE0,0x1E,0x60,0x5C,0x20,0x6F,0xE0,0x6C,0x00,0x78,0x00,0x8F,0xF0}},
  {0x5EFF, {0x00,0x00,0x30,0xC0,0x30,0xC0,0x30,0xC0,0xFF,0xF0,0x30,0xC0,0x30,0xC0,0x30,0xC0,0x30,0xC0,0x30,0xC0,0x3F,0xC0,0x30,0xC0}},
  {0x5F00, {0x00,0x00,0x7F,0xE0,0x10,0x80,0x10,0x80,0x10,0x80,0x10,0x80,0xFF,0xF0,0x10,0x80,0x10,0x80,0x10,0x80,0x20,0x80,0x40,0x80}},
  {0x5F01, {0x00,0x00,0x04,0x00,0x18,0x80,0x30,0xC0,0x7F,0xE0,0x10,0xA0,0x10,0x80,0xFF,0xF0,0x10,0x80,0x10,0x80,0x20,0x80,0x40,0x80}},
  {0x5F03, {0x00,0x00,0x04,0x00,0xFF,0xF0,0x18,0x00,0x30,0x80,0x3F,0xC0,0x00,0x20,0x10,0x80,0xFF,0xF0,0x10,0x80,0x20,0x80,0x40,0x80}},
  {0x5F04, {0x00,0x00,0x7F,0xE0,0x06,0x00,0x7F,0xE0,0x06,0x00,0x06,0x00,0xFF,0xF0,0x10,0x80,0xFF,0xF0,0x10,0x80,0x20,0x80,0x40,0x80}},
  {0x5F09, {0x00,0x00,0x48,0x80,0x78,0x80,0x0F,0xF0,0xF8,0x80,0x68,0x80,0x4B,0xE0,0x10,0x80,0xFF,0xF0,0x10,0x80,0x20,0x80,0x40,0x80}},
  {0x5F0A, {0x00,0x00,0x54,0x80,0x15,0xF0,0x7F,0x20,0x57,0xC0,0x7C,0xC0,0x54,0xE0,0x5F,0x30,0x10,0x80,0xFF,0xF0,0x30,0x80,0x60,0x80}},
  {0x5F0E, {0x00,0x00,0x01,0x40,0x01,0x60,0xFF,0xF0,0x01,0x00,0x7F,0x00,0x01,0x00,0x7D,0x00,0x01,0x00,0x00,0x90,0xFE,0xB0,0x00,0x60}},
  {0x5F0F, {0x00,0x00,0x01,0x40,0x01,0x00,0xFF,0xF0,0x01,0x00,0x01,0x00,0x7D,0x00,0x11,0x00,0x11,0x00,0x10,0x90,0x3E,0xF0,0xE0,0x60}},
  {0x5F15, {0x00,0x00,0x7E,0x20,0x02,0x20,0x02,0x20,0x7E,0x20,0x42,0x20,0x40,0x20,0x7E,0x20,0x02,0x20,0x02,0x20,0x06,0x20,0x3C,0x20}},
  {0x5F17, {0x00,0x00,0x09,0x00,0x7F,0xE0,0x09,0x20,0x7F,0xE0,0x49,0x00,0x49,0x00,0x7F,0xF0,0x19,0x20,0x11,0x20,0x21,0xE0,0x41,0x00}},
  {0x5F1A, {0x00,0x00,0x10,0x80,0x7F,0xE0,0x06,0x20,0x06,0x20,0x7F,0xE0,0x46,0x00,0x46,0x00,0x7F,0xF0,0x06,0x20,0x06,0xE0,0x06,0x00}},
  {0x5F1F, {0x00,0x00,0x10,0x80,0x19,0x00,0x7F,0xE0,0x06,0x20,0x7F,0xE0,0x46,0x00,0x46,0x00,0x7F,0xF0,0x1E,0x20,0x36,0xE0,0xC6,0x00}},
  {0x5F20, {0x00,0x00,0xF2,0x20,0x12,0xC0,0x13,0x00,0x72,0x00,0x4F,0xF0,0xC2,0x80,0xF2,0x80,0x12,0xC0,0x12,0x40,0x17,0x20,0x76,0x30}},
  {0x5F22, {0x00,0x00,0xF5,0x80,0x15,0xA0,0x15,0xA0,0x77,0xE0,0x41,0x80,0xC7,0xE0,0xF2,0x60,0x12,0x40,0x11,0x80,0x13,0xE0,0xEC,0x30}},
  {0x5F26, {0x00,0x00,0xF1,0x00,0x10,0x80,0x1F,0xF0,0x73,0x00,0x52,0x40,0xC4,0xC0,0xF7,0x80,0x11,0x00,0x13,0x60,0x16,0x60,0xE7,0x30}},
  {0x5F28, {0x00,0x00,0xF7,0xE0,0x11,0x20,0x11,0x20,0x72,0x20,0x46,0xE0,0xC0,0x00,0xF7,0xE0,0x14,0x20,0x14,0x20,0x17,0xE0,0x74,0x20}},
  {0x5F29, {0x00,0x00,0x23,0xE0,0xFE,0x20,0x49,0xC0,0x39,0xC0,0x6F,0x30,0x3F,0xC0,0x00,0x40,0x3F,0xC0,0x20,0x00,0x3F,0xE0,0x03,0xC0}},
  {0x5F30, {0x00,0x00,0xF1,0x80,0x15,0xA0,0x11,0x80,0x77,0xE0,0x44,0x20,0x87,0xE0,0xF4,0x20,0x14,0x20,0x17,0xE0,0x14,0x20,0x64,0xE0}},
  {0x5F31, {0x00,0x00,0x7B,0xE0,0x08,0x20,0x79,0xE0,0x42,0x00,0x42,0x00,0x7B,0xE0,0x08,0x20,0x09,0xE0,0x3B,0x20,0xC8,0x20,0x38,0xE0}},
  {0x5F32, {0x00,0x00,0xF7,0xE0,0x16,0x20,0x17,0xE0,0x70,0x00,0x47,0xE0,0xC4,0x20,0xF7,0xE0,0x14,0x20,0x17,0xE0,0x14,0x20,0x74,0xE0}},
  {0x5F34, {0x00,0x00,0xF1,0x00,0x1F,0xF0,0x10,0x00,0x77,0xE0,0x44,0x20,0xC7,0xE0,0x77,0xE0,0x10,0xC0,0x1F,0xF0,0x10,0x80,0x73,0x00}},
  {0x5F38, {0x00,0x00,0xFE,0xE0,0x1A,0xA0,0x1A,0xA0,0x7E,0xE0,0x4A,0xA0,0x8A,0xA0,0xFE,0xE0,0x1A,0xA0,0x2A,0xA0,0x3B,0xA0,0xF7,0x60}},
  {0x5F39, {0x00,0x00,0xF2,0x40,0x12,0x40,0x17,0xE0,0x74,0xA0,0x47,0xE0,0xC4,0xA0,0xF7,0xE0,0x10,0x80,0x1F,0xF0,0x30,0x80,0xE0,0x80}},
  {0x5F3A, {0x00,0x00,0xF7,0xE0,0x14,0x20,0x17,0xE0,0x75,0x20,0x51,0x00,0x8F,0xE0,0xFD,0x20,0x1F,0xE0,0x11,0x20,0x11,0xF0,0x6F,0x10}},
  {0x5F3D, {0x00,0x00,0xF5,0x20,0x1F,0xF0,0x15,0x20,0x75,0xE0,0x44,0x00,0x87,0xE0,0xF1,0x00,0x1F,0xE0,0x13,0xC0,0x1D,0x30,0x61,0x00}},
  {0x5F40, {0x00,0x00,0x11,0xE0,0x7D,0x20,0x11,0x20,0xFF,0x30,0x00,0x00,0x7D,0xE0,0x05,0x20,0x7D,0xA0,0x40,0xC0,0x7C,0xC0,0x3B,0x30}},
  {0x5F42, {0x00,0x00,0x29,0x40,0x29,0x40,0xFF,0xF0,0x02,0x00,0x73,0xE0,0x14,0x80,0x70,0x80,0x47,0xF0,0x71,0x80,0x12,0x60,0x7C,0x20}},
  {0x5F44, {0x00,0x00,0xFF,0xF0,0x18,0x00,0x1B,0xE0,0x7A,0x20,0x4B,0xE0,0x88,0x00,0xFB,0x60,0x1B,0x40,0x1B,0x60,0x38,0x00,0xEF,0xF0}},
  {0x5F52, {0x00,0x00,0x10,0x00,0x57,0xE0,0x50,0x20,0x50,0x20,0x50,0x20,0x57,0xE0,0x50,0x20,0x50,0x20,0x10,0x20,0x27,0xE0,0x20,0x20}},
  {0x5F53, {0x00,0x00,0x26,0x40,0x16,0x80,0x06,0x00,0x7F,0xE0,0x00,0x20,0x00,0x20,0x7F,0xE0,0x00,0x20,0x00,0x20,0x7F,0xE0,0x00,0x20}},
  {0x5F55, {0x00,0x00,0x3F,0xC0,0x00,0x40,0x3F,0xC0,0x00,0x40,0xFF,0xF0,0x02,0x00,0x22,0x60,0x1F,0xC0,0x1F,0x80,0x66,0xC0,0x9C,0x30}},
  {0x5F56, {0x00,0x00,0x30,0x00,0x3F,0xC0,0x20,0x40,0x3F,0xC0,0x00,0x40,0xFF,0xF0,0x0C,0x60,0x1B,0x80,0x66,0xC0,0x3B,0x30,0x6E,0x00}},
  {0x5F5F, {0x00,0x00,0xF9,0x40,0x0F,0xF0,0x7B,0xE0,0x0E,0x80,0xFF,0xE0,0x03,0xE0,0x12,0x80,0xFF,0xF0,0x57,0xE0,0x11,0xC0,0x77,0x70}},
  {0x5F62, {0x00,0x00,0x7E,0x20,0x24,0x60,0x24,0xC0,0x25,0x20,0xFE,0x60,0x24,0xC0,0x25,0x10,0x24,0x20,0x44,0x40,0x45,0x80,0x85,0x00}},
  {0x5F63, {0x00,0x00,0x30,0x20,0x10,0xC0,0xFD,0x20,0x48,0x60,0x48,0x80,0x29,0x20,0x28,0x60,0x31,0x80,0x3B,0x00,0x6E,0x00,0xC3,0xF0}},
  {0x5F69, {0x00,0x00,0x1E,0x20,0xF0,0x40,0x11,0x80,0x56,0x20,0x54,0x60,0x7C,0xC0,0x31,0x10,0x38,0x20,0x54,0xC0,0x91,0x80,0x12,0x00}},
  {0x5F6A, {0x00,0x00,0x10,0x00,0x1E,0x20,0x10,0x40,0x10,0xA0,0x7E,0x40,0x7C,0x80,0x53,0x10,0x5E,0x20,0x54,0xD0,0x75,0x10,0xA3,0xE0}},
  {0x5F6C, {0x00,0x00,0x24,0x20,0x24,0x40,0x7F,0x80,0x24,0x20,0x76,0x60,0x7F,0xC0,0x6C,0x80,0xB4,0x10,0x24,0x60,0x24,0xC0,0x25,0x00}},
  {0x5F6D, {0x00,0x00,0x10,0x20,0xFE,0xC0,0x11,0x80,0x7E,0x20,0x00,0x60,0x00,0xC0,0x7D,0x90,0x44,0x20,0x7C,0x40,0xFC,0x80,0x07,0x00}},
  {0x5F6F, {0x00,0x00,0xFE,0x20,0x28,0x40,0x7E,0x80,0x6B,0x20,0x7E,0x60,0x7E,0xC0,0x01,0x10,0xFE,0x20,0x14,0x40,0x52,0x80,0x31,0x00}},
  {0x5F77, {0x00,0x00,0x11,0x00,0x20,0x80,0x4F,0xF0,0x92,0x00,0x36,0x00,0x67,0xE0,0x64,0x20,0xA4,0x20,0x24,0x20,0x28,0x20,0x29,0xC0}},
  {0x5F79, {0x00,0x00,0x17,0xC0,0x24,0x40,0x44,0x40,0x94,0x70,0x28,0x00,0x6F,0xE0,0xA4,0x40,0x22,0x40,0x23,0x80,0x23,0x80,0x2C,0x70}},
  {0x5F7A, {0x00,0x00,0x1F,0xF0,0x21,0x00,0x41,0x00,0x11,0x00,0x21,0x00,0x67,0xE0,0x61,0x00,0xA1,0x00,0x21,0x00,0x21,0x00,0x2F,0xF0}},
  {0x5F7B, {0x00,0x00,0x29,0xE0,0x68,0xA0,0x8C,0xA0,0x3E,0xA0,0x28,0xA0,0x68,0xA0,0xAA,0xA0,0x2F,0x20,0x2D,0x20,0x22,0x20,0x22,0xE0}},
  {0x5F7C, {0x10,0x00,0x21,0x80,0x61,0x80,0x4F,0xF0,0x99,0xA0,0x29,0x80,0x6F,0xE0,0x6A,0x60,0xAB,0x40,0x29,0x80,0x2B,0xC0,0x36,0x30}},
  {0x5F80, {0x00,0x00,0x11,0x00,0x21,0x00,0x4F,0xF0,0x91,0x00,0x31,0x00,0x21,0x00,0x67,0xE0,0xA1,0x00,0x21,0x00,0x21,0x00,0x0F,0xF0}},
  {0x5F81, {0x00,0x00,0x17,0xF0,0x20,0x80,0x60,0x80,0x50,0x80,0x34,0x80,0x24,0xE0,0x64,0x80,0xA4,0x80,0x24,0x80,0x24,0x80,0x0F,0xF0}},
  {0x5F82, {0x00,0x00,0x37,0xE0,0x64,0x20,0xD4,0x20,0x27,0xE0,0x64,0x20,0x64,0x20,0xA7,0xE0,0x24,0x20,0x24,0x20,0x24,0x20,0x3F,0xF0}},
  {0x5F85, {0x00,0x00,0x11,0x00,0x2F,0xE0,0x41,0x00,0x91,0x00,0x2F,0xF0,0x60,0x40,0xAF,0xF0,0x20,0x40,0x24,0x40,0x20,0x40,0x23,0xC0}},
  {0x5F87, {0x00,0x00,0x14,0x00,0x27,0xE0,0x78,0x20,0xBF,0xA0,0x68,0xA0,0x6F,0xA0,0xA8,0xA0,0x28,0xA0,0x2F,0xA0,0x20,0x20,0x21,0xE0}},
  {0x5F88, {0x00,0x00,0x17,0xE0,0x24,0x20,0x47,0xE0,0x94,0x20,0x24,0x20,0x67,0xE0,0xA5,0x20,0x25,0xC0,0x25,0xC0,0x26,0x60,0x2C,0x30}},
  {0x5F8A, {0x00,0x00,0x2F,0xE0,0x68,0x20,0xB8,0x20,0x2B,0xE0,0x6A,0x60,0xEA,0x60,0xAB,0xE0,0x28,0x20,0x28,0x20,0x2F,0xE0,0x28,0x20}},
  {0x5F8B, {0x00,0x00,0x11,0x00,0x2F,0xE0,0x41,0x20,0xBF,0xF0,0x21,0x20,0x6F,0xE0,0xE1,0x00,0xAF,0xE0,0x21,0x00,0x3F,0xF0,0x21,0x00}},
  {0x5F90, {0x00,0x00,0x11,0x00,0x23,0x80,0x42,0x40,0x94,0x60,0x2F,0xF0,0x61,0x00,0xAF,0xE0,0x21,0x40,0x2D,0x20,0x29,0x30,0x27,0x00}},
  {0x5F92, {0x00,0x00,0x11,0x00,0x21,0x00,0x4F,0xE0,0x91,0x00,0x21,0x00,0x6F,0xF0,0x65,0x00,0xAD,0xE0,0x2D,0x00,0x2F,0x00,0x13,0xF0}},
  {0x5F93, {0x00,0x00,0x14,0x20,0x22,0x40,0x40,0x00,0xBF,0xF0,0x21,0x80,0x65,0x80,0xE5,0xE0,0x25,0x80,0x2D,0x80,0x2F,0x80,0x31,0xF0}},
  {0x5F95, {0x00,0x00,0x11,0x00,0x2F,0xE0,0x79,0x20,0xA5,0x60,0x65,0x40,0xEF,0xF0,0xA3,0x80,0x25,0x40,0x2D,0x60,0x31,0x30,0x21,0x00}},
  {0x5F96, {0x00,0x00,0x11,0x00,0x2F,0xF0,0x48,0x10,0xD0,0x00,0x27,0xE0,0x60,0x00,0xEF,0xF0,0x21,0x40,0x25,0x60,0x29,0x30,0x23,0x00}},
  {0x5F97, {0x00,0x00,0x17,0xE0,0x24,0x20,0x47,0xE0,0xB4,0x20,0x27,0xE0,0x60,0x00,0xAF,0xF0,0x20,0x40,0x2F,0xF0,0x26,0x40,0x21,0xC0}},
  {0x5F98, {0x00,0x00,0x12,0x80,0x22,0x80,0x4E,0xF0,0x92,0x80,0x2E,0xE0,0x62,0x80,0xA2,0x80,0x3E,0xF0,0x22,0x80,0x22,0x80,0x22,0x80}},
  {0x5F99, {0x00,0x00,0x11,0x00,0x25,0x00,0x45,0xE0,0x95,0x00,0x25,0x00,0x6F,0xF0,0x65,0x00,0xAD,0xE0,0x2D,0x00,0x2F,0x00,0x13,0xF0}},
  {0x5FAC, {0x00,0x00,0x21,0x00,0x2F,0xE0,0x44,0x40,0x82,0xC0,0x2F,0xF0,0x61,0x00,0xFF,0xF0,0xA4,0x00,0x27,0xE0,0x2C,0x60,0x39,0xC0}},
  {0x5FB1, {0x00,0x00,0x2F,0xF0,0x22,0x80,0x4F,0xE0,0xBA,0xA0,0x2F,0xE0,0x6F,0xE0,0xA0,0x00,0x2F,0xF0,0x25,0x40,0x2D,0x20,0x23,0x00}},
  {0x5FB3, {0x00,0x00,0x21,0x00,0x2F,0xF0,0x41,0x00,0x3F,0xE0,0x2A,0xA0,0x6A,0xA0,0xEF,0xE0,0xA4,0x00,0x2D,0x20,0x34,0x50,0x27,0xC0}},
  {0x5FB6, {0x00,0x00,0x24,0x40,0x75,0x40,0xC6,0xF0,0x3F,0xA0,0x75,0xA0,0x5F,0x20,0xDF,0x60,0x5F,0x60,0x55,0x60,0x55,0xE0,0x57,0x90}},
  {0x5FB7, {0x00,0x00,0x21,0x00,0x2F,0xE0,0x41,0x00,0x8F,0xE0,0x2A,0xA0,0x6F,0xE0,0x60,0x00,0xBF,0xF0,0x29,0x20,0x34,0x50,0x27,0xC0}},
  {0x5FB8, {0x00,0x00,0x21,0x00,0x2F,0xE0,0x42,0x40,0x9F,0xF0,0x2F,0xE0,0x69,0x20,0x6F,0xE0,0xA9,0x20,0x2F,0xE0,0x21,0x00,0x3F,0xF0}},
  {0x5FC3, {0x00,0x00,0x04,0x00,0x06,0x00,0x02,0x00,0x12,0x40,0x50,0x60,0x50,0x20,0x50,0x30,0x90,0x50,0x10,0x40,0x10,0xC0,0x0F,0x80}},
  {0x5FC5, {0x00,0x00,0x04,0x00,0x06,0x40,0x12,0x40,0x10,0x80,0x51,0xC0,0x53,0x20,0x52,0x20,0x9C,0x10,0x18,0x40,0x30,0x40,0xDF,0x80}},
  {0x5FC7, {0x00,0x00,0x21,0x00,0x21,0x00,0x37,0xE0,0xA9,0x20,0xA1,0x20,0x23,0x20,0x22,0x20,0x22,0x20,0x26,0x20,0x2C,0x20,0x29,0xE0}},
  {0x5FCA, {0x00,0x00,0x27,0xF0,0x30,0x80,0x38,0x80,0xA8,0x80,0xA0,0x80,0x20,0x80,0x20,0x80,0x20,0x80,0x20,0x80,0x20,0x80,0x27,0x80}},
  {0x5FCB, {0x00,0x00,0x27,0xE0,0x20,0x20,0x30,0x20,0xA8,0x20,0xA7,0xE0,0x24,0x00,0x24,0x00,0x24,0x00,0x24,0x10,0x24,0x10,0x23,0xE0}},
  {0x5FCD, {0x00,0x00,0x7F,0xE0,0x04,0x60,0x24,0x60,0x48,0x40,0x10,0x40,0x63,0xC0,0x00,0x00,0x54,0x00,0x52,0x60,0x90,0xB0,0x0F,0x80}},
  {0x5FD1, {0x00,0x00,0x7F,0xE0,0x04,0x00,0x07,0x00,0x07,0x80,0x04,0x60,0x04,0x00,0x54,0x20,0x52,0x20,0xD0,0x90,0x90,0x80,0x0F,0x80}},
  {0x5FD2, {0x00,0x00,0x01,0x40,0x01,0x20,0xFF,0xF0,0x11,0x00,0x09,0x00,0x63,0x00,0x63,0x80,0x66,0x80,0xA6,0x90,0x3C,0xD0,0x18,0x60}},
  {0x5FD6, {0x20,0x40,0x20,0x40,0x20,0x40,0x77,0xF0,0xA8,0x40,0xA4,0x40,0x26,0x40,0x22,0x40,0x20,0x40,0x20,0x40,0x20,0x40,0x21,0xC0}},
  {0x5FD7, {0x00,0x00,0x06,0x00,0x06,0x00,0xFF,0xF0,0x06,0x00,0x06,0x00,0x7F,0xE0,0x04,0x00,0x56,0x20,0x52,0xA0,0xD0,0x90,0x1F,0x80}},
  {0x5FD8, {0x00,0x00,0x04,0x00,0x02,0x00,0xFF,0xF0,0x20,0x00,0x20,0x00,0x3F,0xE0,0x04,0x00,0x52,0x40,0x50,0xE0,0x90,0x90,0x0F,0x80}},
  {0x5FD9, {0x00,0x00,0x21,0x00,0x20,0x80,0x77,0xF0,0xAE,0x00,0xA6,0x00,0x26,0x00,0x26,0x00,0x26,0x00,0x26,0x00,0x26,0x00,0x07,0xE0}},
  {0x5FDD, {0x00,0x00,0x7F,0xE0,0x04,0x00,0x04,0x00,0xFF,0xF0,0x09,0x00,0x30,0xC0,0xC4,0x30,0x15,0x40,0x25,0x60,0x45,0xA0,0x1C,0x00}},
  {0x5FDE, {0x00,0x00,0x06,0x00,0xFF,0xF0,0x10,0x80,0x09,0x00,0x0F,0x00,0x79,0xE0,0x44,0x20,0x52,0x60,0x50,0xA0,0x50,0x80,0x0F,0x80}},
  {0x5FE1, {0x00,0x00,0x21,0x00,0x21,0x00,0x3F,0xE0,0xFD,0x20,0xED,0x20,0xAD,0x20,0x2D,0x20,0x2F,0xE0,0x21,0x00,0x21,0x00,0x21,0x00}},
  {0x5FE4, {0x00,0x00,0x24,0x00,0x24,0x00,0x37,0xE0,0xFD,0x00,0xE9,0x00,0xA1,0x00,0x2F,0xF0,0x21,0x00,0x21,0x00,0x21,0x00,0x21,0x00}},
  {0x5FE7, {0x00,0x00,0x22,0x00,0x22,0x40,0x22,0x00,0xFF,0xF0,0xE2,0x80,0xA2,0x80,0x22,0x80,0x24,0x80,0x24,0x90,0x28,0x90,0x30,0xE0}},
  {0x5FE9, {0x00,0x00,0x09,0x00,0x19,0x80,0x64,0x60,0x08,0x00,0x30,0x80,0x3F,0xC0,0x04,0x00,0x56,0x40,0x52,0xA0,0xD0,0x90,0x1F,0x80}},
  {0x5FEB, {0x00,0x00,0x21,0x00,0x21,0x00,0x7F,0xE0,0xF1,0x20,0xA1,0x20,0xA1,0x20,0x3F,0xF0,0x23,0x00,0x22,0x80,0x2C,0x40,0x38,0x20}},
  {0x5FED, {0x00,0x00,0x21,0x00,0x20,0x80,0x3F,0xF0,0xF1,0x00,0xE1,0x00,0xA1,0x80,0x21,0x40,0x21,0x20,0x21,0x00,0x21,0x00,0x21,0x00}},
  {0x5FEE, {0x00,0x00,0x20,0x80,0x20,0x80,0x3F,0xF0,0x70,0x80,0xA0,0x80,0xA7,0xE0,0x22,0x60,0x22,0x40,0x21,0x80,0x23,0xC0,0x2C,0x30}},
  {0x5FF1, {0x00,0x00,0x21,0x00,0x21,0x00,0x3F,0xE0,0x79,0x20,0xE9,0x20,0xA1,0x80,0x23,0x80,0x22,0x80,0x26,0x90,0x2C,0x90,0x38,0xE0}},
  {0x5FF3, {0x00,0x00,0x21,0x00,0x2F,0xF0,0x31,0x00,0xE5,0x20,0xA5,0x20,0x25,0x20,0x27,0xE0,0x21,0x00,0x21,0x10,0x21,0x10,0x20,0xE0}},
  {0x5FF5, {0x00,0x00,0x06,0x00,0x0F,0x00,0x19,0x80,0x24,0x40,0xC2,0x30,0x3F,0x80,0x00,0x80,0x05,0x40,0x52,0xA0,0x50,0x90,0x8F,0x00}},
  {0x5FF6, {0x00,0x00,0x27,0xE0,0x30,0x00,0x70,0x00,0xE0,0x00,0xAF,0xF0,0x21,0x00,0x22,0x00,0x22,0x40,0x24,0x60,0x24,0xE0,0x2F,0x10}},
  {0x5FF7, {0x00,0x00,0x20,0x00,0x26,0x40,0x62,0xE0,0xF9,0xA0,0xA9,0xA0,0x29,0xA0,0x2B,0xE0,0x2E,0x60,0x2C,0x20,0x28,0x20,0x2F,0xE0}},
  {0x5FF8, {0x00,0x00,0x27,0xE0,0x22,0x20,0x32,0x20,0x7A,0x20,0xA2,0x20,0xA7,0xE0,0x22,0x20,0x22,0x20,0x22,0x20,0x22,0x20,0x2F,0xF0}},
  {0x5FFC, {0x00,0x00,0x21,0x00,0x2F,0xE0,0xF0,0x00,0xF0,0x00,0xA7,0xC0,0x24,0x40,0x24,0x40,0x24,0x40,0x24,0x50,0x28,0x50,0x38,0x70}},
  {0x5FFD, {0x00,0x00,0x10,0x00,0x3F,0xE0,0x2D,0x20,0x49,0x20,0x12,0x20,0x64,0x60,0x09,0xC0,0x54,0x20,0x52,0xA0,0x90,0x90,0x1F,0x80}},
  {0x5FFE, {0x00,0x00,0x24,0x00,0x27,0xF0,0xE8,0x00,0xFF,0xE0,0xE0,0x00,0xAF,0xC0,0x20,0x40,0x20,0x40,0x20,0x50,0x20,0x50,0x20,0x20}},
  {0x5FFF, {0x00,0x00,0x09,0x00,0x10,0x80,0x20,0x40,0xFF,0xF0,0x08,0x40,0x10,0xC0,0x63,0x80,0x04,0x20,0x52,0xA0,0x50,0xB0,0x8F,0x90}},
  {0x6000, {0x00,0x00,0x2F,0xF0,0x21,0x00,0x31,0x00,0x73,0x00,0xE3,0x40,0xA7,0x60,0x25,0x20,0x29,0x10,0x31,0x00,0x21,0x00,0x21,0x00}},
  {0x6001, {0x00,0x00,0x06,0x00,0x04,0x00,0x7F,0xE0,0x07,0x00,0x08,0x80,0x34,0x60,0xC4,0x00,0x12,0x40,0x50,0x20,0x50,0x90,0x0F,0x80}},
  {0x6004, {0x00,0x00,0x2F,0xF0,0x3A,0x00,0xFB,0x20,0xF9,0x40,0xA8,0x80,0x28,0x80,0x29,0x40,0x2B,0x60,0x2A,0x20,0x28,0x00,0x2F,0xF0}},
  {0x6006, {0x00,0x00,0x21,0x00,0x23,0x80,0x32,0x40,0xBC,0x60,0xA8,0x30,0xA7,0xC0,0x24,0x40,0x24,0x40,0x25,0xD0,0x24,0x20,0x27,0xE0}},
  {0x600A, {0x00,0x00,0x2F,0xE0,0x22,0x20,0x32,0x20,0x74,0x20,0xE9,0xE0,0xA0,0x00,0x2F,0xE0,0x28,0x20,0x28,0x20,0x2F,0xE0,0x28,0x20}},
  {0x600C, {0x00,0x00,0x2F,0xF0,0x21,0x00,0x31,0x00,0xF3,0x00,0xA3,0x40,0x25,0x60,0x2D,0x20,0x29,0x10,0x21,0x00,0x20,0x00,0x2F,0xF0}},
  {0x600D, {0x00,0x00,0x22,0x00,0x26,0x00,0x37,0xF0,0xBD,0x00,0xA9,0x00,0xA1,0xE0,0x21,0x00,0x21,0x00,0x21,0xF0,0x21,0x00,0x21,0x00}},
  {0x600E, {0x00,0x00,0x10,0x00,0x3F,0xE0,0x48,0x00,0xCF,0xE0,0x08,0x00,0x0F,0xE0,0x04,0x00,0x52,0x40,0x52,0xA0,0x90,0x90,0x0F,0x80}},
  {0x6011, {0x00,0x00,0x21,0x00,0x25,0x20,0x75,0x60,0xF1,0x00,0xAF,0xE0,0x21,0x00,0x21,0x00,0x2F,0xF0,0x21,0x00,0x21,0x00,0x21,0x00}},
  {0x6012, {0x00,0x00,0x20,0x00,0xFF,0xE0,0x7A,0x20,0x39,0xC0,0x65,0xC0,0x43,0x70,0x00,0x00,0x54,0x20,0x52,0xA0,0x50,0xA0,0x8F,0x90}},
  {0x6014, {0x00,0x00,0x2F,0xF0,0x21,0x00,0x31,0x00,0x71,0x00,0xE5,0x00,0xA5,0xE0,0x25,0x00,0x25,0x00,0x25,0x00,0x25,0x00,0x3F,0xF0}},
  {0x6015, {0x00,0x00,0x21,0x00,0x2F,0xE0,0x38,0x20,0xF8,0x20,0xA8,0x20,0x2F,0xE0,0x28,0x20,0x28,0x20,0x28,0x20,0x2F,0xE0,0x28,0x20}},
  {0x6017, {0x00,0x00,0x21,0x00,0x21,0x00,0x31,0xF0,0xB9,0x00,0xA1,0x00,0xA1,0x00,0x2F,0xE0,0x2C,0x20,0x2C,0x20,0x2F,0xE0,0x2C,0x20}},
  {0x601B, {0x00,0x00,0x27,0xE0,0x64,0x20,0xB4,0x20,0xBF,0xE0,0xA4,0x20,0x24,0x20,0x24,0x20,0x27,0xE0,0x24,0x20,0x20,0x00,0x0F,0xF0}},
  {0x601D, {0x00,0x00,0x7F,0xE0,0x46,0x20,0x7F,0xE0,0x46,0x20,0x46,0x20,0x7F,0xE0,0x00,0x00,0x56,0x40,0x52,0xA0,0x90,0x90,0x0F,0x80}},
  {0x6025, {0x00,0x00,0x18,0x00,0x3F,0x80,0x61,0x00,0xFF,0xE0,0x00,0x20,0x3F,0xE0,0x00,0x20,0x3F,0xE0,0x52,0x20,0x10,0x90,0x0F,0x80}},
  {0x6026, {0x00,0x00,0x2F,0xE0,0x21,0x00,0x39,0x20,0xF5,0x20,0xE5,0x40,0xA1,0x00,0x2F,0xF0,0x21,0x00,0x21,0x00,0x21,0x00,0x21,0x00}},
  {0x6027, {0x00,0x00,0x21,0x80,0x25,0x80,0x35,0x80,0x7F,0xF0,0xE9,0x80,0xA1,0x80,0x2F,0xE0,0x21,0x80,0x21,0x80,0x21,0x80,0x0F,0xF0}},
  {0x6028, {0x00,0x00,0x20,0x00,0x3F,0xE0,0x4E,0x20,0x6A,0x20,0x9A,0xD0,0x33,0x10,0x55,0xE0,0x52,0x20,0x52,0xA0,0x90,0x90,0x0F,0x80}},
  {0x602A, {0x00,0x00,0x2F,0xE0,0x24,0x60,0x32,0x40,0xF3,0x80,0xA7,0x80,0xA8,0x70,0x20,0x00,0x2F,0xE0,0x21,0x00,0x21,0x00,0x0F,0xF0}},
  {0x602F, {0x00,0x00,0x21,0x00,0x21,0x00,0x3F,0xE0,0x71,0x00,0xE1,0x00,0xAF,0xF0,0x23,0x00,0x22,0x40,0x24,0x40,0x2D,0xE0,0x2F,0x20}},
  {0x603B, {0x00,0x00,0x10,0x80,0x09,0x00,0x3F,0xC0,0x20,0x40,0x20,0x40,0x3F,0xC0,0x00,0x00,0x04,0x00,0x52,0x60,0x90,0xB0,0x0F,0x80}},
  {0x603C, {0x00,0x00,0x00,0x40,0x78,0x40,0x4B,0xF0,0x3A,0x40,0x31,0x40,0x68,0x40,0xC1,0xC0,0x14,0x00,0x52,0xA0,0x50,0xA0,0x8F,0x90}},
  {0x6041, {0x00,0x00,0x10,0xE0,0x2F,0xC0,0x61,0x00,0x7F,0xE0,0xA1,0x00,0x2F,0xE0,0x20,0x00,0x06,0x20,0x52,0xA0,0x50,0xB0,0x0F,0x90}},
  {0x6048, {0x00,0x00,0x21,0x00,0x23,0x40,0x26,0xE0,0xFE,0x00,0xA4,0x80,0x27,0xE0,0x28,0x80,0x20,0x80,0x2F,0xF0,0x20,0x80,0x20,0x80}},
  {0x604B, {0x00,0x00,0x04,0x00,0x06,0x00,0xFF,0xF0,0x09,0x00,0x29,0x40,0x49,0x20,0x09,0x00,0x54,0x40,0x52,0xA0,0x90,0x90,0x0F,0x00}},
  {0x604C, {0x00,0x00,0x22,0x80,0x22,0x80,0x6A,0xA0,0xFE,0xA0,0xA2,0x80,0x22,0x80,0x2E,0xE0,0x2A,0x80,0x26,0x90,0x24,0x90,0x28,0xE0}},
  {0x604E, {0x00,0x00,0x2F,0xF0,0x23,0x00,0x32,0x40,0xF4,0x60,0xAF,0xE0,0xA1,0x00,0x21,0x00,0x2F,0xE0,0x21,0x00,0x21,0x00,0x2F,0xF0}},
  {0x6050, {0x00,0x00,0xF7,0xC0,0x24,0x40,0x26,0x40,0x35,0x50,0xF4,0x50,0x08,0x60,0x06,0x00,0x52,0x60,0x50,0xB0,0x90,0x90,0x1F,0x80}},
  {0x6052, {0x00,0x00,0x2F,0xF0,0x20,0x00,0x37,0xE0,0x7C,0x20,0xE4,0x20,0xA7,0xE0,0x24,0x20,0x24,0x20,0x27,0xE0,0x20,0x00,0x0F,0xF0}},
  {0x605F, {0x00,0x00,0x24,0x00,0x27,0xF0,0x2C,0x30,0xF3,0x20,0xAF,0x60,0x2F,0x60,0x2F,0xE0,0x2C,0xE0,0x2F,0xE0,0x20,0x20,0x21,0xE0}},
  {0x6062, {0x00,0x00,0x24,0x00,0x24,0x00,0x2F,0xF0,0xF4,0x00,0xE4,0x80,0xAC,0xA0,0x2B,0xE0,0x31,0x80,0x31,0x40,0x22,0x60,0x24,0x30}},
  {0x6064, {0x00,0x00,0x21,0x00,0x22,0x00,0x2F,0xE0,0xFA,0xA0,0xEA,0xA0,0xAA,0xA0,0x2A,0xA0,0x2A,0xA0,0x2A,0xA0,0x2A,0xA0,0x3F,0xF0}},
  {0x6066, {0x00,0x00,0x21,0x00,0x2F,0xE0,0x3C,0x20,0xFC,0x20,0xAF,0xE0,0x2E,0x60,0x2E,0x60,0x2F,0xE0,0x2C,0x20,0x2C,0x20,0x2C,0xE0}},
  {0x6067, {0x00,0x00,0x7F,0xF0,0x04,0x00,0x7F,0xE0,0x49,0x20,0x49,0x20,0x49,0x20,0x49,0x40,0x04,0x00,0x52,0xA0,0xD0,0xB0,0x1F,0x90}},
  {0x6068, {0x00,0x00,0x27,0xE0,0x24,0x20,0x34,0x20,0x7F,0xE0,0xAF,0xE0,0xA5,0x20,0x25,0xA0,0x24,0xC0,0x24,0xC0,0x27,0x60,0x2C,0x30}},
  {0x6069, {0x00,0x00,0x7F,0xE0,0x62,0x60,0x7F,0xE0,0x67,0x60,0x78,0xE0,0x60,0x60,0x7F,0xE0,0x00,0x00,0x52,0x20,0x50,0xB0,0x9F,0x80}},
  {0x606D, {0x00,0x00,0x11,0x80,0x11,0x80,0x7F,0xE0,0x11,0x80,0xFF,0xF0,0x10,0x80,0x64,0x40,0xD5,0x70,0x25,0x60,0x65,0xA0,0x1C,0x00}},
  {0x606F, {0x04,0x00,0x3F,0xC0,0x20,0x40,0x3F,0xC0,0x20,0x40,0x3F,0xC0,0x20,0x40,0x3F,0xC0,0x50,0x20,0x56,0xA0,0x90,0x90,0x1F,0x80}},
  {0x6070, {0x00,0x00,0x21,0x80,0x21,0x80,0x32,0x40,0xE4,0x20,0xAF,0xF0,0xA0,0x00,0x27,0xE0,0x24,0x20,0x24,0x20,0x27,0xE0,0x24,0x20}},
  {0x6071, {0x00,0x00,0x22,0x80,0x22,0x40,0x7D,0x60,0xFB,0x30,0xA6,0x40,0x27,0xE0,0x22,0xA0,0x22,0x80,0x24,0x90,0x2C,0x90,0x38,0xF0}},
  {0x6073, {0x00,0x00,0x3F,0xC0,0x20,0x40,0x3F,0xC0,0x20,0x40,0x3F,0xC0,0x26,0x60,0x39,0xC0,0x64,0x60,0x52,0xA0,0x50,0xA0,0x9F,0x90}},
  {0x6074, {0x00,0x00,0x04,0x00,0xFF,0xF0,0x00,0x00,0x3F,0xC0,0x20,0x40,0x3F,0xC0,0x20,0x40,0x3F,0xC0,0x14,0x00,0x50,0xA0,0x1F,0x80}},
  {0x6076, {0x00,0x00,0x7F,0xE0,0x49,0x20,0x29,0x40,0x29,0x40,0x09,0x00,0xFF,0xF0,0x00,0x00,0x56,0x60,0x50,0xA0,0x90,0x90,0x1F,0x00}},
  {0x607A, {0x00,0x00,0x29,0x20,0x29,0x20,0x2F,0xE0,0xF0,0x00,0xEF,0xE0,0x20,0x20,0x20,0x20,0x2F,0xE0,0x28,0x10,0x28,0x30,0x27,0xE0}},
  {0x607B, {0x00,0x00,0x20,0x20,0x2F,0x60,0x29,0x60,0xFD,0x60,0xED,0x60,0xAD,0x60,0x2D,0x60,0x2D,0x60,0x26,0x60,0x2B,0x20,0x31,0x60}},
  {0x607E, {0x00,0x00,0x22,0x40,0x2F,0xF0,0x32,0x40,0xB1,0x00,0xA0,0x80,0x2F,0xF0,0x24,0x00,0x24,0x00,0x24,0x00,0x24,0x00,0x27,0xE0}},
  {0x6083, {0x00,0x00,0x2F,0xE0,0x28,0x20,0xF9,0x20,0xEF,0xE0,0xA9,0xA0,0xAB,0xA0,0x2D,0x60,0x29,0x20,0x28,0x20,0x2F,0xE0,0x28,0x20}},
  {0x608F, {0x00,0x00,0x21,0x00,0x2F,0xF0,0x35,0x20,0xE5,0x60,0xAD,0x60,0x2B,0xD0,0x21,0x80,0x23,0x80,0x22,0xC0,0x2C,0x60,0x28,0x30}},
  {0x6094, {0x00,0x00,0x24,0x00,0x27,0xF0,0xF8,0x00,0xFF,0xE0,0xA5,0x20,0x3F,0xF0,0x28,0x20,0x29,0x20,0x2F,0xF0,0x20,0x40,0x21,0xC0}},
  {0x6096, {0x00,0x00,0x21,0x00,0x27,0xE0,0xF1,0x00,0xBF,0xF0,0xA8,0x30,0x2F,0xF0,0x20,0xC0,0x2F,0xF0,0x21,0x00,0x21,0x00,0x23,0x00}},
  {0x6097, {0x00,0x00,0x22,0x00,0x27,0xC0,0x68,0x80,0xFF,0xE0,0xE9,0x20,0xA9,0x20,0x2F,0xE0,0x23,0x00,0x23,0x10,0x2D,0x10,0x38,0xE0}},
  {0x6099, {0x00,0x00,0x21,0x00,0x2F,0xF0,0x20,0x00,0xF7,0xE0,0xB4,0x20,0xA7,0xE0,0x20,0x00,0x27,0xE0,0x20,0x80,0x20,0x80,0x27,0x00}},
  {0x609B, {0x00,0x00,0x23,0x00,0x22,0x40,0x34,0x60,0xFF,0xE0,0xA4,0x40,0xAA,0x30,0x27,0xE0,0x2E,0x40,0x2B,0x80,0x23,0x80,0x2C,0x30}},
  {0x609F, {0x00,0x00,0x2F,0xE0,0x22,0x00,0x7F,0xE0,0xF2,0x20,0xA6,0x20,0xAF,0xF0,0x20,0x00,0x27,0xE0,0x24,0x20,0x27,0xE0,0x24,0x20}},
  {0x60A0, {0x00,0x00,0x22,0x00,0x2B,0xE0,0x6E,0x40,0xED,0x40,0x29,0x80,0x29,0xC0,0x0E,0x20,0x54,0x40,0x52,0xA0,0x90,0x90,0x1F,0x80}},
  {0x60A2, {0x00,0x00,0x21,0x00,0x27,0xE0,0x34,0x20,0xB7,0xE0,0xA4,0x20,0x27,0xE0,0x25,0x00,0x24,0xE0,0x24,0xC0,0x27,0x60,0x24,0x30}},
  {0x60A3, {0x00,0x00,0x06,0x00,0x7F,0xE0,0x46,0x20,0x7F,0xE0,0x06,0x00,0x7F,0xE0,0x46,0x20,0x7F,0xE0,0x04,0x00,0x52,0xA0,0xDF,0x80}},
  {0x60A6, {0x00,0x00,0x24,0x40,0x22,0x80,0x7F,0xE0,0xF8,0x20,0xA8,0x20,0x2F,0xE0,0x22,0x80,0x22,0x80,0x24,0x90,0x2C,0x90,0x38,0xE0}},
  {0x60A8, {0x00,0x00,0x24,0x00,0x27,0xE0,0x69,0x20,0xED,0x20,0x2D,0x40,0x3B,0x20,0x00,0x00,0x54,0x40,0x52,0xA0,0xD0,0x90,0x1F,0x80}},
  {0x60AB, {0x00,0x00,0x06,0x00,0x7F,0xE0,0x06,0x00,0x7F,0xE0,0x40,0x20,0x1F,0x80,0x31,0x90,0xE4,0xE0,0x52,0x20,0x50,0xB0,0x9F,0x80}},
  {0x60AC, {0x00,0x00,0x3F,0xC0,0x20,0x40,0x3F,0xC0,0x20,0x40,0x3F,0xC0,0x20,0x40,0xFF,0xF0,0x10,0xC0,0x7F,0xE0,0x52,0x20,0xDF,0x80}},
  {0x60AE, {0x00,0x00,0x27,0xE0,0x24,0x20,0x24,0x20,0xF7,0xE0,0xA0,0x00,0xAF,0xE0,0x21,0x00,0x2F,0xF0,0x23,0x80,0x26,0x60,0x28,0x30}},
  {0x60B0, {0x00,0x00,0x21,0x00,0x2F,0xF0,0x38,0x30,0xF0,0x00,0xA7,0xE0,0xA0,0x00,0x2F,0xF0,0x25,0x40,0x25,0x60,0x29,0x30,0x23,0x00}},
  {0x60B1, {0x00,0x00,0x22,0x80,0x22,0x80,0x3E,0xF0,0xF2,0x80,0xE2,0x80,0xAE,0xE0,0x22,0x80,0x22,0x80,0x3E,0xF0,0x22,0x80,0x22,0x80}},
  {0x60B2, {0x00,0x00,0x09,0x00,0xF9,0xF0,0x09,0x00,0x79,0xE0,0x09,0x00,0xF9,0xF0,0x04,0x00,0x02,0x20,0x52,0xA0,0xD0,0x90,0x1F,0x80}},
  {0x60B3, {0x00,0x00,0x02,0x00,0x7F,0xE0,0x08,0x40,0x4F,0xC0,0x48,0x40,0x4F,0xC0,0x40,0x00,0x7F,0xE0,0x14,0x00,0x52,0xA0,0x1F,0x80}},
  {0x60B9, {0x00,0x00,0x04,0x00,0x7F,0xE0,0x60,0x40,0x3F,0xC0,0x20,0x00,0x3F,0xC0,0x20,0x40,0x3F,0xC0,0x14,0x00,0x52,0xA0,0x1F,0x80}},
  {0x60BA, {0x00,0x00,0x21,0x00,0x2F,0xF0,0x78,0x10,0xF7,0xE0,0xA4,0x20,0x27,0xE0,0x24,0x00,0x27,0xE0,0x24,0x20,0x24,0x20,0x27,0xE0}},
  {0x60BE, {0x00,0x00,0x21,0x00,0x2F,0xF0,0x3C,0x10,0xFE,0x40,0xA4,0x20,0x20,0x00,0x27,0xE0,0x21,0x80,0x21,0x80,0x21,0x80,0x2F,0xF0}},
  {0x60C0, {0x00,0x00,0x21,0x00,0x22,0x80,0x34,0x40,0xEF,0xF0,0xA0,0x00,0xAF,0xE0,0x2A,0xA0,0x2F,0xE0,0x2A,0xA0,0x2A,0xA0,0x28,0x60}},
  {0x60C3, {0x00,0x00,0x27,0xE0,0x24,0x20,0x77,0xE0,0xFC,0x20,0xA7,0xE0,0xA0,0x00,0x24,0xB0,0x27,0xE0,0x24,0x90,0x2F,0x90,0x2C,0xE0}},
  {0x60C5, {0x00,0x00,0x21,0x00,0x2F,0xF0,0x21,0x00,0xFF,0xE0,0xA1,0x00,0xAF,0xF0,0x28,0x20,0x2F,0xE0,0x28,0x20,0x2F,0xE0,0x28,0x20}},
  {0x60C7, {0x00,0x00,0x21,0x00,0x2F,0xF0,0x20,0x00,0xFF,0xE0,0xFC,0x20,0xEF,0xE0,0x27,0xE0,0x21,0x80,0x3F,0xF0,0x21,0x00,0x27,0x00}},
  {0x60C9, {0x00,0x00,0x21,0x00,0x11,0xF0,0x61,0x00,0x0F,0xE0,0x38,0x20,0x28,0x20,0x4F,0xE0,0x04,0x20,0x52,0x20,0x50,0xB0,0x1F,0x80}},
  {0x60CA, {0x00,0x00,0x21,0x00,0x2F,0xF0,0xE0,0x00,0xFF,0xE0,0xEC,0x20,0x2F,0xE0,0x2D,0x20,0x21,0x00,0x2D,0x60,0x39,0x30,0x27,0x00}},
  {0x60D1, {0x00,0x00,0x01,0x40,0x7F,0xF0,0x45,0x20,0x7D,0x40,0x01,0xC0,0xFD,0x90,0x02,0x60,0x54,0x00,0x52,0x20,0x90,0xB0,0x0F,0x80}},
  {0x60D9, {0x00,0x00,0x2F,0xF0,0x2A,0xA0,0x76,0xE0,0xFE,0xE0,0xA8,0x80,0x2F,0xF0,0x22,0xA0,0x2E,0xA0,0x26,0x40,0x2A,0xE0,0x31,0x10}},
  {0x60DB, {0x00,0x00,0x20,0xE0,0x27,0x80,0x24,0x80,0xF7,0xF0,0xAC,0x90,0xA6,0x70,0x27,0xE0,0x24,0x20,0x27,0xE0,0x24,0x20,0x27,0xE0}},
  {0x60DC, {0x00,0x00,0x22,0x40,0x2F,0xE0,0xF2,0x40,0xB2,0x40,0xAF,0xF0,0x20,0x00,0x2F,0xE0,0x28,0x20,0x2F,0xE0,0x28,0x20,0x07,0xC0}},
  {0x60DF, {0x00,0x00,0x24,0x80,0x34,0x80,0x3F,0xF0,0xF8,0x80,0xBF,0xE0,0xA8,0x80,0x2F,0xE0,0x28,0x80,0x28,0x80,0x2F,0xF0,0x28,0x00}},
  {0x60E0, {0x00,0x00,0x06,0x00,0xFF,0xF0,0x46,0x20,0x7F,0xE0,0x46,0x20,0x7F,0xE0,0x06,0x40,0xFF,0xE0,0x14,0x00,0x52,0xA0,0xDF,0xB0}},
  {0x60E2, {0x00,0x00,0x04,0x00,0x12,0x20,0x50,0xA0,0x50,0x90,0x0F,0x80,0x10,0xC0,0x30,0xC0,0x67,0x90,0xEF,0xB0,0xAA,0xB0,0x38,0xC0}},
  {0x60E7, {0x00,0x00,0x27,0xE0,0x24,0x20,0x27,0xE0,0xF4,0x20,0xBF,0xE0,0xA4,0x20,0x24,0x20,0x27,0xE0,0x3F,0xF0,0x24,0x60,0x28,0x20}},
  {0x60E8, {0x00,0x00,0x21,0x00,0x26,0x40,0x3F,0xE0,0xF1,0x00,0xAF,0xF0,0xA4,0x40,0x39,0x30,0x26,0x80,0x23,0x60,0x25,0x80,0x26,0x00}},
  {0x60E9, {0x00,0x00,0x2F,0xE0,0x61,0x00,0x51,0x00,0x65,0xE0,0xE5,0x00,0x25,0x00,0x0F,0xF0,0x50,0x20,0x56,0x20,0x90,0x90,0x0F,0x80}},
  {0x60EA, {0x00,0x00,0x00,0x00,0x7F,0xE0,0x20,0x40,0x3F,0xC0,0x20,0x40,0x3F,0xC0,0x20,0x40,0xFF,0xF0,0x14,0x00,0x52,0xA0,0x1F,0x80}},
  {0x60EC, {0x00,0x00,0x2F,0xF0,0x28,0x80,0x3F,0xE0,0xEA,0xA0,0xAA,0xC0,0xAF,0xF0,0x29,0x80,0x2B,0x40,0x2E,0x20,0x28,0x00,0x2F,0xF0}},
  {0x60ED, {0x00,0x00,0x44,0x20,0x49,0xC0,0x5F,0x00,0xE9,0x00,0xCD,0xF0,0xD5,0x20,0x5F,0x20,0x45,0x20,0x5F,0x20,0x45,0x20,0x46,0x20}},
  {0x60EF, {0x00,0x00,0x2F,0xE0,0x2D,0x20,0xFF,0xE0,0xF9,0x20,0xAF,0xE0,0x20,0x00,0x20,0x00,0x2F,0xE0,0x29,0x20,0x2B,0xA0,0x2C,0x60}},
  {0x60F3, {0x00,0x00,0x27,0xE0,0xFC,0x20,0x27,0xE0,0x74,0x20,0x6F,0xE0,0xA4,0x20,0x27,0xE0,0x54,0x00,0x52,0xA0,0x90,0xB0,0x0F,0x80}},
  {0x60F4, {0x29,0x20,0x29,0x20,0x29,0x20,0xFF,0xE0,0xF0,0x00,0xAF,0xF0,0x23,0x00,0x2F,0xE0,0x2A,0xA0,0x2A,0xA0,0x2A,0xA0,0x28,0x60}},
  {0x60F8, {0x00,0x00,0x24,0x00,0x27,0xF0,0xF4,0xB0,0xF7,0xB0,0xB4,0xA0,0xA7,0xE0,0x20,0x00,0x27,0xE0,0x2F,0xF0,0x20,0x80,0x27,0x80}},
  {0x60F9, {0x00,0x00,0x10,0x80,0xFF,0xF0,0x1C,0x80,0xFF,0xF0,0x10,0x00,0x7F,0xC0,0xF0,0x40,0x1F,0xC0,0x54,0xA0,0x52,0x90,0x8F,0x80}},
  {0x60FC, {0x00,0x00,0x01,0x00,0x2F,0xE0,0x68,0x20,0xFF,0xE0,0xA8,0x00,0xAF,0xE0,0x2D,0x40,0x2F,0xE0,0x35,0x40,0x35,0x40,0x24,0x60}},
  {0x6101, {0x00,0x00,0x78,0x80,0x24,0xA0,0xFB,0xC0,0x31,0x80,0x79,0x80,0xE2,0x40,0x24,0x30,0x06,0x40,0x52,0xA0,0x50,0x90,0x8F,0x80}},
  {0x6106, {0x00,0x00,0x25,0xE0,0x64,0x00,0x59,0xF0,0x24,0x40,0x62,0x40,0xA4,0x40,0x29,0xC0,0x04,0x20,0x52,0xA0,0xD0,0x90,0x0F,0x80}},
  {0x6108, {0x00,0x00,0x06,0x00,0x19,0x80,0x6F,0x70,0x00,0x40,0x7D,0x40,0x45,0x40,0x7C,0x40,0x44,0xC0,0x4C,0xA0,0x52,0xB0,0x4F,0x80}},
  {0x610F, {0x00,0x00,0x04,0x00,0x7F,0xE0,0x10,0x80,0xFF,0xF0,0x20,0x40,0x3F,0xC0,0x20,0x40,0x3F,0xC0,0x02,0x20,0x50,0x90,0x9F,0x80}},
  {0x6113, {0x00,0x00,0x27,0xE0,0x24,0x20,0xE7,0xE0,0xB4,0x20,0x3F,0xF0,0x24,0x00,0x2F,0xE0,0x32,0xA0,0x24,0xA0,0x29,0x20,0x22,0xE0}},
  {0x6116, {0x00,0x00,0x24,0x40,0x2F,0xF0,0x24,0x40,0xF7,0xC0,0xA4,0x40,0xA7,0xC0,0x24,0x40,0x2F,0xF0,0x29,0x40,0x2A,0x20,0x2F,0xE0}},
  {0x6118, {0x00,0x00,0x21,0x00,0x2F,0xF0,0x2A,0x10,0xF7,0xE0,0xAE,0x40,0x23,0x80,0x2C,0x70,0x27,0xE0,0x24,0x20,0x24,0x20,0x27,0xE0}},
  {0x611A, {0x00,0x00,0x3F,0xC0,0x26,0x40,0x3F,0xC0,0x26,0x40,0x7F,0xE0,0x46,0xA0,0x5F,0xA0,0x44,0xE0,0x02,0x00,0x50,0xA0,0x1F,0x80}},
  {0x611E, {0x00,0x00,0x2F,0xF0,0x21,0x00,0x7F,0xF0,0xFA,0x90,0xAA,0x90,0x28,0x60,0x21,0x00,0x2F,0xF0,0x21,0x80,0x26,0x60,0x28,0x30}},
  {0x611F, {0x00,0x00,0x01,0x40,0x7F,0xF0,0x41,0x00,0x7F,0xA0,0x40,0xC0,0x5E,0xD0,0x52,0xD0,0x9F,0x60,0x06,0x00,0x50,0xA0,0x5F,0x80}},
  {0x6122, {0x00,0x00,0x2F,0xE0,0x29,0x20,0x39,0x20,0xFF,0xE0,0xA9,0x20,0x2F,0xE0,0x20,0x20,0x29,0xA0,0x2E,0x60,0x36,0x50,0x23,0xC0}},
  {0x6123, {0x00,0x00,0x2F,0xE0,0x2A,0xA0,0x7A,0xA0,0xFF,0xE0,0xE1,0x00,0xAF,0xF0,0x26,0x00,0x27,0xE0,0x24,0x20,0x2C,0x60,0x39,0xC0}},
  {0x6124, {0x00,0x00,0x21,0x00,0x2F,0xE0,0xF5,0x40,0xEF,0xF0,0xA4,0x40,0x2F,0xE0,0x28,0x20,0x29,0x20,0x29,0x20,0x23,0xC0,0x3C,0x20}},
  {0x6127, {0x00,0x00,0x22,0x00,0xEF,0xE0,0xF9,0x20,0xFF,0xE0,0xA9,0x20,0x2F,0xE0,0x23,0x60,0x23,0xA0,0x27,0x20,0x2D,0x10,0x30,0xE0}},
  {0x613A, {0x00,0x00,0x22,0x40,0x2F,0xF0,0x22,0x40,0xFF,0xE0,0xE8,0x20,0xAF,0xE0,0x28,0x20,0x2F,0xE0,0x21,0x00,0x2F,0xF0,0x21,0x00}},
  {0x613F, {0x00,0x00,0x7F,0xF0,0x42,0x00,0x5F,0xE0,0x58,0x20,0x5F,0xE0,0x49,0x40,0x76,0x30,0x40,0x00,0x59,0x20,0xEC,0x90,0x87,0x80}},
  {0x6141, {0x00,0x00,0x7F,0xE0,0x40,0x20,0x5F,0xE0,0x4F,0xA0,0x5F,0xA0,0x5E,0x20,0x40,0x20,0x7F,0xE0,0x52,0x20,0x50,0xA0,0x1F,0x80}},
  {0x6145, {0x00,0x00,0x2F,0xE0,0x25,0x40,0x73,0x80,0xEF,0xE0,0xA9,0x00,0x2F,0xE0,0x29,0x20,0x2F,0xE0,0x29,0x20,0x21,0xE0,0x3F,0x10}},
  {0x6146, {0x00,0x00,0x20,0xE0,0x2F,0x00,0x21,0x20,0xF5,0xA0,0xA0,0x00,0x2E,0xE0,0x28,0x20,0x2E,0xE0,0x28,0x20,0x28,0x20,0x2F,0xE0}},
  {0x614C, {0x00,0x00,0x24,0x40,0x2F,0xF0,0xE4,0x40,0xF1,0x00,0xEF,0xF0,0xA8,0x00,0x2F,0xE0,0x29,0x40,0x29,0x40,0x29,0x50,0x31,0x30}},
  {0x614E, {0x00,0x00,0x21,0x00,0x2F,0xE0,0x71,0x00,0xFF,0xE0,0xA8,0x20,0xAF,0xE0,0x28,0x20,0x2F,0xE0,0x28,0x20,0x3F,0xF0,0x28,0x20}},
  {0x614F, {0x00,0x00,0x2F,0xF0,0x28,0x00,0x77,0xE0,0xFC,0x20,0xA7,0xE0,0xA4,0x20,0x27,0xE0,0x21,0x00,0x2F,0xF0,0x26,0x40,0x28,0x30}},
  {0x6151, {0x00,0x00,0x2F,0xE0,0x24,0x40,0x37,0xC0,0xF4,0x60,0xEF,0xE0,0xA0,0x40,0x20,0x00,0x2F,0xE0,0x2A,0xA0,0x2C,0xC0,0x3B,0xB0}},
  {0x6153, {0x00,0x00,0x2F,0xF0,0x22,0x80,0x2F,0xE0,0xFA,0xA0,0xAF,0xE0,0x27,0xE0,0x20,0x00,0x2F,0xF0,0x25,0x40,0x29,0x30,0x23,0x00}},
  {0x615D, {0x00,0x00,0x7F,0xE0,0x48,0x80,0x7F,0xE0,0x48,0x00,0x5F,0xC0,0x68,0x40,0x7F,0xE0,0x06,0x00,0x52,0x20,0x50,0xA0,0x0F,0x90}},
  {0x6161, {0x00,0x00,0x21,0x00,0x2F,0xF0,0x39,0x00,0xFD,0x60,0xAB,0x60,0x2B,0x60,0x2D,0x60,0x2B,0xC0,0x22,0x80,0x24,0x60,0x38,0x30}},
  {0x6162, {0x00,0x00,0x2F,0xE0,0x28,0x20,0x3F,0xE0,0xF8,0x20,0xAF,0xE0,0x2A,0xA0,0x2A,0xA0,0x2F,0xE0,0x22,0xC0,0x23,0x80,0x2C,0x60}},
  {0x6165, {0x00,0x00,0x28,0x80,0x2B,0xE0,0x72,0x80,0xE3,0xF0,0xB8,0x00,0x2B,0xE0,0x2A,0x20,0x2A,0x20,0x2B,0xE0,0x3C,0x00,0x33,0xF0}},
  {0x616F, {0x00,0x00,0x24,0x00,0x27,0xF0,0x68,0x00,0xFF,0xE0,0xA4,0x20,0x2F,0xF0,0x24,0x00,0x2F,0xE0,0x32,0xA0,0x2D,0xA0,0x23,0xE0}},
  {0x6171, {0x00,0x00,0x21,0x00,0x2F,0xF0,0x21,0x00,0x7F,0xE0,0xE9,0x20,0xAF,0xE0,0x21,0x20,0x2F,0xF0,0x3F,0xF0,0x24,0x40,0x21,0xC0}},
  {0x6172, {0x00,0x00,0x24,0x40,0x2F,0xF0,0x34,0x40,0xF7,0xC0,0xA1,0x00,0xAF,0xE0,0x2D,0x20,0x2F,0x60,0x2F,0xE0,0x29,0x20,0x29,0x60}},
  {0x6177, {0x00,0x00,0x61,0x00,0x6F,0xF0,0x69,0xA0,0xFF,0xF0,0xE9,0xA0,0xEF,0xE0,0x6D,0xA0,0x6B,0xE0,0x77,0xC0,0x7D,0xB0,0x73,0x00}},
  {0x6183, {0x00,0x00,0x04,0x00,0x7F,0xE0,0x08,0x00,0x7F,0xE0,0x30,0xC0,0x7F,0xC0,0x20,0x40,0x3F,0xC0,0x54,0x20,0x50,0xB0,0x1F,0x80}},
  {0x618B, {0x00,0x00,0x54,0x80,0x55,0xF0,0x7D,0x20,0x76,0xA0,0x74,0xC0,0x5C,0xC0,0x5D,0x30,0x04,0x00,0x52,0x20,0x90,0xA0,0x0F,0x90}},
  {0x618C, {0x00,0x00,0x31,0x00,0x69,0xE0,0xFE,0x20,0x13,0xA0,0x7C,0xA0,0x5B,0xA0,0x1C,0x20,0x70,0xE0,0x56,0x20,0x50,0xB0,0x1F,0x80}},
  {0x618E, {0x00,0x00,0x26,0x40,0x2F,0xE0,0xE9,0x20,0xBB,0x60,0x2F,0xE0,0x20,0x00,0x2F,0xE0,0x28,0x20,0x2F,0xE0,0x28,0x20,0x07,0xC0}},
  {0x619D, {0x00,0x00,0x10,0x80,0x7F,0x00,0x45,0xF0,0x7B,0x20,0x00,0xC0,0x7C,0xC0,0x08,0xC0,0xFF,0x30,0x14,0x20,0x72,0xA0,0xDF,0x90}},
  {0x61A1, {0x00,0x00,0x24,0x40,0x2F,0xF0,0x2A,0xC0,0xF1,0x00,0xEF,0xF0,0xA1,0x00,0x2F,0xE0,0x29,0x20,0x23,0xE0,0x2D,0x60,0x29,0x00}},
  {0x61AF, {0x00,0x00,0x2F,0xE0,0x2C,0xC0,0x7F,0xF0,0xF6,0x40,0xAB,0xB0,0x20,0x00,0x27,0xE0,0x24,0x20,0x27,0xE0,0x24,0x20,0x27,0xE0}},
  {0x61B1, {0x00,0x00,0x04,0x40,0x0F,0x60,0x60,0x40,0xFF,0xF0,0xC8,0x40,0x88,0xC0,0x0E,0xC0,0x04,0x80,0x15,0x90,0x15,0x30,0x0D,0x30}},
  {0x61C2, {0x44,0x40,0x5F,0xF0,0x64,0x40,0xFF,0xE0,0xD1,0x00,0xDF,0xF0,0x49,0x20,0x4F,0xE0,0x49,0x20,0x4F,0xE0,0x41,0x00,0x5F,0xF0}},
  {0x61C6, {0x00,0x00,0x27,0xE0,0x24,0x20,0x27,0xE0,0xF0,0x00,0xEE,0xE0,0xAA,0xA0,0x2E,0xE0,0x21,0x00,0x2F,0xF0,0x27,0xE0,0x29,0x00}},
  {0x61C8, {0x00,0x00,0x28,0xF0,0x2E,0x50,0xF2,0x90,0xCF,0xE0,0xC5,0xA0,0x0F,0xF0,0x05,0x20,0x0F,0x20,0x15,0xF0,0x15,0x20,0x32,0x20}},
  {0x61CE, {0x00,0x00,0x21,0x00,0x2F,0xE0,0x25,0x60,0xFB,0xA0,0xAF,0xF0,0xA0,0x00,0x2F,0xE0,0x2A,0x60,0x2B,0xE0,0x2A,0x20,0x2F,0xE0}},
  {0x61CF, {0x00,0x00,0x25,0x00,0x2F,0xE0,0x78,0x80,0xEF,0xE0,0x28,0x80,0x2F,0xF0,0x20,0x00,0x2E,0xE0,0x2A,0xA0,0x2B,0xA0,0x28,0x60}},
  {0x61D0, {0x00,0x00,0x21,0x00,0x2F,0xF0,0x20,0x00,0xFF,0xE0,0xFA,0x80,0xAF,0xE0,0x21,0x00,0x2F,0xF0,0x23,0xA0,0x3C,0xE0,0x27,0x20}},
  {0x61D1, {0x00,0x00,0x44,0x80,0x3F,0xE0,0x44,0x80,0x1F,0xE0,0x17,0xA0,0x35,0x60,0x58,0x60,0x52,0x60,0x02,0x00,0x50,0xA0,0x0F,0x90}},
  {0x61D2, {0x00,0x00,0x04,0x80,0x1E,0xE0,0x25,0x60,0x1E,0xE0,0xD6,0xE0,0x16,0xE0,0x16,0xE0,0x1E,0xE0,0x1E,0x40,0x34,0xA0,0x05,0x10}},
  {0x61D6, {0x00,0x00,0x33,0xE0,0x48,0x80,0xFF,0xF0,0x10,0x80,0x7B,0xE0,0x5A,0x20,0x3A,0x20,0x63,0xE0,0x12,0x20,0x50,0xA0,0x1F,0x80}},
  {0x61DC, {0x00,0x00,0x22,0x40,0x2F,0xF0,0x60,0x00,0xFF,0xE0,0xAA,0xA0,0x2F,0xF0,0x2A,0x10,0x27,0xE0,0x2A,0x40,0x23,0x00,0x2C,0x00}},
  {0x61E6, {0x00,0x00,0x2F,0xE0,0x21,0x00,0x7F,0xF0,0xE1,0x10,0xA7,0xE0,0xA0,0x00,0x2F,0xF0,0x21,0x00,0x2F,0xE0,0x2A,0xA0,0x28,0x60}},
  {0x61F0, {0x00,0x00,0x0F,0x80,0x3E,0xE0,0x7E,0xE0,0xDF,0x60,0xC6,0x60,0x3F,0xE0,0x00,0x60,0x0F,0x60,0x09,0x20,0x0F,0xA0,0x1C,0x60}},
  {0x61F1, {0x00,0x00,0x22,0x40,0x2F,0xF0,0x20,0x00,0xFF,0xE0,0xEA,0xA0,0xAF,0xE0,0x21,0x60,0x2F,0xF0,0x2C,0xE0,0x2B,0xD0,0x36,0x60}},
  {0x61F9, {0x00,0x00,0x01,0x00,0x2F,0xF0,0xFA,0xA0,0xEE,0xE0,0xAF,0xE0,0x24,0x40,0x2F,0xE0,0x24,0x40,0x3F,0xF0,0x2C,0xE0,0x27,0x30}},
  {0x6201, {0x00,0x00,0x09,0x40,0xFF,0x40,0x7F,0xF0,0x57,0x40,0x7D,0xE0,0x11,0x40,0x7F,0xF0,0x78,0x00,0x52,0x20,0x50,0xB0,0x0F,0x80}},
  {0x6205, {0x00,0x00,0x23,0xE0,0x78,0x80,0x13,0xE0,0x7B,0xE0,0x4A,0x20,0x7B,0xE0,0x02,0x20,0xFB,0xE0,0x12,0x60,0x52,0xA0,0x1F,0x80}},
  {0x6206, {0x00,0x00,0x23,0xE0,0x79,0xC0,0x5B,0xE0,0xFD,0xE0,0x48,0x80,0x7B,0xF0,0x4A,0x80,0xFD,0xC0,0x56,0x20,0x52,0xA0,0x4F,0x90}},
  {0x6209, {0x00,0x00,0x02,0xC0,0x02,0x00,0x7F,0xF0,0x42,0x00,0x42,0x60,0x42,0x40,0x43,0x80,0x49,0x80,0x7B,0x90,0x66,0xB0,0x08,0x60}},
  {0x620F, {0x00,0x00,0x01,0x40,0xF9,0x20,0x09,0xF0,0x5F,0x00,0x51,0x20,0x31,0x60,0x31,0x40,0x31,0x80,0x29,0x90,0x4A,0xD0,0x84,0x60}},
  {0x6210, {0x00,0x00,0x01,0x40,0x01,0x20,0x7F,0xF0,0x41,0x00,0x41,0x20,0x7D,0x60,0x45,0x40,0x45,0x80,0x4D,0x90,0x5B,0xD0,0x86,0x60}},
  {0x6211, {0x00,0x00,0x1F,0x40,0xF3,0x20,0x13,0x00,0xFF,0xF0,0x11,0x20,0x3D,0x60,0xF1,0xC0,0x11,0x80,0x13,0x90,0x34,0xF0,0x60,0x60}},
  {0x6218, {0x00,0x00,0x21,0x40,0x21,0x20,0x3D,0x00,0x21,0xF0,0x27,0x80,0x79,0x20,0x49,0xE0,0x48,0xC0,0x49,0x90,0x7E,0xD0,0x48,0x60}},
  {0x621A, {0x00,0x00,0x00,0xC0,0x00,0xA0,0x7F,0xF0,0x48,0x80,0x4E,0x80,0x48,0xA0,0x7E,0xE0,0x48,0xC0,0x7A,0xD0,0xE9,0xD0,0x9A,0x30}},
  {0x621D, {0x00,0x00,0x79,0x40,0x49,0x20,0x49,0x00,0x7F,0xF0,0x49,0x00,0x79,0x20,0x48,0xC0,0x78,0x80,0x49,0x90,0x4A,0x50,0x80,0x20}},
  {0x621F, {0x00,0x00,0x11,0x40,0xFD,0x20,0x11,0xA0,0x7D,0xF0,0x47,0x80,0x7C,0xA0,0x44,0xE0,0x7C,0xC0,0x10,0x90,0xFD,0xD0,0x12,0x60}},
  {0x6224, {0x00,0x00,0x7C,0xC0,0x04,0xA0,0x7E,0x80,0x5B,0xF0,0x5A,0x80,0xA4,0xA0,0x00,0xA0,0x7E,0xC0,0x6A,0xD0,0x6B,0x50,0xFE,0x30}},
  {0x6225, {0x00,0x00,0x7D,0xC0,0x45,0xA0,0x7D,0x80,0x47,0xF0,0x7C,0x80,0x50,0xA0,0x7C,0xA0,0x90,0xC0,0x7C,0xD0,0x11,0xD0,0xFF,0x60}},
  {0x622E, {0x00,0x00,0xFE,0xC0,0x6A,0xA0,0x67,0xF0,0xFA,0x80,0x18,0xB0,0xC6,0xA0,0x00,0xE0,0x78,0xC0,0x66,0xD0,0x19,0x50,0x62,0x30}},
  {0x6233, {0x00,0x00,0xFE,0xE0,0x12,0xA0,0x5B,0xF0,0x7E,0x80,0x9A,0x90,0x28,0xA0,0x7E,0xE0,0x48,0xC0,0xFE,0xD0,0x49,0x50,0x7E,0x30}},
  {0x6234, {0x00,0x00,0x10,0xC0,0x7E,0xA0,0x10,0x80,0xFF,0xF0,0x52,0x80,0x7E,0xA0,0x52,0xA0,0x7E,0xC0,0x20,0xD0,0x2C,0xD0,0xFF,0x70}},
  {0x6237, {0x00,0x00,0x04,0x00,0x02,0x00,0x3F,0xE0,0x20,0x20,0x20,0x20,0x7F,0xE0,0x60,0x00,0x40,0x00,0x40,0x00,0x40,0x00,0x80,0x00}},
  {0x623F, {0x00,0x00,0x02,0x00,0x7F,0xE0,0x40,0x20,0x7F,0xE0,0x43,0x00,0x7F,0xF0,0x44,0x00,0x4F,0xE0,0x48,0x60,0x58,0x40,0xB1,0xC0}},
  {0x6240, {0x00,0x00,0x18,0x70,0x73,0x80,0x42,0x00,0x7A,0x00,0x4B,0xF0,0x4A,0x40,0x7A,0x40,0x42,0x40,0x42,0x40,0x44,0x40,0x84,0x40}},
  {0x6241, {0x00,0x00,0x06,0x00,0x7F,0xE0,0x40,0x20,0x7F,0xE0,0x40,0x00,0x7F,0xE0,0x54,0xA0,0x54,0xA0,0x5F,0xE0,0x54,0xA0,0x94,0xE0}},
  {0x6243, {0x00,0x00,0x06,0x00,0x7F,0xE0,0x40,0x20,0x7F,0xE0,0x40,0x00,0x5F,0xE0,0x50,0x20,0x57,0xA0,0x54,0xA0,0x57,0xA0,0x90,0xE0}},
  {0x6248, {0x00,0x00,0x02,0x00,0x7F,0xE0,0x40,0x20,0x7F,0xE0,0x50,0x40,0x5F,0xC0,0x7F,0xE0,0x7F,0xE0,0x70,0x00,0x50,0x10,0x9F,0xE0}},
  {0x624B, {0x00,0x00,0x01,0xE0,0x7E,0x00,0x06,0x00,0x06,0x00,0x7F,0xE0,0x06,0x00,0x06,0x00,0xFF,0xF0,0x06,0x00,0x06,0x00,0x1C,0x00}},
  {0x624D, {0x00,0x00,0x00,0x80,0x00,0x80,0xFF,0xF0,0x01,0x80,0x02,0x80,0x04,0x80,0x08,0x80,0x10,0x80,0x60,0x80,0xC1,0x80,0x07,0x00}},
  {0x624E, {0x00,0x00,0x11,0x00,0x11,0x00,0xFD,0x00,0x11,0x00,0x11,0x00,0x3D,0x00,0xF1,0x00,0x11,0x10,0x11,0x10,0x31,0x30,0x61,0xE0}},
  {0x6250, {0x00,0x00,0x21,0x00,0x21,0x00,0xFF,0xE0,0x21,0x20,0x21,0x20,0x39,0x20,0xE3,0x20,0x22,0x20,0x26,0x20,0x2C,0x20,0xE9,0xE0}},
  {0x6253, {0x00,0x00,0x20,0x00,0x27,0xF0,0xF8,0x40,0x20,0x40,0x20,0x40,0x38,0x40,0xF0,0x40,0x20,0x40,0x20,0x40,0x20,0x40,0xE3,0xC0}},
  {0x6254, {0x00,0x00,0x20,0x00,0x2F,0xC0,0xF4,0x40,0x24,0xC0,0x24,0xE0,0x74,0x20,0xE4,0x20,0x24,0x20,0x2C,0x20,0x28,0x20,0xF1,0xE0}},
  {0x6257, {0x00,0x00,0x20,0x80,0x20,0x80,0xF8,0x80,0x27,0xF0,0x20,0x80,0x38,0x80,0xE0,0x80,0x20,0x80,0x20,0x80,0x20,0x80,0x6F,0xF0}},
  {0x625B, {0x00,0x00,0x27,0xE0,0x21,0x80,0xF9,0x80,0x21,0x80,0x21,0x80,0x79,0x80,0xE1,0x80,0x21,0x80,0x21,0x80,0x21,0x80,0xEF,0xF0}},
  {0x625D, {0x00,0x00,0x27,0xE0,0x20,0x00,0xF0,0x00,0x27,0xF0,0x22,0x00,0x32,0x00,0xE7,0xE0,0x20,0x20,0x20,0x20,0x20,0x20,0xE3,0xC0}},
  {0x6263, {0x00,0x00,0x20,0x00,0x27,0xE0,0xFC,0x20,0x24,0x20,0x24,0x20,0x3C,0x20,0xE4,0x20,0x24,0x20,0x24,0x20,0x27,0xE0,0xE4,0x20}},
  {0x6265, {0x00,0x00,0x21,0x00,0x21,0x20,0xFF,0xC0,0x21,0x00,0x21,0x00,0x31,0xF0,0xEF,0x00,0x21,0x00,0x21,0x10,0x21,0x30,0xE1,0xE0}},
  {0x6269, {0x00,0x00,0x20,0x80,0x20,0x80,0xF7,0xF0,0x24,0x00,0x24,0x00,0x74,0x00,0xE4,0x00,0x24,0x00,0x2C,0x00,0x28,0x00,0xF8,0x00}},
  {0x626A, {0x00,0x00,0x24,0x00,0x27,0xE0,0xF8,0x20,0x28,0x20,0x28,0x20,0x78,0x20,0xE8,0x20,0x28,0x20,0x28,0x20,0x28,0x20,0xC8,0xE0}},
  {0x626B, {0x00,0x00,0x20,0x00,0x27,0xE0,0xF0,0x20,0x20,0x20,0x20,0x20,0x37,0xE0,0xE0,0x20,0x20,0x20,0x20,0x20,0x2F,0xE0,0xE0,0x20}},
  {0x626C, {0x00,0x00,0x27,0xE0,0x20,0xC0,0xF3,0x00,0x26,0x00,0x3F,0xE0,0x62,0xA0,0xA4,0xA0,0x2D,0xA0,0x39,0x20,0x22,0x20,0xC4,0xE0}},
  {0x626D, {0x00,0x00,0x2F,0xE0,0x22,0x20,0xF6,0x20,0x26,0x20,0x36,0x20,0x6F,0xE0,0xE4,0x60,0x24,0x60,0x24,0x60,0x24,0x60,0xDF,0xF0}},
  {0x626E, {0x00,0x00,0x20,0x80,0x20,0x80,0xF2,0x40,0x24,0x20,0x28,0x10,0x3F,0xC0,0xE2,0x40,0x26,0x40,0x24,0x40,0x2C,0x40,0xD9,0xC0}},
  {0x626F, {0x00,0x00,0x20,0x80,0x20,0x80,0xF4,0x80,0x24,0xF0,0x24,0x80,0x34,0x80,0xE4,0x80,0x24,0x80,0x24,0x80,0x24,0x80,0xEF,0xF0}},
  {0x6270, {0x00,0x00,0x22,0x80,0x22,0x40,0xF2,0x00,0x2F,0xF0,0x22,0x80,0x72,0x80,0xE2,0x80,0x24,0x80,0x24,0x90,0x28,0x90,0xE8,0xE0}},
  {0x6273, {0x00,0x00,0x20,0x70,0x27,0x80,0xF4,0x00,0x24,0x00,0x27,0xE0,0x74,0x20,0xE5,0x20,0x25,0x40,0x28,0xC0,0x29,0xC0,0xF6,0x30}},
  {0x6276, {0x00,0x00,0x21,0x00,0x21,0x00,0xF7,0xE0,0x21,0x00,0x21,0x00,0x7F,0xF0,0xE1,0x80,0x23,0x80,0x22,0x40,0x24,0x60,0xE8,0x30}},
  {0x6279, {0x00,0x00,0x2C,0x80,0x2C,0x80,0xFC,0xB0,0x2F,0xE0,0x2C,0xC0,0x7C,0x80,0xEC,0x80,0x2C,0x90,0x2D,0x90,0x2E,0xB0,0xE8,0xE0}},
  {0x627D, {0x00,0x00,0x21,0x00,0x2F,0xF0,0xF1,0x00,0x25,0x20,0x25,0x20,0x7D,0x20,0xE7,0xE0,0x21,0x00,0x21,0x10,0x21,0x10,0xE0,0xE0}},
  {0x627E, {0x00,0x00,0x23,0x40,0x23,0x00,0xFB,0xF0,0x2F,0x00,0x21,0x20,0x39,0x40,0xE1,0x80,0x21,0x80,0x27,0x90,0x28,0xD0,0xE0,0x60}},
  {0x627F, {0x00,0x00,0x3F,0xC0,0x01,0x00,0x02,0x00,0x72,0xB0,0x3F,0xE0,0x22,0x40,0x2F,0x40,0x62,0x40,0x5F,0xA0,0x86,0x10,0x1C,0x00}},
  {0x6280, {0x00,0x00,0x21,0x80,0x21,0x80,0xFF,0xF0,0x21,0x80,0x21,0x80,0x7F,0xE0,0xE6,0x60,0x22,0x40,0x21,0x80,0x23,0xC0,0xEC,0x30}},
  {0x6284, {0x00,0x00,0x21,0x00,0x21,0x00,0xF5,0x60,0x25,0x20,0x25,0x10,0x79,0x00,0xE1,0x20,0x20,0x60,0x20,0xC0,0x23,0x00,0xEC,0x00}},
  {0x628A, {0x00,0x00,0x2F,0xE0,0x29,0x20,0xF9,0x20,0x29,0x20,0x2F,0xE0,0x78,0x20,0xE8,0x00,0x28,0x00,0x28,0x10,0x28,0x30,0xC7,0xE0}},
  {0x6290, {0x00,0x00,0x20,0x80,0x20,0x80,0xFF,0xE0,0x25,0xA0,0x25,0x20,0x7D,0xA0,0xE5,0xE0,0x26,0x60,0x24,0x20,0x24,0x20,0xE4,0xE0}},
  {0x6293, {0x00,0x00,0x20,0xE0,0x2F,0x40,0xF9,0x40,0x29,0x40,0x29,0x40,0x79,0x40,0xE9,0x40,0x29,0x60,0x29,0x20,0x29,0x20,0xD1,0x10}},
  {0x6294, {0x00,0x00,0x2F,0xF0,0x21,0x00,0xF1,0x00,0x23,0x00,0x23,0xC0,0x37,0x40,0xE5,0x20,0x29,0x30,0x29,0x00,0x21,0x00,0xE1,0x00}},
  {0x6295, {0x00,0x00,0x27,0xC0,0x26,0x40,0xF4,0x40,0x24,0x70,0x28,0x00,0x77,0xE0,0xE4,0x40,0x22,0xC0,0x23,0x80,0x22,0xC0,0xE8,0x30}},
  {0x6296, {0x00,0x00,0x20,0x40,0x26,0x40,0xF3,0x40,0x20,0x40,0x26,0x40,0x70,0x40,0xE0,0xF0,0x2F,0xC0,0x20,0x40,0x20,0x40,0xE0,0x40}},
  {0x6297, {0x00,0x00,0x21,0x00,0x21,0x00,0x2F,0xE0,0xF0,0x00,0x27,0xC0,0x74,0x40,0xE4,0x40,0x24,0x40,0x24,0x50,0x28,0x50,0xF0,0x60}},
  {0x6298, {0x00,0x00,0x20,0x60,0x27,0x80,0xF4,0x00,0x24,0x00,0x27,0xF0,0x74,0x40,0xE4,0x40,0x24,0x40,0x28,0x40,0x28,0x40,0xE8,0x40}},
  {0x6299, {0x00,0x00,0x27,0xE0,0x20,0x80,0xF0,0x80,0x27,0xE0,0x20,0x80,0x70,0x80,0xEF,0xF0,0x20,0x80,0x20,0x80,0x20,0x80,0xE7,0x00}},
  {0x629B, {0x00,0x00,0x28,0x80,0x28,0x80,0xF9,0xE0,0x2E,0xA0,0x2A,0xA0,0x7A,0xA0,0xEA,0xA0,0x2A,0xA0,0x2B,0x70,0x7A,0x10,0xD1,0xE0}},
  {0x629F, {0x00,0x00,0x21,0x00,0x21,0x00,0xFF,0xE0,0x22,0x00,0x2F,0xF0,0x74,0x00,0xE7,0xE0,0x20,0x60,0x26,0xC0,0x21,0x80,0xC0,0xC0}},
  {0x62A0, {0x00,0x00,0x2F,0xF0,0x2E,0x00,0xFD,0x20,0x2D,0x40,0x2C,0xC0,0x7C,0xC0,0xED,0x40,0x2F,0x20,0x2E,0x20,0x2C,0x00,0xE7,0xF0}},
  {0x62A1, {0x00,0x00,0x21,0x00,0x23,0x80,0xF4,0x60,0x28,0x30,0x24,0x40,0x74,0xC0,0xE5,0x80,0x26,0x20,0x24,0x20,0x24,0x20,0xC7,0xC0}},
  {0x62A2, {0x00,0x00,0x21,0x80,0x23,0x80,0xF6,0x40,0x28,0x30,0x27,0xC0,0x34,0x40,0xE4,0x40,0x25,0xC0,0x24,0x10,0x24,0x20,0xE7,0xE0}},
  {0x62A4, {0x00,0x00,0x21,0x00,0x21,0x80,0xF7,0xE0,0x24,0x20,0x24,0x20,0x74,0x20,0xE7,0xE0,0x24,0x00,0x2C,0x00,0x28,0x00,0xE8,0x00}},
  {0x62A5, {0x00,0x00,0x27,0xE0,0x24,0x20,0xFC,0x20,0x24,0x20,0x2D,0xC0,0x7F,0xE0,0xE6,0x20,0x25,0x60,0x25,0xC0,0x25,0xC0,0xE6,0x30}},
  {0x62A9, {0x00,0x00,0x21,0x00,0x27,0xE0,0xFD,0x20,0x25,0x20,0x27,0xE0,0x3D,0x20,0xE5,0x20,0x2F,0xF0,0x24,0x20,0x24,0x20,0xE4,0xE0}},
  {0x62AC, {0x00,0x00,0x21,0x00,0x22,0x00,0xF2,0x40,0x24,0x60,0x2F,0xE0,0x70,0x10,0xE7,0xE0,0x24,0x20,0x24,0x20,0x27,0xE0,0xE4,0x20}},
  {0x62B5, {0x00,0x00,0x20,0xE0,0x2F,0x80,0xF8,0x80,0x28,0x80,0x3F,0xF0,0x68,0x80,0xE8,0x80,0x28,0x80,0x29,0x90,0x2E,0x50,0xC9,0x30}},
  {0x62B9, {0x00,0x00,0x21,0x00,0x21,0x00,0xFF,0xF0,0x21,0x00,0x21,0x00,0x7F,0xE0,0xE3,0x80,0x25,0x40,0x2D,0x60,0x39,0x30,0xC1,0x00}},
  {0x62BB, {0x00,0x00,0x21,0x00,0x21,0x00,0xFF,0xE0,0x29,0x20,0x2F,0xE0,0x39,0x20,0xE9,0x20,0x2F,0xE0,0x21,0x00,0x21,0x00,0xC1,0x00}},
  {0x62C5, {0x00,0x00,0x27,0xE0,0x24,0x20,0xF4,0x20,0x27,0xE0,0x24,0x20,0x34,0x20,0xE4,0x20,0x27,0xE0,0x24,0x20,0x20,0x00,0xEF,0xF0}},
  {0x62C6, {0x00,0x00,0x20,0x60,0x27,0x80,0xF4,0x00,0x24,0x00,0x27,0xF0,0x74,0xC0,0xE5,0xC0,0x24,0xC0,0x28,0xE0,0x28,0xC0,0xF0,0xC0}},
  {0x62C8, {0x00,0x00,0x21,0x00,0x21,0x00,0xF1,0xF0,0x21,0x00,0x21,0x00,0x3F,0xE0,0xE4,0x20,0x24,0x20,0x24,0x20,0x27,0xE0,0xE4,0x20}},
  {0x62C9, {0x00,0x00,0x21,0x00,0x21,0x80,0xFF,0xE0,0x20,0x00,0x24,0x60,0x36,0x40,0xE2,0x40,0x22,0x40,0x22,0x80,0x20,0x80,0xEF,0xF0}},
  {0x62CC, {0x00,0x00,0x21,0x00,0x2D,0x20,0xF1,0x40,0x21,0x00,0x2F,0xE0,0x71,0x00,0xE1,0x00,0x2F,0xF0,0x21,0x00,0x21,0x00,0xC1,0x00}},
  {0x62CD, {0x00,0x00,0x21,0x00,0x21,0x00,0xFF,0xE0,0x24,0x20,0x24,0x20,0x74,0x20,0xE7,0xE0,0x24,0x20,0x24,0x20,0x24,0x20,0xE7,0xE0}},
  {0x62CF, {0x00,0x00,0x23,0xE0,0xFC,0x20,0x79,0x40,0x3D,0xC0,0x43,0x70,0x7F,0xE0,0x02,0x00,0x7F,0xE0,0x02,0x00,0xFF,0xF0,0x1C,0x00}},
  {0x62D0, {0x00,0x00,0x27,0xE0,0x24,0x20,0xF4,0x20,0x27,0xE0,0x25,0x00,0x71,0x00,0xEF,0xE0,0x22,0x20,0x22,0x20,0x24,0x20,0xE9,0xE0}},
  {0x62D4, {0x00,0x00,0x22,0xC0,0x22,0x00,0xFF,0xF0,0x24,0x00,0x27,0xE0,0x76,0x40,0xEA,0x40,0x29,0xC0,0x31,0x80,0x33,0xC0,0xCC,0x30}},
  {0x62D6, {0x00,0x00,0x24,0x00,0x24,0x00,0xFF,0xE0,0x28,0x00,0x21,0x00,0x75,0xE0,0xE7,0x20,0x2D,0xE0,0x25,0x10,0x24,0x10,0xC7,0xE0}},
  {0x62D7, {0x00,0x00,0x44,0x80,0x44,0x80,0xEB,0xE0,0x4A,0xA0,0x5C,0xA0,0x64,0xA0,0xCA,0xA0,0x4A,0xA0,0x5F,0x20,0x41,0x20,0xC2,0xE0}},
  {0x62D8, {0x00,0x00,0x26,0x00,0x24,0x00,0xFF,0xE0,0x28,0x20,0x2F,0xA0,0x74,0xA0,0xE4,0xA0,0x27,0xA0,0x24,0x20,0x20,0x20,0xE1,0xE0}},
  {0x62DB, {0x00,0x00,0x2F,0xE0,0x22,0x20,0xF6,0x20,0x2C,0x20,0x21,0xE0,0x70,0x00,0xE7,0xE0,0x24,0x20,0x24,0x20,0x27,0xE0,0xC4,0x20}},
  {0x62DC, {0x00,0x00,0x1F,0xE0,0xF0,0x80,0x20,0x80,0x7B,0xE0,0x20,0x80,0x23,0xE0,0xF8,0x80,0x20,0x80,0x27,0xF0,0x40,0x80,0x40,0x80}},
  {0x62DD, {0x00,0x00,0x27,0xE0,0x20,0x80,0xF0,0x80,0x27,0xE0,0x20,0x80,0x3F,0xE0,0xE0,0x80,0x20,0x80,0x2F,0xF0,0x20,0x80,0xE0,0x80}},
  {0x62E1, {0x00,0x00,0x20,0x80,0x20,0x80,0xFF,0xF0,0x24,0x00,0x24,0x80,0x7C,0x80,0xE5,0x80,0x2D,0x60,0x29,0x20,0x2A,0x60,0xE3,0x90}},
  {0x62E4, {0x00,0x00,0x21,0x00,0x21,0xE0,0xF9,0x00,0x21,0x00,0x2F,0xF0,0x31,0x00,0xE1,0x80,0x21,0x60,0x21,0x20,0x21,0x00,0xE1,0x00}},
  {0x62E5, {0x00,0x00,0x2F,0xE0,0x29,0x20,0xF9,0x20,0x2F,0xE0,0x29,0x20,0x79,0x20,0xEF,0xE0,0x29,0x20,0x29,0x20,0x39,0x20,0xD1,0xE0}},
  {0x62E8, {0x00,0x00,0x25,0x40,0x2D,0x20,0xFB,0x00,0x2F,0xF0,0x22,0x00,0x73,0xE0,0xE6,0x20,0x25,0x40,0x29,0xC0,0x31,0xC0,0xE6,0x30}},
  {0x62E9, {0x00,0x00,0x2F,0xE0,0x26,0x60,0xF3,0xC0,0x23,0xC0,0x2C,0x70,0x71,0x00,0xEF,0xE0,0x21,0x00,0x2F,0xF0,0x21,0x00,0xC1,0x00}},
  {0x62EB, {0x00,0x00,0x27,0xE0,0x24,0x20,0xFF,0xE0,0x24,0x20,0x24,0x20,0x3F,0xE0,0xE5,0x20,0x24,0xE0,0x24,0xC0,0x27,0x60,0xE4,0x10}},
  {0x62EC, {0x00,0x00,0x20,0xE0,0x2F,0x80,0xF1,0x00,0x2F,0xF0,0x21,0x00,0x31,0x00,0xEF,0xE0,0x2C,0x20,0x2C,0x20,0x2F,0xE0,0xCC,0x20}},
  {0x62F0, {0x00,0x00,0x26,0x60,0x25,0xC0,0xF4,0x40,0x2C,0x40,0x3C,0x40,0x37,0xF0,0xF4,0x40,0x24,0x40,0x24,0x40,0x24,0x40,0xE5,0xF0}},
  {0x62F1, {0x00,0x00,0x26,0x40,0x26,0x40,0xFF,0xE0,0x26,0x40,0x26,0x40,0x76,0x40,0xEF,0xF0,0x20,0x00,0x26,0x40,0x2C,0x20,0xD8,0x10}},
  {0x62F3, {0x00,0x00,0x26,0x40,0x14,0x80,0x7F,0xE0,0x08,0x00,0xFF,0xF0,0x10,0x80,0x7F,0x40,0x82,0x30,0x7F,0xE0,0x06,0x00,0x0C,0x00}},
  {0x62F4, {0x00,0x00,0x21,0x80,0x26,0xC0,0xFC,0x30,0x20,0x00,0x27,0xC0,0x31,0x00,0xE1,0x00,0x27,0xE0,0x21,0x00,0x21,0x00,0xCF,0xF0}},
  {0x62F5, {0x00,0x00,0x23,0x00,0x2F,0xF0,0xF2,0x00,0x27,0xE0,0x24,0x20,0x7C,0x40,0xEF,0xF0,0x24,0x40,0x24,0x40,0x24,0x40,0xE5,0x80}},
  {0x62F6, {0x00,0x00,0x24,0xA0,0x25,0x60,0xF5,0x60,0x26,0xA0,0x22,0x00,0x77,0xE0,0xE8,0x20,0x2A,0x40,0x21,0x80,0x23,0x00,0xCC,0x00}},
  {0x62F7, {0x00,0x00,0x22,0x20,0x27,0xE0,0xF2,0x40,0x2F,0xF0,0x21,0x00,0x73,0xE0,0xEE,0x00,0x33,0xE0,0x20,0x20,0x20,0x60,0xC3,0xC0}},
  {0x62FA, {0x00,0x00,0x21,0x80,0x2F,0xF0,0xF1,0x80,0x27,0xE0,0x25,0xA0,0x75,0xA0,0xE5,0xE0,0x23,0xC0,0x27,0xE0,0x2D,0xB0,0xE1,0x80}},
  {0x62FC, {0x00,0x00,0x24,0x60,0x22,0x40,0xFF,0xE0,0x22,0x40,0x32,0x40,0x62,0x40,0xAF,0xF0,0x26,0x40,0x24,0x40,0x2C,0x40,0xE8,0x40}},
  {0x62FD, {0x00,0x00,0x21,0x00,0x21,0x00,0xFF,0xE0,0x29,0x20,0x2F,0xE0,0x79,0x20,0xEF,0xE0,0x29,0x00,0x21,0xF0,0x23,0x90,0xDC,0x60}},
  {0x62FE, {0x00,0x00,0x21,0x80,0x22,0x80,0xF4,0x40,0x28,0x30,0x27,0xC0,0x30,0x00,0xE7,0xE0,0x24,0x20,0x24,0x20,0x27,0xE0,0xC4,0x20}},
  {0x62FF, {0x00,0x00,0x06,0x00,0x09,0xC0,0x3F,0xF0,0xE0,0x40,0x7F,0xC0,0x02,0x00,0x7F,0xC0,0x02,0x00,0xFF,0xF0,0x02,0x00,0x1C,0x00}},
  {0x6300, {0x00,0x00,0x20,0x60,0x27,0xC0,0xFC,0x00,0x27,0xE0,0x27,0x80,0x7F,0x70,0xEF,0x60,0x2B,0x40,0x2B,0x60,0x2B,0xB0,0xD3,0x00}},
  {0x6302, {0x00,0x00,0x21,0x00,0x27,0xE0,0xF1,0x00,0x21,0x00,0x2F,0xF0,0x31,0x00,0xE1,0x00,0x2F,0xE0,0x21,0x00,0x21,0x00,0xCF,0xF0}},
  {0x6304, {0x00,0x00,0x21,0x80,0x25,0xA0,0xF7,0xE0,0x21,0x80,0x2F,0xF0,0x32,0x80,0xE2,0x80,0x22,0x80,0x24,0x90,0x2C,0xD0,0xD8,0x60}},
  {0x6307, {0x00,0x00,0x24,0x60,0x27,0x90,0xFC,0x30,0x27,0xE0,0x20,0x00,0x77,0xE0,0xE4,0x20,0x27,0xE0,0x24,0x20,0x27,0xE0,0xC4,0x20}},
  {0x6308, {0x00,0x00,0x13,0xE0,0x7D,0x20,0x11,0x20,0x7D,0x20,0x12,0xC0,0x10,0x00,0x7F,0xE0,0x02,0x00,0xFF,0xF0,0x06,0x00,0x1C,0x00}},
  {0x6309, {0x00,0x00,0x21,0x00,0x21,0x00,0x2F,0xF0,0xF8,0x30,0x22,0x00,0x7F,0xF0,0xE4,0x40,0x24,0xC0,0x23,0x80,0x23,0xC0,0xCC,0x30}},
  {0x630A, {0x00,0x00,0x21,0x00,0x21,0xE0,0xF1,0x00,0x21,0x00,0x27,0xF0,0x60,0x00,0xFF,0xF0,0x21,0x00,0x21,0xE0,0x21,0x20,0xE1,0x00}},
  {0x630E, {0x00,0x00,0x21,0x00,0x2F,0xE0,0xF2,0x40,0x24,0x20,0x2B,0xD0,0x70,0x00,0xEF,0xE0,0x24,0x00,0x27,0xE0,0x20,0x60,0xC3,0xC0}},
  {0x6310, {0x00,0x00,0x21,0xE0,0x7D,0x20,0x69,0x20,0x6D,0xE0,0x7F,0xE0,0x02,0x00,0x7F,0xE0,0x02,0x00,0xFF,0xF0,0x02,0x00,0x1C,0x00}},
  {0x6311, {0x00,0x00,0x22,0x80,0x2A,0xA0,0xFE,0xA0,0x26,0xC0,0x22,0x80,0x76,0xC0,0xEE,0xA0,0x2A,0x80,0x24,0x90,0x2C,0x90,0xC8,0xE0}},
  {0x631B, {0x00,0x00,0x04,0x00,0xFF,0xF0,0x29,0x40,0xC9,0x30,0x7F,0xE0,0x02,0x00,0x7F,0xC0,0x02,0x00,0xFF,0xF0,0x06,0x00,0x1C,0x00}},
  {0x6320, {0x00,0x00,0x22,0x00,0x23,0xE0,0xFF,0x40,0x21,0xC0,0x23,0xF0,0x74,0x60,0xE0,0x00,0x2F,0xE0,0x22,0x80,0x64,0x90,0xD8,0x60}},
  {0x6328, {0x00,0x00,0x21,0x00,0x22,0x40,0xF6,0x60,0x2F,0xE0,0x24,0x00,0x7F,0xE0,0xE9,0x00,0x2F,0xF0,0x21,0x80,0x26,0x40,0xCC,0x30}},
  {0x632A, {0x00,0x00,0x5F,0xF0,0x4B,0xA0,0xEB,0xA0,0x4F,0xA0,0x4B,0xA0,0x6B,0xA0,0xDE,0x90,0x4A,0x90,0x4A,0xE0,0x52,0x80,0xDE,0x80}},
  {0x632B, {0x00,0x00,0x21,0x00,0x25,0x60,0xF5,0x40,0x25,0x60,0x2B,0xE0,0x7B,0x90,0xE1,0x00,0x2F,0xE0,0x21,0x00,0x61,0x00,0x0F,0xF0}},
  {0x632D, {0x00,0x00,0x2F,0xF0,0x21,0x00,0xFF,0xE0,0x29,0x20,0x2F,0xE0,0x79,0x20,0xE7,0xE0,0x25,0x00,0x27,0x00,0x27,0xC0,0xD8,0x70}},
  {0x632F, {0x00,0x00,0x2F,0xE0,0x28,0x00,0xF8,0x00,0x2B,0xE0,0x28,0x00,0x7F,0xF0,0xEA,0xA0,0x2A,0xE0,0x2A,0x40,0x33,0xE0,0xD2,0x10}},
  {0x6332, {0x00,0x00,0x31,0x00,0x45,0x40,0x2D,0x60,0x31,0x80,0x4E,0x00,0x01,0xE0,0x7F,0xC0,0x02,0x00,0xFF,0xF0,0x06,0x00,0x1C,0x00}},
  {0x6333, {0x00,0x00,0x2F,0xF0,0x24,0x20,0xF5,0x20,0x2B,0x40,0x29,0x60,0x35,0xA0,0xE0,0x00,0x2F,0xE0,0x21,0x00,0x21,0x00,0xFF,0xF0}},
  {0x633C, {0x00,0x00,0x2F,0xE0,0x21,0x00,0xFD,0x20,0x24,0x40,0x22,0x00,0x7F,0xF0,0x64,0x40,0x26,0xC0,0x21,0x80,0x27,0xE0,0xCC,0x20}},
  {0x6349, {0x00,0x00,0x27,0xE0,0x24,0x20,0xFC,0x20,0x27,0xE0,0x31,0x00,0x65,0x00,0xA5,0xE0,0x2D,0x00,0x2D,0x00,0x2F,0x00,0xF1,0xF0}},
  {0x634A, {0x00,0x00,0x2F,0xE0,0x21,0x20,0xF5,0x60,0x24,0x40,0x27,0xE0,0x70,0x40,0xE0,0x80,0x2F,0xF0,0x20,0x80,0x21,0x80,0xE7,0x00}},
  {0x634E, {0x00,0x00,0x25,0xA0,0x21,0xE0,0xF1,0x80,0x27,0xE0,0x24,0x20,0x7F,0xE0,0xE4,0x20,0x27,0xE0,0x24,0x20,0x24,0x20,0xE4,0xE0}},
  {0x6350, {0x00,0x00,0x27,0xE0,0x24,0x20,0xF7,0xE0,0x20,0x00,0x3F,0xE0,0x6C,0x20,0xAF,0xE0,0x2C,0x20,0x2F,0xE0,0x2C,0x20,0xCC,0xE0}},
  {0x6358, {0x00,0x00,0x21,0x00,0x26,0x40,0xFF,0xE0,0x22,0x40,0x24,0x60,0x7A,0x10,0xE7,0xE0,0x2E,0x40,0x23,0x80,0x23,0xC0,0xEC,0x30}},
  {0x635A, {0x00,0x00,0x2F,0xE0,0x2D,0x20,0xFD,0x20,0x2F,0xE0,0x2D,0x20,0x7F,0xE0,0xA1,0x00,0x2F,0xE0,0x21,0x00,0x21,0x00,0xEF,0xF0}},
  {0x635F, {0x00,0x00,0x27,0xE0,0x24,0x20,0xF7,0xE0,0x20,0x00,0x2F,0xE0,0x7C,0x20,0xED,0x20,0x2D,0x20,0x2D,0xA0,0x22,0x40,0xCC,0x30}},
  {0x6360, {0x00,0x00,0x20,0x60,0x27,0xC0,0xF4,0x00,0x27,0xF0,0x24,0x40,0x34,0x40,0xE4,0x40,0x2F,0xF0,0x22,0x40,0x2C,0x60,0xE8,0x10}},
  {0x6363, {0x00,0x00,0x21,0x00,0x27,0xE0,0xFD,0x20,0x25,0x20,0x24,0xC0,0x64,0x00,0xF7,0xF0,0x2A,0xB0,0x2F,0xB0,0x20,0x20,0xE1,0xE0}},
  {0x636D, {0x00,0x00,0x22,0x00,0x2F,0xE0,0xF9,0x20,0x2F,0xE0,0x29,0x20,0x7F,0xE0,0xE6,0x80,0x2C,0x80,0x3F,0xF0,0x60,0x80,0xC0,0x80}},
  {0x636E, {0x00,0x00,0x2F,0xE0,0x28,0x20,0xFF,0xE0,0x28,0x00,0x28,0x80,0x7F,0xF0,0xE8,0x80,0x2F,0xE0,0x2C,0x20,0x34,0x20,0xF7,0xE0}},
  {0x6376, {0x00,0x00,0x60,0xE0,0x6F,0xC0,0xF1,0x00,0x6F,0xF0,0x65,0x20,0x7F,0xF0,0xE5,0x20,0x65,0x20,0x6F,0xF0,0x61,0x00,0xCF,0xE0}},
  {0x6379, {0x00,0x00,0x21,0x00,0x2F,0xF0,0xF6,0x40,0x2D,0x30,0x27,0xC0,0x71,0x40,0xE4,0x40,0x2F,0xF0,0x24,0x40,0x2C,0x40,0xE8,0x40}},
  {0x637B, {0x00,0x00,0x21,0x80,0x22,0x80,0xF5,0x40,0x29,0x30,0x27,0xC0,0x70,0x40,0xE1,0x80,0x2E,0xA0,0x2A,0x70,0x2A,0x50,0xC3,0xC0}},
  {0x637C, {0x00,0x00,0x2F,0xE0,0x21,0x00,0xFF,0xF0,0x23,0xC0,0x2D,0x30,0x72,0x00,0xEF,0xF0,0x24,0x40,0x27,0x80,0x23,0xC0,0xCC,0x20}},
  {0x6387, {0x00,0x00,0x2F,0xF0,0x2A,0xA0,0xF6,0x60,0x2E,0xE0,0x2B,0x80,0x7F,0xE0,0xEA,0xA0,0x26,0xA0,0x26,0xC0,0x6A,0xE0,0xD1,0x30}},
  {0x6389, {0x00,0x00,0x21,0x00,0x21,0xF0,0xF1,0x00,0x2F,0xE0,0x2C,0x20,0x3F,0xE0,0xE8,0x20,0x2F,0xE0,0x21,0x00,0x2F,0xF0,0xC1,0x00}},
  {0x638A, {0x00,0x00,0x21,0x00,0x2F,0xE0,0xF4,0x40,0x22,0x40,0x2F,0xF0,0x70,0x00,0xE7,0xE0,0x24,0x20,0x24,0x20,0x27,0xE0,0xC4,0x20}},
  {0x638C, {0x00,0x00,0x26,0x40,0x16,0x80,0x7F,0xF0,0x60,0x40,0x3F,0xC0,0x00,0x00,0x7F,0xE0,0x02,0x00,0xFF,0xF0,0x06,0x00,0x1C,0x00}},
  {0x638D, {0x00,0x00,0x2F,0xE0,0x28,0x20,0xFF,0xE0,0x28,0x20,0x2F,0xE0,0x70,0x00,0xE8,0xA0,0x2F,0xC0,0x28,0x90,0x2F,0x90,0xEC,0xE0}},
  {0x6390, {0x00,0x00,0x22,0x00,0x27,0xE0,0xFC,0x40,0x28,0xC0,0x22,0x00,0x7C,0xE0,0xE8,0x20,0x2E,0xE0,0x28,0x20,0x2F,0xE0,0xC8,0x20}},
  {0x6392, {0x00,0x00,0x22,0x80,0x22,0x80,0xFE,0xF0,0x22,0x80,0x32,0x80,0x6E,0xE0,0xE2,0x80,0x22,0x80,0x3E,0xF0,0x62,0x80,0xC2,0x80}},
  {0x6396, {0x00,0x00,0x21,0x00,0x2F,0xF0,0xF4,0x80,0x25,0xE0,0x2D,0xA0,0x7F,0x60,0xEF,0x20,0x24,0xC0,0x24,0xC0,0x25,0xE0,0xC6,0x30}},
  {0x63A0, {0x00,0x00,0x21,0x00,0x2F,0xF0,0xF0,0x00,0x27,0xE0,0x24,0x20,0x74,0x20,0xE7,0xE0,0x21,0x00,0x25,0x20,0x29,0x30,0xDB,0x00}},
  {0x63A3, {0x00,0x00,0x28,0x20,0x7E,0xA0,0x48,0xA0,0x7E,0xA0,0x4A,0x20,0x5A,0x20,0x7F,0xE0,0x02,0x00,0x7F,0xE0,0x02,0x00,0x0C,0x00}},
  {0x63A5, {0x00,0x00,0x21,0x00,0x2F,0xE0,0xF4,0x40,0x22,0x40,0x2F,0xF0,0x72,0x00,0xEF,0xF0,0x24,0x40,0x23,0x80,0x23,0xC0,0xCC,0x20}},
  {0x63A7, {0x00,0x00,0x21,0x00,0x21,0x80,0xFF,0xF0,0x2A,0x30,0x26,0x40,0x78,0x20,0xE7,0xE0,0x21,0x00,0x21,0x00,0x21,0x00,0xEF,0xF0}},
  {0x63A8, {0x00,0x00,0x26,0x80,0x24,0x80,0xFF,0xF0,0x28,0x80,0x3F,0xE0,0x78,0x80,0xEF,0xE0,0x28,0x80,0x28,0x80,0x2F,0xF0,0xC8,0x00}},
  {0x63A9, {0x00,0x00,0x21,0x00,0x2F,0xE0,0xF6,0x40,0x29,0x30,0x2F,0xE0,0x7D,0x60,0xEF,0xE0,0x29,0x20,0x2F,0xC0,0x21,0x10,0xC1,0xE0}},
  {0x63AA, {0x00,0x00,0x22,0x40,0x22,0x40,0x2F,0xE0,0xF2,0x40,0x2F,0xF0,0x70,0x00,0xEF,0xE0,0x2C,0x20,0x2F,0xE0,0x6C,0x20,0xCF,0xE0}},
  {0x63AF, {0x00,0x00,0x20,0x80,0x24,0xE0,0xF4,0x80,0x2F,0xF0,0x37,0xE0,0x64,0x20,0xE7,0xE0,0x24,0x20,0x27,0xE0,0x24,0x20,0xC4,0xE0}},
  {0x63B0, {0x00,0x00,0x76,0x60,0xEA,0xC0,0x29,0x40,0xF9,0xF0,0x2F,0x40,0x2A,0x40,0xFB,0xF0,0x4A,0x40,0x4A,0x40,0x4A,0x40,0x96,0xC0}},
  {0x63B1, {0x00,0x00,0x7F,0xE0,0x02,0x00,0x3F,0xC0,0x02,0x00,0x7F,0xE0,0x00,0x00,0x7F,0xE0,0x10,0x80,0xFF,0xF0,0x10,0x80,0x63,0x80}},
  {0x63B4, {0x00,0x00,0x2F,0xE0,0x28,0x20,0xFF,0xE0,0x29,0x20,0x2F,0xE0,0x79,0xA0,0xE9,0x60,0x2F,0xE0,0x28,0x20,0x6F,0xE0,0xC8,0x20}},
  {0x63B5, {0x00,0x00,0x21,0x80,0x22,0x80,0xF4,0x60,0x2B,0xF0,0x20,0x00,0x7E,0xE0,0xEA,0xA0,0x2A,0xA0,0x2E,0xA0,0x28,0xE0,0xC0,0x80}},
  {0x63B7, {0x00,0x00,0x29,0x00,0x22,0xF0,0xF2,0xA0,0x2F,0xA0,0x34,0xE0,0x64,0xA0,0xFF,0xB0,0x26,0x90,0x2E,0x90,0x29,0xE0,0xD0,0x80}},
  {0x63BB, {0x00,0x00,0x2F,0xE0,0x24,0x40,0xF3,0x80,0x2F,0xE0,0x39,0x00,0x6F,0xE0,0x29,0x20,0x2F,0xE0,0x29,0x20,0x61,0xE0,0xDF,0x10}},
  {0x63BC, {0x00,0x00,0x27,0xE0,0x25,0x20,0xFF,0xF0,0x2D,0x20,0x27,0xE0,0x70,0x00,0xE0,0x00,0x2F,0xE0,0x29,0x20,0x23,0x80,0xCC,0x60}},
  {0x63BF, {0x00,0x00,0x24,0x40,0x2F,0xF0,0xF4,0x40,0x21,0x00,0x2F,0xF0,0x74,0x00,0xEF,0xE0,0x34,0x20,0x24,0x20,0x27,0xE0,0xC4,0x20}},
  {0x63C6, {0x00,0x00,0x2F,0x60,0x2A,0xC0,0xFC,0xE0,0x2C,0x40,0x3F,0xF0,0x71,0x00,0xE1,0x00,0x2F,0xE0,0x23,0x00,0x66,0xC0,0xC8,0x20}},
  {0x63C7, {0x00,0x00,0x21,0x00,0x2F,0xF0,0xF1,0x00,0x2F,0xE0,0x2A,0x60,0x7A,0xA0,0xEF,0xE0,0x29,0x20,0x2F,0xE0,0x29,0x20,0xC9,0xE0}},
  {0x63C9, {0x00,0x00,0x27,0xE0,0x26,0xC0,0xF1,0x80,0x2F,0xE0,0x76,0xA0,0xEB,0x20,0x21,0x00,0x2F,0xF0,0x27,0x40,0x2D,0x60,0xD9,0x10}},
  {0x63CC, {0x00,0x00,0x2F,0xE0,0x29,0x20,0xF9,0x20,0x2F,0xE0,0x29,0x20,0x7F,0xE0,0xE1,0x00,0x29,0xA0,0x2A,0x70,0x3A,0x50,0xE3,0xC0}},
  {0x63CD, {0x00,0x00,0x21,0x00,0x2F,0xE0,0xF1,0x00,0x3F,0xF0,0x24,0x40,0x7F,0xE0,0xF1,0x10,0x2F,0xC0,0x23,0x00,0x26,0xC0,0xC8,0x20}},
  {0x63CF, {0x00,0x00,0x22,0x40,0x2F,0xF0,0xF2,0x40,0x20,0x00,0x3F,0xE0,0x69,0x20,0xEF,0xE0,0x29,0x20,0x29,0x20,0x2F,0xE0,0xC8,0x20}},
  {0x63D0, {0x00,0x00,0x27,0xE0,0x24,0x20,0xF7,0xE0,0x24,0x20,0x37,0xE0,0x60,0x00,0xEF,0xF0,0x21,0x80,0x25,0xE0,0x2F,0x00,0xD3,0xF0}},
  {0x63D2, {0x00,0x00,0x20,0xE0,0x2F,0x80,0xF1,0x00,0x2F,0xF0,0x31,0x00,0x6F,0xE0,0xE9,0x20,0x2F,0xE0,0x29,0x20,0x6F,0xE0,0xC8,0x20}},
  {0x63DD, {0x00,0x00,0x24,0x40,0x27,0x40,0xFD,0x70,0x2E,0x40,0x25,0xF0,0x78,0x00,0xE7,0xE0,0x24,0x20,0x27,0xE0,0x24,0x20,0xE7,0xE0}},
  {0x63E1, {0x00,0x00,0x2F,0xE0,0x28,0x20,0xFF,0xE0,0x28,0x20,0x38,0x00,0x6F,0xE0,0xEF,0xE0,0x28,0x80,0x37,0xE0,0x70,0x80,0xDF,0xF0}},
  {0x63E3, {0x00,0x00,0x29,0x20,0x29,0x20,0xFF,0xE0,0x20,0x00,0x2F,0xF0,0x73,0x00,0xEF,0xE0,0x2A,0xA0,0x2A,0xA0,0x6A,0xA0,0xC8,0x60}},
  {0x63E6, {0x00,0x00,0x44,0x20,0x5F,0x20,0xE4,0x60,0x4F,0x60,0x4D,0x60,0x6D,0x60,0xEF,0x60,0x46,0x60,0x4F,0x20,0x54,0x20,0xC4,0xE0}},
  {0x63E7, {0x00,0x00,0x08,0x20,0x7E,0xA0,0x4A,0xA0,0x7E,0xA0,0x3E,0xE0,0x40,0x00,0x7F,0xC0,0x02,0x00,0xFF,0xF0,0x02,0x00,0x1C,0x00}},
  {0x63EA, {0x00,0x00,0x46,0x40,0x5C,0x40,0xF5,0x50,0x5F,0x50,0x4D,0xE0,0x7E,0xE0,0xEE,0xC0,0x54,0xC0,0x54,0xA0,0x45,0x20,0xC5,0x10}},
  {0x63F4, {0x00,0x00,0x20,0xE0,0x2F,0x00,0xF5,0x60,0x2F,0xF0,0x22,0x00,0x7F,0xF0,0xE4,0x00,0x27,0xE0,0x2E,0xC0,0x79,0xC0,0xDE,0x70}},
  {0x63FC, {0x00,0x00,0x2F,0xF0,0x22,0x00,0xF6,0x00,0x2F,0xE0,0x2C,0x20,0x37,0xE0,0xE1,0x20,0x2F,0xA0,0x25,0xC0,0x2D,0x20,0xE3,0x00}},
  {0x6404, {0x00,0x00,0x25,0xF0,0x24,0x00,0xFF,0xE0,0x2F,0x20,0x3D,0x20,0x35,0xE0,0xE5,0x20,0x25,0x20,0x25,0xE0,0x24,0x00,0xC7,0xF0}},
  {0x640B, {0x00,0x00,0x40,0xE0,0x4F,0x00,0x49,0xE0,0xF9,0x00,0x4F,0xF0,0x7D,0x10,0xCF,0xF0,0x5C,0xA0,0x55,0xE0,0x55,0x50,0xEA,0x20}},
  {0x640E, {0x00,0x00,0x4F,0xE0,0x44,0x80,0xE5,0x20,0x49,0xC0,0x68,0xC0,0x7D,0x20,0x59,0xF0,0x48,0x40,0x49,0x60,0x4A,0x50,0xD9,0x80}},
  {0x6412, {0x00,0x00,0x01,0x00,0x6F,0xE0,0xF2,0x40,0x6F,0xF0,0x69,0x00,0xFF,0xF0,0x64,0x00,0x67,0xE0,0x64,0x20,0x6C,0x60,0xD9,0xC0}},
  {0x6413, {0x00,0x00,0x22,0x40,0x22,0x40,0x2F,0xF0,0xF2,0x00,0x27,0xE0,0x72,0x00,0xEF,0xF0,0x24,0x00,0x2F,0xE0,0x30,0x80,0xC7,0xF0}},
  {0x6414, {0x00,0x00,0x2F,0xE0,0x24,0x60,0xF2,0xC0,0x23,0x80,0x3C,0x70,0x71,0x00,0xEF,0xE0,0x29,0x20,0x2F,0xE0,0x61,0x20,0xDF,0xF0}},
  {0x6419, {0x00,0x00,0x2F,0xF0,0x28,0x00,0xFF,0xE0,0x28,0x00,0x2F,0xF0,0x7A,0xA0,0xEB,0xE0,0x28,0x40,0x2F,0xF0,0x3A,0x40,0xD0,0xC0}},
  {0x641A, {0x00,0x00,0x21,0x00,0x2F,0xE0,0xF2,0xE0,0x2C,0x40,0x2F,0xF0,0x7D,0x90,0xEF,0xE0,0x28,0x20,0x2F,0xE0,0x28,0x20,0xC8,0xE0}},
  {0x641E, {0x00,0x00,0x21,0x00,0x2F,0xF0,0xF4,0x20,0x27,0xE0,0x20,0x00,0x7F,0xE0,0xE8,0x20,0x2B,0xE0,0x2A,0x60,0x2B,0xA0,0xC8,0x60}},
  {0x6420, {0x00,0x00,0x49,0xE0,0x4A,0xA0,0xFF,0xA0,0x44,0xE0,0x4D,0xA0,0x7D,0xA0,0xED,0xE0,0x4F,0xA0,0x44,0xA0,0x49,0xA0,0xC9,0x60}},
  {0x6421, {0x00,0x00,0x27,0xE0,0x26,0xC0,0xF3,0xC0,0x2C,0x20,0x2F,0xE0,0xFA,0xA0,0x26,0xE0,0x2B,0x80,0x2F,0xF0,0x27,0xC0,0xD9,0x30}},
  {0x6423, {0x00,0x00,0x20,0xA0,0x20,0xA0,0xFF,0xF0,0x28,0x80,0x2F,0x80,0x7A,0xA0,0xEF,0xE0,0x2A,0x40,0x37,0x50,0x34,0xD0,0xF1,0x20}},
  {0x6426, {0x00,0x00,0x4E,0xE0,0x42,0x20,0xE2,0x20,0x4F,0xE0,0x51,0x00,0xFF,0xE0,0x4A,0xA0,0x42,0x20,0x4E,0xE0,0x52,0xA0,0xCC,0xE0}},
  {0x642B, {0x00,0x00,0x11,0xC0,0x7E,0x60,0x56,0x20,0xFF,0xE0,0x55,0xC0,0x5B,0x60,0x7F,0xE0,0x02,0x00,0xFF,0xF0,0x02,0x00,0x1C,0x00}},
  {0x643A, {0x00,0x00,0x25,0x00,0x2F,0xF0,0xF8,0x80,0x2F,0xE0,0x28,0x80,0x7F,0xF0,0xE0,0x00,0x2F,0xC0,0x24,0x70,0x24,0x20,0xD8,0xE0}},
  {0x643B, {0x00,0x00,0x0F,0x00,0x79,0xE0,0x3F,0xC0,0x20,0x40,0x3F,0xC0,0x00,0x00,0x7F,0xE0,0x10,0x40,0xFF,0xF0,0x10,0x40,0x61,0x80}},
  {0x6441, {0x00,0x00,0x2F,0xE0,0x29,0x20,0xFF,0xE0,0x29,0x20,0x2A,0xE0,0x78,0x20,0xEF,0xC0,0x21,0x20,0x2D,0x60,0x34,0x50,0xC3,0x80}},
  {0x6442, {0x00,0x00,0x2F,0xF0,0x24,0x20,0xF7,0xE0,0x24,0x20,0x27,0xE0,0x74,0x20,0xEF,0xF0,0x20,0x20,0x26,0x40,0x26,0xC0,0xD8,0x30}},
  {0x6444, {0x00,0x00,0x2F,0xE0,0x24,0x40,0xF7,0xC0,0x24,0x40,0x3F,0xF0,0x60,0x00,0xFF,0xE0,0x22,0xA0,0x28,0xE0,0x6E,0xE0,0xD1,0x30}},
  {0x6446, {0x00,0x00,0x2F,0xE0,0x2A,0xA0,0xFA,0xA0,0x2F,0xE0,0x21,0x00,0x7F,0xE0,0xE1,0x00,0x2F,0xF0,0x22,0x40,0x24,0xE0,0xCF,0x20}},
  {0x6447, {0x00,0x00,0x20,0xE0,0x2F,0x00,0xF9,0x20,0x25,0x40,0x34,0x00,0x6F,0xE0,0xE9,0x00,0x3F,0xF0,0x21,0x00,0x69,0x20,0xCF,0xC0}},
  {0x6448, {0x00,0x00,0x21,0x00,0x2F,0xF0,0xF8,0x10,0x27,0xC0,0x24,0x00,0x77,0xE0,0xE4,0xC0,0x24,0xC0,0x2F,0xF0,0x26,0x40,0xC8,0x30}},
  {0x644A, {0x00,0x00,0x41,0x40,0x5D,0x40,0xE7,0xF0,0x56,0x40,0x5F,0xE0,0x6A,0x40,0xCA,0x40,0x4F,0xE0,0x56,0x40,0x56,0x40,0x63,0xF0}},
  {0x644B, {0x00,0x00,0x42,0xE0,0x4C,0xA0,0xEE,0xA0,0x4B,0xB0,0x45,0x00,0x7F,0xE0,0xE4,0xA0,0x56,0xE0,0x54,0x40,0x44,0xE0,0xCD,0x10}},
  {0x6450, {0x00,0x00,0x25,0x20,0x2D,0x20,0xF9,0xE0,0x27,0xF0,0x2E,0x00,0x78,0x40,0xF9,0x60,0x2A,0x40,0x2B,0x40,0x2F,0xC0,0xCE,0xF0}},
  {0x6454, {0x00,0x00,0x21,0x00,0x2F,0xF0,0xFA,0xA0,0x27,0xA0,0x25,0xA0,0x7A,0xD0,0xEB,0xC0,0x21,0x00,0x3F,0xF0,0x21,0x00,0xC1,0x00}},
  {0x6458, {0x00,0x00,0x21,0x00,0x2F,0xF0,0xF2,0xC0,0x2F,0xE0,0x29,0x20,0x7B,0xE0,0xE9,0x20,0x2B,0xE0,0x2A,0x60,0x2B,0xA0,0xC8,0x60}},
  {0x645E, {0x00,0x00,0x2F,0xE0,0x29,0x20,0xFF,0xE0,0x29,0x20,0x2F,0xE0,0x72,0x40,0xE7,0xC0,0x26,0x60,0x2F,0xE0,0x29,0x40,0xD3,0x30}},
  {0x6467, {0x00,0x00,0x29,0x20,0x2F,0xE0,0xF4,0x80,0x2F,0xF0,0x38,0x80,0x7F,0xE0,0xE8,0x80,0x2F,0xE0,0x28,0x80,0x2F,0xF0,0xC8,0x00}},
  {0x6468, {0x00,0x00,0x2F,0xE0,0x28,0x20,0xFF,0xE0,0x2A,0xA0,0x29,0x80,0x7F,0xF0,0xEA,0x80,0x2F,0xE0,0x2C,0x80,0x37,0xF0,0xF0,0x80}},
  {0x6469, {0x00,0x00,0x02,0x00,0x7F,0xF0,0x48,0x80,0x7D,0xE0,0x7D,0xC0,0x42,0xA0,0x5F,0xC0,0x42,0x00,0x7F,0xF0,0xC2,0x00,0x8E,0x00}},
  {0x6478, {0x22,0x80,0x2F,0xF0,0xF2,0x80,0x2F,0xE0,0x28,0x20,0x7F,0xE0,0xE8,0x20,0x2F,0xE0,0x21,0x00,0x2F,0xF0,0x22,0xC0,0xCC,0x30}},
  {0x647C, {0x00,0x00,0x2F,0xF0,0x2A,0xA0,0xFF,0x60,0x29,0x60,0x2F,0x60,0x7A,0x60,0xEF,0x90,0x61,0x00,0x2F,0xE0,0x21,0x00,0xDF,0xF0}},
  {0x647D, {0x00,0x00,0x2F,0xF0,0x22,0x80,0xFF,0xE0,0x2A,0x80,0x2F,0xE0,0x7F,0xE0,0xE0,0x00,0x2F,0xF0,0x25,0x40,0x2D,0x60,0xC3,0x00}},
  {0x6486, {0x00,0x00,0x54,0x80,0x7D,0xF0,0x57,0xA0,0x7C,0xC0,0x57,0x30,0x11,0xE0,0x7E,0x00,0x02,0x00,0xFF,0xF0,0x02,0x00,0x1C,0x00}},
  {0x6487, {0x00,0x00,0x55,0x40,0x4E,0x40,0xE4,0xF0,0x5F,0xA0,0x55,0xA0,0xFF,0x20,0x5F,0x60,0x5F,0x60,0x55,0x60,0x55,0xE0,0xD7,0x90}},
  {0x6489, {0x00,0x00,0x10,0x00,0xFF,0xF0,0x45,0x20,0x7E,0xC0,0xFE,0xC0,0x13,0x30,0x7F,0xE0,0x02,0x00,0xFF,0xF0,0x02,0x00,0x1C,0x00}},
  {0x648B, {0x00,0x00,0x2E,0xE0,0x2A,0xA0,0xFE,0xE0,0x2A,0xA0,0x2E,0xE0,0x7F,0xE0,0xE9,0x20,0x2F,0xE0,0x29,0x20,0x6F,0xE0,0xC8,0x60}},
  {0x648D, {0x00,0x00,0x2F,0xE0,0x2C,0xC0,0xFF,0xF0,0x26,0x40,0x2B,0xB0,0x78,0x00,0xEF,0xE0,0x28,0x20,0x2F,0xE0,0x28,0x20,0xCF,0xE0}},
  {0x6492, {0x00,0x00,0x4A,0x40,0x5F,0x40,0xEA,0x70,0x5F,0xA0,0x40,0xA0,0xFF,0xA0,0x5A,0x60,0x5E,0x40,0x52,0x60,0x5E,0xA0,0xC3,0x10}},
  {0x6497, {0x00,0x00,0x22,0x40,0x2F,0xE0,0xF2,0x40,0x2F,0xF0,0x2F,0xE0,0x79,0x20,0xEF,0xE0,0x29,0x20,0x2F,0xE0,0x26,0x40,0xCC,0x30}},
  {0x6499, {0x00,0x00,0x22,0x40,0x2F,0xF0,0xF2,0x80,0x2F,0xE0,0x2A,0xA0,0x7F,0xE0,0xE8,0x20,0x2F,0xF0,0x24,0x40,0x22,0x40,0xC1,0xC0}},
  {0x649E, {0x00,0x00,0x21,0x00,0x2F,0xE0,0xF2,0x40,0x2F,0xF0,0x29,0x20,0x7F,0xE0,0xE9,0x20,0x2F,0xE0,0x21,0x00,0x21,0x00,0xCF,0xF0}},
  {0x64A4, {0x00,0x00,0x44,0x40,0x5F,0x40,0xE8,0xF0,0x5A,0xA0,0x5F,0xA0,0xF2,0x20,0x5E,0x60,0x52,0x40,0x5E,0x60,0x52,0xA0,0xC7,0x10}},
  {0x64AA, {0x00,0x00,0x22,0x00,0x2F,0xE0,0xF3,0x00,0x2F,0xF0,0x2D,0x70,0x6F,0xE0,0xE9,0x20,0x2F,0xE0,0x21,0x00,0x7F,0xF0,0xC1,0x00}},
  {0x64AD, {0x00,0x00,0x2F,0xE0,0xF5,0x40,0x2F,0xF0,0x27,0x40,0x31,0x30,0x7F,0xE0,0xE9,0x20,0x2F,0xE0,0x29,0x20,0x2F,0xE0,0xC8,0x20}},
  {0x64AE, {0x00,0x00,0x2F,0xE0,0x28,0x20,0xFF,0xE0,0x28,0x20,0x3F,0xF0,0x7A,0x00,0xEE,0xE0,0x2A,0xA0,0x2B,0x60,0x7E,0x60,0xC3,0xB0}},
  {0x64B4, {0x00,0x00,0x44,0x40,0x5F,0x80,0xE0,0xF0,0x4E,0xA0,0x4B,0xA0,0x4F,0xA0,0xFF,0xA0,0x46,0x60,0x5F,0x40,0x44,0xE0,0xDD,0x10}},
  {0x64BA, {0x00,0x00,0x21,0x00,0x2F,0xF0,0xFA,0x70,0x29,0x30,0x2F,0xE0,0x79,0x20,0xEF,0xE0,0x29,0x00,0x2F,0xE0,0x21,0x00,0xC1,0x00}},
  {0x64C3, {0x00,0x00,0x22,0x80,0x2F,0xE0,0xFF,0xE0,0x2A,0x80,0x2F,0xE0,0x7F,0xF0,0xEF,0xE0,0x28,0x00,0x2F,0xF0,0x32,0xE0,0xD7,0x30}},
  {0x64C9, {0x00,0x00,0x2F,0xE0,0x2A,0xA0,0xFF,0xE0,0x24,0x00,0x27,0xF0,0x79,0x10,0xFF,0xE0,0x21,0x60,0x23,0xE0,0x2C,0x20,0xC0,0xE0}},
  {0x64CC, {0x00,0x00,0x24,0xC0,0x2F,0xF0,0xFC,0xA0,0x21,0x20,0x2F,0xF0,0x75,0x20,0xED,0x60,0x2B,0xF0,0x23,0x80,0x26,0x40,0xD8,0x30}},
  {0x64CD, {0x00,0x00,0x27,0xC0,0x24,0x40,0xF7,0xC0,0x20,0x00,0x3E,0xE0,0x6A,0xA0,0xEE,0xE0,0x21,0x00,0x3F,0xF0,0x65,0xC0,0xD9,0x30}},
  {0x64D2, {0x00,0x00,0x21,0x00,0x22,0x80,0xF5,0x40,0x2F,0xF0,0x7A,0xA0,0xE9,0xA0,0x2A,0x20,0x2F,0xE0,0x2A,0xA0,0x2F,0xE0,0xC8,0x60}},
  {0x64D6, {0x00,0x00,0x22,0x40,0x2F,0xF0,0xF8,0x20,0x2F,0xE0,0x28,0x20,0x6F,0xE0,0xEF,0xE0,0x3B,0x20,0x2F,0xE0,0x20,0x20,0xC0,0xE0}},
  {0x64D8, {0x00,0x00,0x7C,0x80,0x47,0xE0,0x7D,0x20,0x65,0x40,0xBF,0xF0,0x00,0x80,0x7F,0xC0,0x02,0x00,0xFF,0xF0,0x02,0x00,0x1C,0x00}},
  {0x64E6, {0x00,0x00,0x41,0x00,0x4F,0xE0,0xF8,0x20,0x4E,0xE0,0x5E,0xE0,0x63,0xC0,0x68,0x20,0xDF,0xE0,0x45,0x40,0x49,0x60,0xD3,0x20}},
  {0x6500, {0x00,0x00,0x26,0x40,0x7F,0xE0,0x76,0xE0,0x2E,0x40,0xFF,0xF0,0x10,0x80,0x3F,0x60,0xE2,0x30,0xFF,0xE0,0x04,0x00,0x0C,0x00}},
  {0x6503, {0x00,0x00,0x42,0x40,0x4F,0xF0,0xE4,0x80,0x4F,0xF0,0x5E,0xA0,0x7E,0x40,0xEF,0xE0,0x58,0x30,0x4F,0xE0,0x4D,0x60,0xCB,0x00}},
  {0x6505, {0x00,0x00,0x24,0x40,0x2F,0xE0,0xF4,0x40,0x2F,0xF0,0x2A,0xA0,0x7F,0xE0,0xEF,0xE0,0x28,0x20,0x2F,0xE0,0x26,0x60,0xDC,0x30}},
  {0x650B, {0x00,0x00,0x44,0x80,0x5E,0xE0,0xE5,0xE0,0x5E,0x80,0x56,0xE0,0x76,0x80,0xFE,0xE0,0x4C,0x80,0x5E,0xE0,0x54,0xA0,0xC5,0x10}},
  {0x6512, {0x00,0x00,0x4C,0xC0,0x5F,0xE0,0xE4,0x40,0x4F,0xF0,0x4A,0x80,0x73,0x30,0xE0,0x00,0x4F,0xE0,0x49,0x20,0x4B,0xE0,0xDC,0x20}},
  {0x6518, {0x00,0x00,0x21,0x00,0x2F,0xF0,0xFA,0xA0,0x2E,0xE0,0x24,0x40,0x7F,0xE0,0xE4,0x40,0x2F,0xF0,0x26,0xA0,0x7C,0x40,0xC7,0x20}},
  {0x651A, {0x00,0x00,0x24,0x40,0x2E,0xE0,0xF6,0x60,0x28,0xA0,0x3F,0xF0,0x6C,0x30,0xE7,0xE0,0x20,0x00,0x2F,0xE0,0x28,0x20,0xCF,0xE0}},
  {0x651E, {0x00,0x00,0x4F,0xF0,0x4A,0x90,0xFF,0xF0,0x44,0xC0,0x4B,0xF0,0x7D,0x40,0xE9,0xF0,0x4F,0x40,0x43,0xF0,0x57,0x40,0xD5,0xF0}},
  {0x6525, {0x00,0x00,0x24,0xC0,0x2F,0xE0,0xF3,0x20,0x2F,0xE0,0x28,0x20,0x7F,0xE0,0xFB,0x40,0x26,0x70,0x2F,0x20,0x21,0x00,0xC9,0x40}},
  {0x652E, {0x00,0x00,0x41,0x00,0x4F,0xE0,0x49,0x20,0xFF,0xF0,0x4A,0xA0,0x7B,0xA0,0xEE,0xE0,0x5F,0xF0,0x44,0x20,0x7C,0x40,0xC7,0x20}},
  {0x652F, {0x00,0x00,0x02,0x00,0xFF,0xF0,0x02,0x00,0x02,0x00,0x7F,0xC0,0x10,0xC0,0x18,0x80,0x09,0x00,0x06,0x00,0x1F,0x80,0x60,0x70}},
  {0x6536, {0x00,0x00,0x12,0x00,0x12,0x00,0x57,0xF0,0x54,0x40,0x5E,0x40,0x52,0x40,0x52,0xC0,0x71,0x80,0x51,0x80,0x12,0xC0,0x1C,0x30}},
  {0x6539, {0x00,0x00,0x03,0x00,0x7A,0x00,0x0B,0xF0,0x0E,0x40,0x0E,0x40,0x7E,0x40,0x4B,0xC0,0x41,0x80,0x49,0x80,0x76,0x40,0x4C,0x30}},
  {0x653B, {0x00,0x00,0x02,0x00,0xFA,0x00,0x27,0xF0,0x26,0x20,0x2E,0x60,0x22,0x40,0x2B,0x40,0x71,0x80,0xC1,0x80,0x06,0x60,0x0C,0x30}},
  {0x653E, {0x00,0x00,0x31,0x00,0x01,0x00,0xFF,0xF0,0x23,0x20,0x27,0x20,0x39,0x40,0x69,0x40,0x48,0xC0,0x48,0xC0,0x4B,0x60,0xBE,0x30}},
  {0x653F, {0x00,0x00,0x01,0x00,0xFF,0x00,0x13,0xF0,0x16,0x20,0x52,0x60,0x5F,0x40,0x51,0x40,0x51,0xC0,0x7D,0x80,0xE3,0x60,0x04,0x30}},
  {0x6540, {0x00,0x00,0x21,0x00,0x21,0x00,0x7B,0xF0,0x4B,0x20,0x4F,0x20,0x79,0x40,0x49,0x40,0x48,0xC0,0x49,0xC0,0x7B,0x60,0x06,0x30}},
  {0x6545, {0x00,0x00,0x31,0x00,0x31,0x00,0xFF,0xF0,0x33,0x20,0x37,0x60,0x31,0x40,0x79,0x40,0x48,0xC0,0x49,0xC0,0x7B,0x60,0x06,0x30}},
  {0x6547, {0x00,0x00,0x11,0x00,0xFD,0x00,0x11,0xF0,0x7F,0x20,0x57,0x20,0x55,0x20,0x39,0x40,0x38,0xC0,0x5C,0xC0,0x91,0x60,0x12,0x30}},
  {0x6548, {0x00,0x00,0x11,0x80,0x11,0x00,0xFD,0xF0,0x03,0x20,0x4B,0x20,0x85,0x60,0x69,0xC0,0x38,0xC0,0x38,0xC0,0x6D,0x60,0xC2,0x10}},
  {0x654C, {0x00,0x00,0x1D,0x00,0xF9,0x00,0x11,0xF0,0x13,0x20,0xFF,0x20,0x17,0x40,0x7D,0x40,0x44,0xC0,0x44,0xC0,0x7D,0x60,0x46,0x30}},
  {0x654F, {0x00,0x00,0x20,0x80,0x7F,0x80,0x41,0xF0,0xFF,0x20,0x54,0x20,0x54,0xA0,0xFE,0xC0,0x44,0xC0,0x7E,0xC0,0x05,0xA0,0x3A,0x10}},
  {0x6551, {0x00,0x00,0x19,0x00,0x15,0x00,0xFD,0xF0,0x13,0x20,0x5F,0x60,0x7B,0x40,0x31,0x40,0x7C,0xC0,0x95,0xC0,0x13,0x60,0x66,0x30}},
  {0x6555, {0x00,0x00,0x10,0x80,0xFD,0x00,0x11,0xF0,0x7F,0x20,0x57,0x20,0x55,0x60,0x7C,0xC0,0x38,0xC0,0x74,0xC0,0x51,0x60,0x92,0x10}},
  {0x6559, {0x00,0x00,0x31,0x00,0x31,0x00,0x7D,0xF0,0x39,0x60,0xFF,0x40,0x13,0x40,0xFF,0xC0,0xD1,0x80,0xFC,0xC0,0x13,0x60,0x74,0x30}},
  {0x6562, {0x00,0x00,0x79,0x80,0x09,0x00,0xFF,0xF0,0x4F,0x20,0x7F,0x20,0x4D,0x60,0x7C,0xC0,0x4C,0xC0,0x5C,0xC0,0xED,0x60,0x0E,0x10}},
  {0x6563, {0x00,0x00,0x28,0x80,0xFD,0x00,0x2B,0xF0,0xFF,0x20,0x45,0x20,0x7C,0x20,0x44,0xC0,0x7C,0xC0,0x44,0xC0,0x45,0x20,0x5A,0x10}},
  {0x6566, {0x00,0x00,0x11,0x00,0xFD,0x00,0x45,0xF0,0x7F,0x20,0x03,0x20,0x7D,0x60,0x09,0x40,0x10,0xC0,0xFC,0xC0,0x13,0x60,0x76,0x30}},
  {0x6568, {0x00,0x00,0x20,0x80,0xFD,0x00,0x49,0xF0,0x0B,0x20,0xFF,0x20,0x00,0xA0,0x7C,0xC0,0x44,0xC0,0x44,0xC0,0x7D,0x20,0x46,0x10}},
  {0x656C, {0x00,0x00,0x2C,0x80,0xFF,0x80,0x2D,0xF0,0x41,0x20,0x7F,0x20,0x45,0x20,0xF4,0xC0,0x54,0xC0,0x34,0xC0,0x05,0xE0,0x1E,0x10}},
  {0x6570, {0x00,0x00,0x54,0x80,0x55,0x00,0xFD,0xF0,0x33,0x20,0xDF,0x20,0x21,0x20,0x20,0xC0,0xFC,0xC0,0x68,0xC0,0x3D,0x60,0xC2,0x10}},
  {0x6574, {0x00,0x00,0x7D,0x00,0xFF,0xF0,0x57,0x20,0x38,0xC0,0x3C,0xC0,0xD7,0x30,0x7F,0xE0,0x22,0x00,0x23,0xC0,0x22,0x00,0xFF,0xF0}},
  {0x657B, {0x00,0x00,0x18,0x00,0x3F,0x80,0x7F,0xE0,0x4F,0xA0,0x3F,0xC0,0x20,0x40,0x3F,0xC0,0x18,0x00,0x7F,0xE0,0x4F,0x00,0x79,0xF0}},
  {0x6587, {0x00,0x00,0x04,0x00,0x02,0x00,0xFF,0xF0,0x10,0x80,0x10,0x80,0x19,0x80,0x09,0x00,0x06,0x00,0x07,0x00,0x39,0xC0,0x60,0x60}},
  {0x6588, {0x00,0x00,0x04,0x00,0x7F,0xE0,0x19,0x80,0x0F,0x00,0xF0,0xF0,0x3F,0x80,0x03,0x00,0xFF,0xF0,0x06,0x00,0x06,0x00,0x1C,0x00}},
  {0x658B, {0x00,0x00,0x04,0x00,0xFF,0xF0,0x19,0x80,0x0F,0x00,0xF9,0xF0,0x00,0x00,0x7F,0xC0,0x04,0x00,0x7F,0xE0,0x49,0x20,0x49,0xE0}},
  {0x658C, {0x00,0x00,0x20,0xE0,0x27,0xE0,0xF0,0xC0,0x1F,0xF0,0x52,0x40,0x66,0x40,0x27,0xC0,0x26,0x40,0x76,0x50,0x57,0xF0,0x8E,0x30}},
  {0x658E, {0x00,0x00,0x04,0x00,0x7F,0xE0,0x19,0x80,0x0F,0x00,0xF0,0xF0,0x2F,0xE0,0x20,0x60,0x3F,0xE0,0x66,0x60,0x56,0xE0,0x80,0x60}},
  {0x658F, {0x00,0x00,0x20,0x80,0x27,0xE0,0xFC,0x20,0x17,0xE0,0x54,0x20,0x57,0xE0,0x35,0x90,0x34,0xE0,0x74,0xC0,0x47,0x60,0x86,0x10}},
  {0x6597, {0x00,0x00,0x01,0x00,0x11,0x00,0x09,0x00,0x25,0x00,0x31,0x00,0x09,0x00,0x01,0x00,0x07,0xF0,0xFF,0x80,0x01,0x00,0x01,0x00}},
  {0x6599, {0x00,0x00,0x20,0x40,0xAA,0x40,0x69,0x40,0x70,0x40,0xFA,0x40,0x21,0x40,0x70,0xF0,0x6F,0xC0,0xA0,0x40,0x20,0x40,0x20,0x40}},
  {0x659C, {0x00,0x00,0x10,0x40,0x29,0x40,0x45,0xC0,0xF8,0x40,0x12,0x40,0x11,0x40,0xFC,0xF0,0x13,0xC0,0x58,0x40,0x94,0x40,0x70,0x40}},
  {0x65A2, {0x00,0x00,0x28,0x20,0x7E,0x20,0x28,0xA0,0xFE,0x20,0x7F,0xA0,0x52,0xA0,0x7E,0x20,0x53,0xF0,0x7E,0x20,0x6C,0x20,0xC6,0x20}},
  {0x65A3, {0x00,0x00,0x7E,0x20,0x6A,0xA0,0x7E,0xA0,0x00,0x20,0x7E,0xA0,0x7A,0xA0,0x52,0x20,0x7B,0xF0,0x1A,0x20,0x7E,0x20,0x0C,0x20}},
  {0x65A4, {0x00,0x00,0x03,0xE0,0x7F,0x80,0x60,0x00,0x60,0x00,0x60,0x00,0x7F,0xF0,0x61,0x00,0x41,0x00,0x41,0x00,0x41,0x00,0x81,0x00}},
  {0x65A7, {0x00,0x00,0x10,0x80,0x39,0xE0,0x4F,0x00,0x1F,0x80,0xE0,0x70,0x3F,0x80,0x20,0x00,0x3F,0xE0,0x21,0x00,0x61,0x00,0x41,0x00}},
  {0x65AD, {0x00,0x00,0x48,0x70,0x6F,0xC0,0x7D,0x00,0x49,0x00,0x7D,0xF0,0x79,0x40,0x7D,0x40,0x4D,0x40,0x49,0x40,0x7E,0x40,0x02,0x40}},
  {0x65B0, {0x10,0x00,0x10,0x60,0x7D,0xC0,0x49,0x00,0x29,0x00,0xFF,0xF0,0x11,0x40,0x7D,0x40,0x5A,0x40,0x96,0x40,0x12,0x40,0x64,0x40}},
  {0x65B9, {0x00,0x00,0x04,0x00,0x02,0x00,0xFF,0xF0,0x18,0x00,0x18,0x00,0x1F,0xC0,0x10,0x40,0x10,0x40,0x30,0x40,0x60,0xC0,0xC7,0x80}},
  {0x65BB, {0x00,0x00,0x22,0x00,0x13,0xF0,0xFC,0x00,0x44,0x00,0x7B,0xC0,0x4A,0x40,0x4A,0x40,0x4A,0x40,0x4A,0x50,0xCE,0x50,0xB4,0x60}},
  {0x65BD, {0x00,0x00,0x22,0x00,0x26,0x00,0xFF,0xF0,0x44,0x80,0x47,0xE0,0x7F,0xA0,0x54,0xA0,0x54,0xA0,0x54,0xE0,0x56,0x10,0xB3,0xE0}},
  {0x65C1, {0x00,0x00,0x04,0x00,0x7F,0xE0,0x10,0x80,0x7F,0xE0,0x44,0x20,0xFF,0xF0,0x10,0x00,0x1F,0xC0,0x10,0x40,0x20,0x40,0x43,0x80}},
  {0x65CA, {0x00,0x00,0x22,0x00,0x27,0xF0,0xFC,0x00,0x47,0xE0,0x7A,0x00,0x5B,0xE0,0x52,0x40,0x52,0xC0,0x52,0x50,0x92,0x50,0xB7,0x70}},
  {0x65CB, {0x00,0x00,0x22,0x00,0x22,0x00,0xFF,0xF0,0x44,0x00,0x47,0xF0,0x70,0xA0,0x54,0x80,0x54,0xE0,0x56,0x80,0x1F,0x80,0x31,0xF0}},
  {0x65CF, {0x00,0x00,0x22,0x00,0x23,0xF0,0xFE,0x00,0x46,0x00,0x7F,0xE0,0x58,0x80,0x5F,0xF0,0x59,0x80,0x51,0x40,0x52,0x20,0xB4,0x10}},
  {0x65D3, {0x00,0x00,0x22,0x00,0x27,0xF0,0xFC,0xA0,0x42,0xA0,0x7F,0xE0,0x54,0x20,0x57,0xE0,0x54,0x20,0x57,0xE0,0x94,0x20,0xB4,0xE0}},
  {0x65D7, {0x00,0x00,0x22,0x00,0x27,0xF0,0xFA,0x60,0x47,0xF0,0x72,0x60,0x53,0xE0,0x52,0x60,0x53,0xE0,0x52,0x60,0x5F,0xF0,0xB4,0x20}},
  {0x65DA, {0x00,0x00,0x26,0x00,0xFF,0xF0,0x4C,0x00,0x47,0xF0,0x75,0x40,0x57,0xE0,0x53,0xE0,0x50,0x00,0x57,0xF0,0xD6,0xE0,0xBD,0x90}},
  {0x65DE, {0x00,0x00,0x22,0x00,0x27,0xF0,0xFD,0x20,0x45,0xF0,0x71,0xA0,0x5C,0xE0,0x55,0xE0,0x55,0x50,0x54,0xC0,0xD6,0x00,0xB9,0xF0}},
  {0x65E0, {0x00,0x00,0x7F,0xE0,0x04,0x00,0x04,0x00,0x04,0x00,0xFF,0xF0,0x0C,0x00,0x0A,0x00,0x1A,0x00,0x12,0x10,0x63,0x30,0xC1,0xE0}},
  {0x65E2, {0x00,0x00,0x7B,0xF0,0x48,0x80,0x7A,0x80,0x4A,0x80,0x7A,0x80,0x43,0xF0,0x50,0xC0,0x49,0xC0,0x59,0xD0,0x62,0xD0,0x44,0x60}},
  {0x65E5, {0x00,0x00,0x3F,0xC0,0x20,0x40,0x20,0x40,0x20,0x40,0x3F,0xC0,0x20,0x40,0x20,0x40,0x20,0x40,0x20,0x40,0x3F,0xC0,0x20,0x40}},
  {0x65E6, {0x00,0x00,0x3F,0xC0,0x20,0x40,0x20,0x40,0x3F,0xC0,0x20,0x40,0x20,0x40,0x20,0x40,0x3F,0xC0,0x20,0x40,0x00,0x00,0xFF,0xF0}},
  {0x65E7, {0x00,0x00,0x4F,0xE0,0x48,0x20,0x48,0x20,0x48,0x20,0x4F,0xE0,0x48,0x20,0x48,0x20,0x48,0x20,0x48,0x20,0x4F,0xE0,0x48,0x20}},
  {0x65E8, {0x00,0x00,0x41,0xC0,0x7E,0x20,0x60,0x20,0x3F,0xE0,0x00,0x00,0x3F,0xC0,0x20,0x40,0x3F,0xC0,0x20,0x40,0x3F,0xC0,0x00,0x00}},
  {0x65E9, {0x00,0x00,0x3F,0xC0,0x20,0x40,0x3F,0xC0,0x20,0x40,0x3F,0xC0,0x26,0x40,0x06,0x00,0xFF,0xF0,0x06,0x00,0x06,0x00,0x06,0x00}},
  {0x65EC, {0x00,0x00,0x10,0x00,0x3F,0xE0,0x20,0x20,0x7F,0x20,0xA1,0x20,0x3F,0x20,0x21,0x20,0x21,0x20,0x3F,0x20,0x20,0x60,0x03,0xC0}},
  {0x65EE, {0x00,0x00,0x08,0x00,0x7F,0x80,0x10,0x90,0x30,0xE0,0xC0,0x00,0x3F,0xC0,0x20,0x40,0x3F,0xC0,0x20,0x40,0x3F,0xC0,0x00,0x00}},
  {0x65F6, {0x00,0x00,0x00,0x40,0x78,0x40,0x4F,0xF0,0x48,0x40,0x7A,0x40,0x4A,0x40,0x49,0x40,0x48,0x40,0x78,0x40,0x48,0x40,0x03,0xC0}},
  {0x65FD, {0x00,0x00,0x71,0x00,0x5F,0xF0,0x51,0x00,0x55,0x20,0x75,0x20,0x55,0x20,0x57,0xE0,0x51,0x00,0x71,0x10,0x51,0x10,0x00,0xE0}},
  {0x6602, {0x00,0x00,0x3F,0xC0,0x20,0x40,0x3F,0xC0,0x20,0x40,0x3F,0xC0,0x00,0x00,0x7B,0xE0,0x42,0x20,0x5A,0x20,0x62,0xE0,0x02,0x00}},
  {0x6606, {0x00,0x00,0x3F,0xC0,0x20,0x40,0x3F,0xC0,0x20,0x40,0x3F,0xC0,0x02,0x00,0x42,0x60,0x7F,0x80,0x42,0x00,0x4E,0x10,0x71,0xE0}},
  {0x660C, {0x00,0x00,0x3F,0xC0,0x20,0x40,0x3F,0xC0,0x20,0x40,0x3F,0xC0,0x00,0x00,0x7F,0xE0,0x40,0x20,0x7F,0xE0,0x40,0x20,0x3F,0xC0}},
  {0x660E, {0x00,0x00,0x03,0xE0,0x7A,0x20,0x4A,0x20,0x4B,0xE0,0x7A,0x20,0x4A,0x20,0x4B,0xE0,0x4E,0x20,0x7C,0x20,0x4C,0x20,0x08,0xE0}},
  {0x660F, {0x00,0x40,0x7F,0x80,0x42,0x00,0x7F,0xE0,0x61,0x90,0x7C,0xE0,0x00,0x00,0x3F,0xC0,0x20,0x40,0x3F,0xC0,0x20,0x40,0x1F,0x80}},
  {0x6613, {0x00,0x00,0x3F,0xC0,0x20,0x40,0x3F,0xC0,0x20,0x40,0x3F,0xC0,0x10,0x00,0x3F,0xE0,0xC9,0x20,0x13,0x20,0x66,0x60,0x09,0xC0}},
  {0x6619, {0x00,0x00,0x7F,0xE0,0x60,0x60,0x7F,0xE0,0x60,0x60,0x7F,0xE0,0x00,0x00,0x3F,0xC0,0x00,0x00,0xFF,0xF0,0x10,0xC0,0x7F,0xE0}},
  {0x661F, {0x00,0x00,0x3F,0xE0,0x20,0x20,0x3F,0xE0,0x20,0x20,0x3F,0xE0,0x22,0x00,0x7F,0xE0,0xC2,0x00,0x3F,0xE0,0x02,0x00,0xFF,0xF0}},
  {0x6620, {0x00,0x00,0x01,0x00,0x71,0x00,0x57,0xE0,0x55,0x20,0x55,0x20,0x75,0x20,0x5F,0xF0,0x51,0x80,0x52,0xC0,0x74,0x60,0x48,0x30}},
  {0x6625, {0x00,0x00,0x04,0x00,0x7F,0xE0,0x04,0x00,0x3F,0xC0,0x08,0x00,0x7F,0xE0,0x30,0xC0,0xFF,0xF0,0x10,0x80,0x1F,0x80,0x00,0x00}},
  {0x6627, {0x00,0x00,0x71,0x00,0x51,0x00,0x57,0xE0,0x51,0x00,0x71,0x00,0x5F,0xF0,0x53,0x80,0x53,0x40,0x75,0x20,0x49,0x10,0x01,0x00}},
  {0x662F, {0x00,0x00,0x3F,0xC0,0x20,0x40,0x3F,0xC0,0x20,0x40,0x3F,0xC0,0x00,0x00,0xFF,0xF0,0x02,0x00,0x23,0xE0,0x72,0x00,0xCF,0xF0}},
  {0x663B, {0x00,0x00,0x3F,0xE0,0x20,0x20,0x3F,0xE0,0x20,0x20,0x3F,0xE0,0x00,0x00,0x7F,0xE0,0x12,0x20,0x12,0x20,0x12,0xE0,0x7A,0x00}},
  {0x663C, {0x00,0x00,0x3F,0xE0,0x20,0x20,0x3F,0xE0,0x21,0x80,0x7F,0x80,0x60,0xE0,0xBF,0x90,0x20,0x80,0x3F,0x80,0x00,0x00,0xFF,0xF0}},
  {0x663E, {0x00,0x00,0x3F,0xC0,0x20,0x40,0x3F,0xC0,0x20,0x40,0x3F,0xC0,0x00,0x00,0x49,0x20,0x29,0x60,0x29,0x40,0x09,0x00,0xFF,0xF0}},
  {0x6643, {0x00,0x00,0x7F,0xE0,0x60,0x60,0x7F,0xE0,0x60,0x60,0x7F,0xE0,0x36,0xC0,0x16,0x80,0xFF,0xF0,0x19,0x00,0x11,0x10,0xE1,0xE0}},
  {0x664C, {0x00,0x00,0x71,0x00,0x57,0xE0,0x54,0x20,0x57,0xE0,0x76,0x60,0x56,0x60,0x56,0x60,0x57,0xA0,0x74,0x20,0x44,0x20,0x04,0xE0}},
  {0x6652, {0x00,0x00,0x7F,0xF0,0x52,0x80,0x52,0x80,0x5F,0xE0,0x7A,0xA0,0x5A,0xA0,0x5E,0x60,0x5C,0x20,0x78,0x20,0x0F,0xE0,0x00,0x00}},
  {0x6653, {0x00,0x00,0x02,0x00,0x73,0xE0,0x5F,0x40,0x51,0xD0,0x73,0x90,0x54,0x60,0x50,0x00,0x5F,0xE0,0x72,0x80,0x44,0x90,0x08,0x60}},
  {0x6655, {0x00,0x00,0x3F,0xC0,0x20,0x40,0x3F,0xC0,0x20,0x40,0x7F,0xE0,0x48,0x20,0x1A,0x00,0x7F,0xE0,0x02,0x00,0xFF,0xF0,0x02,0x00}},
  {0x665A, {0x00,0x00,0x02,0x00,0x73,0xC0,0x54,0xC0,0x5F,0xE0,0x75,0x20,0x55,0x20,0x57,0xE0,0x51,0x80,0x72,0x90,0x46,0x90,0x08,0xE0}},
  {0x666C, {0x00,0x00,0x01,0x00,0x77,0xF0,0x50,0x40,0x56,0x40,0x57,0xE0,0x7C,0x90,0x50,0x80,0x5F,0xF0,0x70,0x80,0x40,0x80,0x00,0x80}},
  {0x666F, {0x00,0x00,0x3F,0xC0,0x20,0x40,0x3F,0xC0,0x20,0x40,0x3F,0xC0,0x04,0x00,0x7F,0xE0,0x20,0x40,0x3F,0xC0,0x16,0xC0,0x6C,0x20}},
  {0x667A, {0x00,0x00,0x20,0x00,0x7D,0xE0,0x91,0x20,0xFF,0x20,0x39,0xE0,0x64,0x00,0xFF,0xC0,0x20,0x40,0x3F,0xC0,0x20,0x40,0x3F,0xC0}},
  {0x6682, {0x00,0x00,0x23,0xE0,0xFE,0x00,0x53,0xF0,0x7E,0x40,0x16,0x40,0xF8,0x00,0x3F,0xC0,0x20,0x40,0x3F,0xC0,0x20,0x40,0x1F,0x80}},
  {0x6685, {0x00,0x00,0x75,0xF0,0x14,0x00,0x1F,0xE0,0x1F,0x20,0x75,0x20,0x15,0xE0,0x15,0x20,0x15,0x20,0x75,0xE0,0x04,0x00,0x07,0xF0}},
  {0x6687, {0x00,0x00,0x7F,0xE0,0x19,0x20,0x19,0x20,0x1F,0xE0,0x78,0x00,0x1F,0xE0,0x18,0xA0,0x18,0xA0,0x7E,0x40,0x08,0xE0,0x09,0x30}},
  {0x6691, {0x00,0x00,0x3F,0xC0,0x20,0x40,0x3F,0xC0,0x20,0x40,0x3F,0xE0,0x04,0xC0,0x7F,0xF0,0x1C,0x00,0x7F,0xC0,0x10,0x40,0x1F,0xC0}},
  {0x6696, {0x00,0x00,0x77,0xE0,0x55,0x20,0x55,0x40,0x7F,0xE0,0x52,0x00,0x5F,0xF0,0x54,0x00,0x57,0xE0,0x77,0x40,0x49,0xC0,0x16,0x70}},
  {0x6697, {0x00,0x00,0x01,0x00,0x77,0xE0,0x52,0x40,0x5F,0xF0,0x70,0x00,0x57,0xE0,0x54,0x20,0x57,0xE0,0x74,0x20,0x07,0xE0,0x00,0x00}},
  {0x6699, {0x00,0x00,0x01,0x00,0x7F,0xE0,0x51,0x00,0x57,0xE0,0x7F,0xF0,0x54,0x40,0x5F,0xE0,0x5C,0x70,0x77,0xC0,0x54,0x40,0x07,0xC0}},
  {0x669D, {0x00,0x00,0x7F,0xF0,0x58,0x10,0x57,0xE0,0x54,0x20,0x77,0xE0,0x54,0x20,0x54,0x20,0x57,0xE0,0x50,0x80,0x7F,0xF0,0x4E,0x60}},
  {0x66A0, {0x00,0x00,0x3F,0xC0,0x20,0x40,0x3F,0xC0,0x06,0x00,0xFF,0xF0,0x3F,0xC0,0x20,0x40,0x7F,0xE0,0x50,0xA0,0x5F,0xA0,0x40,0xE0}},
  {0x66A1, {0x00,0x00,0x72,0x80,0x56,0x40,0x59,0x60,0x57,0xD0,0x76,0x20,0x50,0x00,0x5F,0xE0,0x55,0xA0,0x77,0x60,0x51,0xA0,0x06,0xE0}},
  {0x66AA, {0x00,0x00,0x02,0x40,0x7F,0xF0,0x52,0x40,0x53,0xC0,0x51,0x00,0x7F,0xF0,0x5B,0x50,0x5F,0xF0,0x7D,0xF0,0x59,0x10,0x08,0x60}},
  {0x66B4, {0x00,0x00,0x3F,0xC0,0x20,0x40,0x3F,0xC0,0x20,0x40,0x7F,0xE0,0x09,0x00,0x7F,0xE0,0x7A,0xE0,0x0F,0x00,0x3F,0x80,0x6C,0x60}},
  {0x66B7, {0x00,0x00,0x01,0x00,0x7F,0xF0,0x11,0x00,0x1F,0xE0,0x19,0x20,0x7F,0xE0,0x11,0x20,0x1F,0xF0,0x7F,0xF0,0x06,0x40,0x01,0xC0}},
  {0x66BC, {0x00,0x00,0x54,0x80,0x15,0xF0,0x7F,0x20,0x7E,0xC0,0x54,0xC0,0x53,0x30,0x3F,0xC0,0x20,0x40,0x3F,0xC0,0x20,0x40,0x3F,0xC0}},
  {0x66BE, {0x00,0x00,0x64,0x40,0x3F,0x80,0x2A,0xF0,0x2B,0xA0,0x6F,0xA0,0x20,0x20,0x3F,0x60,0x22,0x40,0x3F,0x60,0x64,0xA0,0x2D,0x10}},
  {0x66DD, {0x00,0x00,0x7F,0xE0,0x58,0x20,0x5F,0xE0,0x58,0x20,0x7F,0xE0,0x52,0x00,0x5F,0xF0,0x5D,0x60,0x7F,0xD0,0x4F,0x60,0x0B,0x10}},
  {0x66E9, {0x00,0x00,0x3F,0xC0,0x20,0x40,0x3F,0xC0,0x20,0x40,0x7F,0xE0,0x46,0x20,0x7F,0xE0,0x09,0x00,0x7F,0xE0,0x19,0xC0,0x7E,0x20}},
  {0x66EA, {0x00,0x00,0x6F,0xF0,0x4A,0x90,0x4F,0xF0,0x40,0xC0,0x6B,0xF0,0x5D,0x40,0x49,0xF0,0x5F,0x40,0x73,0xF0,0x17,0x40,0x11,0xF0}},
  {0x66F2, {0x00,0x00,0x09,0x00,0x09,0x00,0x7F,0xE0,0x49,0x20,0x49,0x20,0x7F,0xE0,0x49,0x20,0x49,0x20,0x49,0x20,0x7F,0xE0,0x40,0x20}},
  {0x66F4, {0x00,0x00,0x7F,0xE0,0x02,0x00,0x7F,0xE0,0x62,0x60,0x7F,0xE0,0x66,0x60,0x3F,0xE0,0x24,0x00,0x1C,0x00,0x1E,0x00,0x61,0xF0}},
  {0x66F9, {0x00,0x00,0x09,0x00,0xFF,0xF0,0x09,0x00,0x7F,0xE0,0x49,0x20,0x7F,0xE0,0x49,0x20,0x7F,0xE0,0x20,0x40,0x3F,0xC0,0x20,0x40}},
  {0x66FA, {0x00,0x00,0x06,0x00,0xFF,0xF0,0x06,0x00,0x7F,0xE0,0x46,0x20,0x7F,0xE0,0x7F,0xC0,0x20,0x40,0x3F,0xC0,0x20,0x40,0x3F,0xC0}},
  {0x66FD, {0x00,0x00,0x19,0x80,0x7F,0xE0,0x46,0x20,0x7F,0xE0,0x46,0x20,0x7F,0xE0,0x3F,0xC0,0x20,0x40,0x3F,0xC0,0x20,0x40,0x3F,0xC0}},
  {0x66FE, {0x00,0x00,0x19,0x80,0x7F,0xE0,0x46,0x20,0x56,0xA0,0x56,0xA0,0x3F,0xC0,0x20,0x40,0x3F,0xC0,0x20,0x40,0x3F,0xC0,0x00,0x00}},
  {0x66FF, {0x00,0x00,0x10,0x80,0x7F,0xE0,0x10,0x80,0xFF,0xF0,0x31,0x40,0x4A,0x20,0x3F,0xC0,0x20,0x40,0x3F,0xC0,0x20,0x40,0x1F,0x80}},
  {0x6700, {0x00,0x00,0x3F,0xC0,0x20,0x40,0x3F,0xC0,0x20,0x40,0xFF,0xF0,0x44,0x00,0x7F,0xE0,0x45,0x60,0x7E,0xC0,0xE4,0xC0,0x07,0x30}},
  {0x6708, {0x00,0x00,0x3F,0xC0,0x20,0x40,0x20,0x40,0x3F,0xC0,0x20,0x40,0x20,0x40,0x3F,0xC0,0x20,0x40,0x60,0x40,0x40,0x40,0x43,0xC0}},
  {0x6709, {0x00,0x00,0x0C,0x00,0x08,0x00,0xFF,0xF0,0x10,0x00,0x3F,0xC0,0x70,0x40,0xFF,0xC0,0x30,0x40,0x3F,0xC0,0x30,0x40,0x31,0xC0}},
  {0x670A, {0x00,0x00,0x77,0xE0,0x50,0x00,0x50,0x00,0x70,0x00,0x5F,0xF0,0x52,0x80,0x72,0x80,0x52,0x80,0x52,0x90,0xD4,0xD0,0xBC,0x60}},
  {0x670D, {0x00,0x00,0x77,0xE0,0x54,0x20,0x54,0x20,0x75,0xC0,0x54,0x00,0x57,0xE0,0x75,0x20,0x55,0x60,0x54,0xC0,0x55,0xC0,0xB7,0x30}},
  {0x6712, {0x00,0x00,0x70,0x80,0x57,0xE0,0x55,0xA0,0x75,0xE0,0x56,0x60,0x55,0xA0,0x75,0xA0,0x57,0x60,0x56,0x20,0xD4,0x20,0xB4,0xE0}},
  {0x6714, {0x00,0x00,0x45,0xE0,0x29,0x20,0xFD,0x20,0x55,0xE0,0x55,0x20,0x55,0x20,0x7D,0xE0,0x31,0x20,0x22,0x20,0x42,0x20,0xC4,0xE0}},
  {0x6716, {0x00,0x00,0x71,0x00,0x57,0xE0,0x54,0x20,0x77,0xE0,0x54,0x20,0x57,0xE0,0x75,0x00,0x54,0xE0,0x54,0xC0,0xD7,0x60,0xB4,0x00}},
  {0x6718, {0x00,0x00,0x71,0x00,0x53,0x40,0x56,0xF0,0x76,0x40,0x56,0x60,0x58,0x10,0x73,0xE0,0x56,0x40,0x51,0xC0,0xD3,0xC0,0xBC,0x30}},
  {0x671B, {0x00,0x00,0x33,0xE0,0xFA,0x20,0x43,0xE0,0x7A,0x20,0x07,0xE0,0x04,0x20,0x7F,0xE0,0x06,0x00,0x3F,0xC0,0x06,0x00,0xFF,0xF0}},
  {0x671D, {0x00,0x00,0x11,0xE0,0xFD,0x20,0x11,0x20,0x7D,0xE0,0x45,0x20,0x7D,0x20,0x45,0xE0,0x7D,0x20,0x12,0x20,0xFE,0x20,0x14,0xE0}},
  {0x671F, {0x00,0x00,0x45,0xE0,0xFD,0x20,0x45,0x20,0x7D,0xE0,0x45,0x20,0x7D,0x20,0x45,0xE0,0xFF,0x20,0x29,0x20,0x46,0x20,0x82,0x60}},
  {0x6728, {0x06,0x00,0x06,0x00,0x06,0x00,0x06,0x00,0x7F,0xE0,0x06,0x00,0x0F,0x00,0x16,0x80,0x36,0xC0,0x66,0x60,0xC6,0x30,0x06,0x00}},
  {0x6729, {0x00,0x00,0x02,0x00,0x02,0x00,0x7F,0xE0,0x02,0x00,0x12,0x00,0x12,0x80,0x22,0x40,0x62,0x60,0x42,0x20,0x06,0x00,0x1C,0x00}},
  {0x672A, {0x00,0x00,0x06,0x00,0x06,0x00,0x7F,0xE0,0x06,0x00,0x06,0x00,0xFF,0xF0,0x0E,0x00,0x17,0x80,0x26,0x40,0xC6,0x30,0x06,0x00}},
  {0x672B, {0x00,0x00,0x06,0x00,0x06,0x00,0x7F,0xE0,0x06,0x00,0x06,0x00,0x7F,0xE0,0x0F,0x00,0x1F,0x80,0x26,0x40,0xC6,0x30,0x06,0x00}},
  {0x672C, {0x00,0x00,0x06,0x00,0x06,0x00,0xFF,0xF0,0x06,0x00,0x0F,0x00,0x16,0x80,0x36,0xC0,0x66,0x60,0xDF,0xB0,0x06,0x00,0x06,0x00}},
  {0x672D, {0x00,0x00,0x31,0x00,0x31,0x00,0xFD,0x00,0x31,0x00,0x39,0x00,0x79,0x00,0xF5,0x00,0xB1,0x10,0x31,0x10,0x31,0x30,0x31,0xE0}},
  {0x672F, {0x00,0x00,0x06,0x80,0x06,0x40,0x06,0x00,0xFF,0xF0,0x0E,0x00,0x0F,0x00,0x16,0x80,0x66,0x60,0xC6,0x30,0x06,0x00,0x06,0x00}},
  {0x673A, {0x00,0x00,0x27,0xC0,0x24,0x40,0xFC,0x40,0x24,0x40,0x74,0x40,0x6C,0x40,0xA4,0x40,0xA4,0x50,0x2C,0x50,0x28,0x50,0x00,0x60}},
  {0x673D, {0x00,0x00,0x27,0xF0,0x22,0x00,0xFA,0x00,0x22,0x00,0x73,0xE0,0x68,0x20,0xA0,0x20,0xA0,0x20,0x20,0x20,0x20,0x20,0x23,0xC0}},
  {0x6740, {0x00,0x00,0x30,0xC0,0x0F,0x80,0x3F,0x80,0x00,0x00,0x02,0x00,0x7F,0xE0,0x02,0x00,0x12,0x80,0x22,0x40,0x46,0x20,0x1C,0x00}},
  {0x6742, {0x00,0x00,0x08,0x00,0x7F,0x80,0x18,0x90,0x30,0x90,0x40,0xE0,0x06,0x00,0xFF,0xE0,0x16,0x00,0x26,0xC0,0x46,0x20,0x9C,0x00}},
  {0x6743, {0x00,0x00,0x2F,0xE0,0x24,0x20,0xFC,0x20,0x26,0x60,0x72,0x40,0x6A,0x40,0xA3,0xC0,0xA1,0x80,0x23,0x80,0x26,0x60,0x28,0x30}},
  {0x6748, {0x00,0x00,0x2F,0xE0,0x24,0x20,0xF5,0x20,0x26,0xA0,0x72,0x40,0x6A,0x40,0xA1,0x80,0xA1,0x80,0x23,0xC0,0x26,0x60,0x28,0x30}},
  {0x6750, {0x00,0x00,0x20,0x40,0x20,0x40,0xFF,0xF0,0x20,0xC0,0x70,0xC0,0x69,0x40,0xE9,0x40,0xA2,0x40,0x24,0x40,0x28,0x40,0x21,0xC0}},
  {0x6751, {0x00,0x00,0x20,0x40,0x20,0x40,0xFF,0xF0,0x20,0x40,0x7A,0x40,0x6A,0x40,0xA1,0x40,0xA0,0x40,0x20,0x40,0x20,0x40,0x23,0xC0}},
  {0x6753, {0x00,0x00,0x22,0x00,0x22,0x00,0xFF,0xE0,0x24,0x20,0x66,0x20,0x73,0x20,0xE9,0x20,0xA0,0xA0,0x20,0x20,0x20,0x20,0x21,0xE0}},
  {0x6757, {0x00,0x00,0x04,0x00,0xFF,0xF0,0x20,0x00,0x20,0x00,0x3F,0xE0,0x06,0x00,0xFF,0xF0,0x0F,0x00,0x16,0x80,0x66,0x60,0x06,0x00}},
  {0x6760, {0x00,0x00,0x27,0xE0,0x21,0x80,0xF9,0x80,0x21,0x80,0x61,0x80,0x71,0x80,0xE9,0x80,0xA1,0x80,0x21,0x80,0x21,0x80,0x2F,0xF0}},
  {0x6761, {0x00,0x00,0x18,0x00,0x1F,0xC0,0x38,0x80,0x4F,0x00,0x0F,0x00,0xF0,0xF0,0x02,0x00,0x7F,0xE0,0x02,0x00,0x36,0xC0,0x5C,0x20}},
  {0x6765, {0x00,0x00,0x06,0x00,0x06,0x00,0x7F,0xE0,0x26,0x40,0x16,0x80,0xFF,0xF0,0x0E,0x00,0x17,0x80,0x26,0x40,0xC6,0x30,0x06,0x00}},
  {0x676A, {0x00,0x00,0x21,0x80,0x21,0x80,0xF7,0xC0,0x25,0xA0,0x75,0x90,0x7D,0x80,0xA1,0xA0,0xA0,0x60,0x20,0xC0,0x23,0x00,0x2C,0x00}},
  {0x676D, {0x00,0x00,0x21,0x00,0x21,0x00,0xFF,0xE0,0x20,0x00,0x77,0xC0,0x7C,0x40,0xA4,0x40,0xA4,0x50,0x24,0x50,0x2C,0x50,0x28,0x60}},
  {0x676F, {0x00,0x00,0x2F,0xF0,0x21,0x00,0x21,0x00,0xFB,0xC0,0x23,0x40,0x7D,0x20,0xE5,0x20,0xA9,0x10,0x29,0x00,0x21,0x00,0x21,0x00}},
  {0x6770, {0x00,0x00,0x06,0x00,0x06,0x00,0xFF,0xF0,0x0E,0x00,0x1F,0x80,0x26,0xC0,0xC6,0x30,0x00,0x00,0x49,0x60,0x49,0x20,0xC9,0x20}},
  {0x6772, {0x00,0x00,0x7F,0xE0,0x40,0x20,0x7F,0xE0,0x40,0x20,0x7F,0xE0,0x06,0x00,0x7F,0xE0,0x0F,0x00,0x1F,0x80,0x36,0xC0,0xC6,0x30}},
  {0x6776, {0x00,0x00,0x21,0x00,0x2F,0xF0,0xF1,0x00,0x25,0x20,0x75,0x20,0x75,0x20,0xA7,0xE0,0x21,0x00,0x21,0x10,0x21,0x10,0x20,0xE0}},
  {0x6777, {0x00,0x00,0x27,0xE0,0x25,0x20,0xFD,0x20,0x65,0x20,0x75,0x20,0x7F,0xE0,0xA4,0x20,0xA4,0x00,0x24,0x10,0x24,0x30,0x27,0xE0}},
  {0x677F, {0x00,0x00,0x20,0x00,0x27,0xE0,0xFC,0x00,0x24,0x00,0x77,0xE0,0x6E,0x20,0xA5,0x20,0xA5,0x40,0x28,0xC0,0x29,0xC0,0x36,0x30}},
  {0x6781, {0x00,0x00,0x2F,0xC0,0x24,0x40,0xF4,0x80,0x26,0xE0,0x76,0x20,0x76,0x60,0xA5,0x40,0xA5,0xC0,0x29,0xC0,0x2B,0x60,0x36,0x30}},
  {0x6789, {0x00,0x00,0x27,0xE0,0x20,0x80,0xF8,0x80,0x20,0x80,0x70,0x80,0x77,0xE0,0xE8,0x80,0xA0,0x80,0x20,0x80,0x20,0x80,0x07,0xF0}},
  {0x678A, {0x00,0x00,0x23,0xE0,0x2C,0xA0,0xF8,0xA0,0x68,0xA0,0x78,0xA0,0x78,0xA0,0xA8,0xA0,0x2F,0xA0,0x2E,0xE0,0x20,0x80,0x20,0x80}},
  {0x6793, {0x00,0x00,0x20,0x40,0x22,0x40,0xF9,0x40,0x20,0x40,0x76,0x40,0x69,0x40,0xA0,0x40,0x2F,0xF0,0x20,0x40,0x20,0x40,0x20,0x40}},
  {0x6795, {0x00,0x00,0x21,0x00,0x21,0x00,0xFF,0xE0,0x29,0x20,0x69,0x20,0x71,0x80,0xF1,0x80,0xA2,0x80,0x26,0x90,0x2C,0x90,0x28,0xE0}},
  {0x6797, {0x00,0x00,0x21,0x80,0x21,0x80,0xFF,0xE0,0x21,0x80,0x31,0x80,0x6B,0xC0,0x65,0xC0,0xA5,0xA0,0xA9,0xA0,0x21,0x90,0x21,0x80}},
  {0x6798, {0x00,0x00,0x21,0x80,0x21,0x80,0xFF,0xE0,0x25,0x20,0x75,0x20,0x7D,0xA0,0xBD,0xE0,0xA6,0x60,0x26,0x20,0x24,0x20,0x24,0xE0}},
  {0x679A, {0x00,0x00,0x22,0x00,0x26,0x00,0xF7,0xF0,0x24,0x40,0x6C,0x40,0x72,0x40,0xEA,0x80,0xA1,0x80,0x21,0x80,0x26,0xC0,0x28,0x30}},
  {0x679C, {0x00,0x00,0x7F,0xE0,0x66,0x60,0x7F,0xE0,0x66,0x60,0x7F,0xE0,0x06,0x00,0xFF,0xF0,0x0F,0x00,0x36,0xC0,0xC6,0x30,0x06,0x00}},
  {0x679D, {0x00,0x00,0x21,0x80,0x21,0x80,0xFF,0xF0,0x21,0x80,0x77,0xE0,0x7E,0x60,0xA2,0x40,0x23,0xC0,0x21,0x80,0x26,0xE0,0x2C,0x30}},
  {0x67A3, {0x00,0x00,0x06,0x00,0x7F,0xF0,0x06,0x00,0x7F,0xE0,0x46,0x20,0x4F,0x20,0x36,0xC0,0xDC,0x30,0x03,0x00,0x3C,0x00,0x03,0x80}},
  {0x67AA, {0x00,0x00,0x21,0x00,0x22,0x80,0xFC,0x40,0x28,0x30,0x67,0xC0,0x74,0x40,0xE4,0x40,0xA5,0xC0,0x24,0x10,0x24,0x30,0x27,0xE0}},
  {0x67B6, {0x00,0x00,0x21,0xE0,0x7D,0x20,0x25,0x20,0x6D,0xE0,0xD9,0x00,0x06,0x00,0xFF,0xF0,0x0F,0x00,0x36,0xC0,0xC6,0x30,0x06,0x00}},
  {0x67D0, {0x00,0x00,0x30,0x40,0xFF,0xF0,0x30,0x40,0x3F,0xC0,0x30,0x40,0x3F,0xC0,0x04,0x00,0xFF,0xF0,0x0F,0x00,0x34,0xC0,0xC4,0x20}},
  {0x67D3, {0x00,0x00,0x22,0x00,0x12,0x00,0x4F,0xC0,0x06,0x50,0x34,0x50,0x68,0x60,0x00,0x00,0xFF,0xF0,0x0F,0x00,0x36,0xC0,0xC6,0x30}},
  {0x67D4, {0x00,0x00,0x3F,0xC0,0x09,0x80,0x07,0x00,0x7F,0xE0,0x1A,0x20,0x66,0x40,0x06,0x00,0xFF,0xF0,0x0F,0x00,0x36,0xC0,0xC6,0x20}},
  {0x67DC, {0x00,0x00,0x27,0xF0,0x24,0x00,0xFC,0x00,0x27,0xE0,0x74,0x20,0x6C,0x20,0xA7,0xE0,0xA4,0x20,0x24,0x00,0x24,0x00,0x27,0xF0}},
  {0x67E5, {0x00,0x00,0x06,0x00,0x7F,0xE0,0x0F,0x80,0x06,0x70,0x7F,0xC0,0x20,0x40,0x3F,0xC0,0x20,0x40,0x3F,0xC0,0x00,0x00,0xFF,0xF0}},
  {0x67EF, {0x00,0x00,0x27,0xF0,0x20,0x20,0xF8,0x20,0x27,0xA0,0x74,0xA0,0x7C,0xA0,0xA4,0xA0,0xA7,0xA0,0x24,0x20,0x20,0x20,0x21,0xE0}},
  {0x67F0, {0x00,0x00,0x06,0x00,0x7F,0xE0,0x0F,0x00,0x36,0xC0,0xC6,0x30,0x3F,0xC0,0x00,0x00,0x7F,0xE0,0x12,0x80,0x26,0x60,0xCC,0x30}},
  {0x67F1, {0x00,0x00,0x21,0x00,0x21,0x80,0xFF,0xF0,0x61,0x80,0x61,0x80,0x71,0x80,0xF7,0xE0,0xA1,0x80,0x21,0x80,0x21,0x80,0x2F,0xF0}},
  {0x67F4, {0x00,0x00,0x12,0x00,0x52,0x60,0x5F,0x80,0x52,0x10,0xFE,0x20,0x01,0xE0,0x06,0x00,0xFF,0xF0,0x0F,0x00,0x36,0xC0,0x46,0x20}},
  {0x6806, {0x00,0x00,0x06,0x00,0xFF,0xE0,0x06,0x00,0x7F,0xE0,0x66,0x60,0x7F,0xE0,0x19,0x80,0x7C,0x60,0x03,0x00,0x3C,0x00,0x03,0x80}},
  {0x6807, {0x00,0x00,0x27,0xE0,0x20,0x00,0xF0,0x00,0x20,0x00,0x7F,0xF0,0x69,0x80,0xA1,0xC0,0xA5,0xA0,0x2D,0xB0,0x29,0x90,0x27,0x00}},
  {0x6809, {0x00,0x00,0x22,0x40,0x2F,0xF0,0xF2,0x40,0x20,0x00,0x7F,0xE0,0xEA,0x20,0xA2,0x20,0x22,0x20,0x22,0xE0,0x22,0x00,0x22,0x00}},
  {0x680F, {0x00,0x00,0x22,0x60,0x22,0x40,0xFF,0xF0,0x20,0x00,0x70,0x00,0x78,0x00,0xA7,0xE0,0xA0,0x00,0x20,0x00,0x20,0x00,0x2F,0xF0}},
  {0x6811, {0x00,0x00,0x20,0x20,0x2F,0x20,0xF3,0xF0,0x6A,0x20,0x7F,0x20,0x76,0xA0,0xA6,0xA0,0xA7,0x20,0x29,0x20,0x30,0x20,0x20,0xC0}},
  {0x6813, {0x00,0x00,0x21,0x80,0x23,0x80,0x22,0x40,0xFC,0x60,0x2F,0xF0,0x71,0x00,0x69,0x00,0xA7,0xE0,0xA1,0x00,0x21,0x00,0x0F,0xF0}},
  {0x6816, {0x00,0x00,0x2F,0xF0,0x22,0x80,0xFF,0xE0,0x2A,0xA0,0x7A,0xA0,0x7A,0xA0,0xAE,0x60,0xAC,0x20,0x28,0x20,0x2F,0xE0,0x00,0x00}},
  {0x6817, {0x00,0x00,0x7F,0xE0,0x09,0x00,0x7F,0xE0,0x49,0x20,0x49,0x20,0x7F,0xE0,0x06,0x00,0xFF,0xF0,0x0F,0x00,0x36,0xC0,0xC6,0x20}},
  {0x681C, {0x00,0x00,0x20,0x80,0x27,0xF0,0xF8,0x80,0x27,0xE0,0x74,0xA0,0x7C,0xA0,0xA5,0xE0,0xA1,0xC0,0x22,0xA0,0x2C,0xB0,0x20,0x80}},
  {0x681F, {0x00,0x00,0x22,0x20,0x22,0x40,0xFF,0xF0,0x22,0x40,0x72,0x40,0x72,0x40,0xEF,0xF0,0xA2,0x40,0x22,0x40,0x24,0x40,0x28,0x40}},
  {0x6821, {0x00,0x00,0x21,0x00,0x21,0x00,0x27,0xF0,0xF0,0x00,0x32,0x40,0x7C,0x20,0xA2,0x40,0xA2,0xC0,0x21,0x80,0x23,0xC0,0x2C,0x30}},
  {0x6832, {0x00,0x00,0x22,0x00,0x22,0x20,0x27,0xE0,0xF2,0x40,0x7F,0xF0,0x73,0x00,0xA7,0xE0,0xAA,0x00,0x23,0xE0,0x20,0x60,0x23,0xC0}},
  {0x6837, {0x00,0x00,0x26,0x40,0x22,0x40,0xFF,0xE0,0x21,0x00,0x61,0x00,0x77,0xE0,0x69,0x00,0xA1,0x00,0xAF,0xF0,0x21,0x00,0x21,0x00}},
  {0x6838, {0x00,0x00,0x21,0x00,0x20,0x80,0x2F,0xF0,0xF2,0x40,0x26,0x40,0x7F,0xA0,0xE1,0x20,0xA6,0x40,0x2D,0xC0,0x23,0x20,0x2C,0x10}},
  {0x6839, {0x00,0x00,0x27,0xE0,0x24,0x20,0xF7,0xE0,0x24,0x20,0x74,0x20,0x6F,0xE0,0xA5,0x20,0xA4,0xE0,0x24,0xC0,0x27,0x60,0x24,0x30}},
  {0x683C, {0x00,0x00,0x22,0x00,0x23,0xE0,0xF6,0x60,0x29,0xC0,0x73,0xC0,0xEC,0x30,0xA7,0xE0,0x24,0x20,0x24,0x20,0x27,0xE0,0x00,0x00}},
  {0x683D, {0x00,0x00,0x11,0x00,0x11,0x40,0x7D,0x20,0x11,0x00,0xFF,0xF0,0x11,0x20,0x11,0xE0,0xFE,0xC0,0x38,0x90,0x57,0xD0,0x92,0x60}},
  {0x6841, {0x00,0x00,0x22,0x00,0x26,0xF0,0xF4,0x00,0x6A,0x00,0x73,0xF0,0x74,0x40,0xAC,0x40,0xAC,0x40,0x24,0x40,0x24,0x40,0x25,0xC0}},
  {0x6848, {0x00,0x00,0x04,0x00,0x7F,0xE0,0x48,0x20,0xFF,0xF0,0x11,0x80,0x0F,0x00,0x78,0xE0,0x06,0x00,0xFF,0xF0,0x1F,0x80,0x66,0x60}},
  {0x684F, {0x00,0x00,0x20,0xF0,0x2F,0xA0,0xF4,0xA0,0x64,0xA0,0x74,0xA0,0x74,0xA0,0xA4,0x90,0xA7,0x90,0x2C,0xE0,0x20,0x80,0x20,0x80}},
  {0x6851, {0x00,0x00,0x3F,0xC0,0x10,0x80,0x0F,0x00,0x3F,0xC0,0x7F,0xE0,0x39,0xC0,0x49,0xE0,0x06,0x00,0x7F,0xE0,0x1F,0x80,0x66,0x60}},
  {0x6858, {0x00,0x00,0x21,0x00,0x27,0xE0,0xFC,0x20,0x24,0x20,0x77,0xE0,0x64,0x00,0xA7,0xE0,0xA4,0x20,0x24,0x20,0x27,0xE0,0x24,0x00}},
  {0x685B, {0x00,0x00,0x21,0x00,0x21,0xE0,0xF9,0x00,0x21,0x00,0x67,0xF0,0x70,0x00,0xEF,0xF0,0xA1,0x80,0x21,0x60,0x21,0x00,0x21,0x00}},
  {0x6861, {0x00,0x00,0x22,0x00,0x23,0xE0,0xFF,0x40,0x21,0xC0,0x73,0xD0,0x74,0x60,0xE0,0x00,0xAF,0xE0,0x22,0x80,0x24,0x90,0x28,0x60}},
  {0x6863, {0x00,0x00,0x21,0x00,0x2D,0x20,0xF5,0x60,0x21,0x00,0x7F,0xE0,0x78,0x20,0xA7,0xE0,0xA0,0x20,0x20,0x20,0x2F,0xE0,0x00,0x00}},
  {0x6865, {0x00,0x00,0x20,0x00,0x27,0xE0,0xF1,0x00,0x2F,0xF0,0x72,0x80,0x6C,0x40,0xAE,0x30,0xA2,0x40,0x24,0x40,0x24,0x40,0x28,0x40}},
  {0x6869, {0x00,0x00,0x20,0x80,0x27,0xF0,0xFC,0x80,0x24,0x80,0x74,0x80,0x6F,0xE0,0xA4,0x80,0x24,0x80,0x28,0x80,0x28,0x80,0x2B,0xF0}},
  {0x6870, {0x00,0x00,0x20,0xE0,0x27,0x80,0xFC,0x80,0x27,0xF0,0x74,0xD0,0x7F,0x70,0xE0,0x00,0xA7,0xE0,0x24,0x20,0x24,0x20,0x27,0xE0}},
  {0x6873, {0x00,0x00,0x21,0x00,0x22,0x40,0xFF,0xE0,0x21,0x00,0x77,0xF0,0x72,0x40,0xE4,0x30,0xA1,0x80,0x27,0xF0,0x21,0x80,0x21,0x80}},
  {0x6875, {0x00,0x00,0x27,0xF0,0x20,0x80,0xFC,0xA0,0x22,0xA0,0x71,0x00,0x6F,0xF0,0xA2,0x60,0xA2,0x40,0x21,0xC0,0x23,0xE0,0x2E,0x30}},
  {0x6881, {0x00,0x00,0x27,0xC0,0x36,0x40,0x4A,0x60,0x1A,0x50,0x24,0x40,0x49,0x80,0x04,0x00,0xFF,0xF0,0x1F,0x80,0x64,0x70,0x04,0x00}},
  {0x6885, {0x00,0x00,0x26,0x00,0x27,0xF0,0xFC,0x00,0x2F,0xE0,0x75,0x20,0x6F,0xF0,0xA5,0x20,0xA5,0x20,0x27,0xF0,0x20,0x60,0x21,0xC0}},
  {0x6886, {0x00,0x00,0x24,0xF0,0x2F,0xA0,0xE4,0xA0,0x6E,0xA0,0x74,0xA0,0x64,0xA0,0xAF,0x90,0x24,0x90,0x24,0xE0,0x28,0x80,0x28,0x80}},
  {0x6889, {0x00,0x00,0x22,0x40,0x2A,0x40,0xFA,0x40,0x6F,0xF0,0x72,0x40,0x72,0x40,0xEE,0x40,0xAA,0x40,0x2A,0x40,0x2A,0x40,0x33,0xF0}},
  {0x6897, {0x00,0x00,0x2F,0xF0,0x21,0x80,0xFF,0xE0,0x25,0xA0,0x77,0xE0,0x7D,0x20,0xA7,0xE0,0xA5,0x00,0x23,0x00,0x27,0xC0,0x2C,0x70}},
  {0x689B, {0x00,0x00,0x2F,0xF0,0x25,0xB0,0xF5,0xA0,0x6F,0xA0,0x75,0xA0,0x75,0xA0,0xEF,0x90,0x29,0x90,0x29,0xE0,0x29,0x80,0x36,0x80}},
  {0x68A2, {0x00,0x00,0x25,0xA0,0x25,0xA0,0xF3,0xC0,0x27,0xE0,0x74,0x20,0x7F,0xE0,0xA4,0x20,0xA7,0xE0,0x24,0x20,0x24,0x20,0x24,0xE0}},
  {0x68A3, {0x00,0x00,0x21,0x00,0x29,0x20,0xFF,0xE0,0x61,0x80,0x76,0x40,0x6D,0x30,0xA0,0x00,0xAF,0xE0,0x20,0x40,0x20,0x80,0x21,0x00}},
  {0x68A6, {0x00,0x00,0x10,0x80,0x7F,0xE0,0x39,0xC0,0x7E,0xA0,0x94,0x90,0x08,0x00,0x1F,0xC0,0x60,0x80,0x4F,0x00,0x0E,0x00,0x70,0x00}},
  {0x68AA, {0x00,0x00,0x2F,0xF0,0x20,0x00,0xF0,0x00,0x2F,0xE0,0x68,0x20,0x78,0x20,0xEF,0xE0,0xA0,0x00,0x26,0x40,0x22,0x40,0x2F,0xF0}},
  {0x68AF, {0x00,0x00,0x22,0x40,0x27,0xE0,0xF1,0x20,0x27,0xE0,0x7D,0x00,0x79,0x00,0xEF,0xF0,0xA3,0x30,0x25,0xE0,0x39,0x00,0x21,0x00}},
  {0x68B9, {0x00,0x00,0x20,0x20,0x27,0xE0,0xF4,0x00,0x27,0xF0,0x74,0x40,0x7C,0x40,0xA4,0x40,0xAF,0xF0,0x22,0x40,0x24,0x60,0x28,0x10}},
  {0x68BB, {0x00,0x00,0x05,0x40,0x2F,0xE0,0xF9,0x40,0x69,0x40,0x7B,0xE0,0x7D,0x40,0xEF,0xF0,0x29,0x50,0x29,0x50,0x2A,0x60,0x08,0x40}},
  {0x68BE, {0x00,0x00,0x21,0x00,0x27,0xE0,0xF1,0x20,0x65,0x60,0x71,0x00,0x6F,0xF0,0xA3,0x80,0x23,0x40,0x25,0x60,0x29,0x30,0x21,0x00}},
  {0x68C0, {0x00,0x00,0x21,0x80,0x23,0x80,0xF6,0x60,0x28,0x30,0x67,0xC0,0x70,0x20,0xB1,0x60,0xA5,0x40,0x25,0x40,0x20,0x40,0x0F,0xF0}},
  {0x68C6, {0x00,0x00,0x21,0x80,0x23,0x80,0xF6,0x40,0x6F,0xF0,0x60,0x00,0x7F,0xE0,0xEA,0xA0,0xAF,0xE0,0x2A,0xA0,0x2A,0xA0,0x28,0x60}},
  {0x68C9, {0x00,0x00,0x21,0x00,0x27,0xE0,0xF4,0x20,0x27,0xE0,0x74,0x20,0x77,0xE0,0xA1,0x00,0xAF,0xE0,0x2D,0x20,0x2D,0xE0,0x21,0x00}},
  {0x68CB, {0x00,0x00,0x24,0x60,0x24,0x60,0x2F,0xF0,0xF4,0x60,0x67,0xE0,0x74,0x60,0xF7,0xE0,0xA4,0x60,0x2F,0xF0,0x26,0x40,0x28,0x30}},
  {0x68CC, {0x00,0x00,0x2F,0xE0,0x21,0x00,0xFD,0x20,0x64,0x40,0x71,0x00,0x6F,0xF0,0xA3,0x80,0x27,0x40,0x2D,0x20,0x39,0x10,0x21,0x00}},
  {0x68CD, {0x00,0x00,0x2F,0xE0,0x2C,0x20,0xFF,0xE0,0x2C,0x20,0x7F,0xE0,0x70,0x80,0xE8,0xA0,0xAF,0xC0,0x28,0x90,0x2F,0x90,0x2C,0xE0}},
  {0x68CF, {0x00,0x00,0x27,0xE0,0x24,0x20,0xF7,0xE0,0x64,0x20,0x77,0xE0,0x6F,0xF0,0xA0,0x40,0xAF,0xF0,0x24,0x40,0x20,0x40,0x21,0xC0}},
  {0x68D1, {0x00,0x00,0x22,0x80,0x22,0x80,0xFE,0xF0,0x22,0x80,0x62,0x80,0x7E,0xE0,0xE2,0x80,0xA2,0x80,0x2E,0xF0,0x22,0x80,0x22,0x80}},
  {0x68D2, {0x00,0x00,0x21,0x00,0x2F,0xE0,0xF1,0x00,0x67,0xE0,0x62,0x00,0x7F,0xF0,0xF5,0x40,0xAF,0xF0,0x21,0x00,0x2F,0xE0,0x21,0x00}},
  {0x68D3, {0x00,0x00,0x21,0x00,0x27,0xF0,0xF4,0x20,0x62,0x40,0x7F,0xF0,0x70,0x00,0xA7,0xE0,0x24,0x20,0x24,0x20,0x27,0xE0,0x24,0x20}},
  {0x68EE, {0x00,0x00,0x06,0x00,0x7F,0xE0,0x0F,0x00,0x36,0x80,0xC6,0x30,0x10,0x80,0x7F,0xE0,0x39,0x80,0x56,0xA0,0x94,0x90,0x10,0x80}},
  {0x68F0, {0x00,0x00,0x20,0xE0,0x2F,0xC0,0xF1,0x00,0x6F,0xF0,0x75,0x20,0x7F,0xF0,0xA5,0x20,0xA5,0x20,0x2F,0xF0,0x21,0x00,0x0F,0xE0}},
  {0x68F1, {0x00,0x00,0x21,0x80,0x27,0xE0,0xF1,0x80,0x6F,0xF0,0x72,0x40,0x6E,0x30,0xA3,0xE0,0x26,0x40,0x21,0x80,0x23,0xC0,0x2C,0x30}},
  {0x68F7, {0x00,0x00,0x2F,0x00,0x2A,0xF0,0xFE,0x90,0x6A,0xA0,0x7A,0xA0,0x6E,0xA0,0xAA,0x60,0x2B,0x40,0x2F,0x60,0x22,0xA0,0x23,0x90}},
  {0x68F8, {0x00,0x00,0xFF,0xE0,0x44,0x20,0x7E,0x20,0x45,0xC0,0x7C,0xC0,0x5F,0xA0,0xE6,0x00,0x00,0x00,0xFF,0xF0,0x7F,0xE0,0x06,0x00}},
  {0x68FA, {0x00,0x00,0x21,0x00,0x2F,0xF0,0xF8,0x30,0x67,0xE0,0x74,0x20,0xFF,0xE0,0xA4,0x00,0x27,0xE0,0x24,0x20,0x27,0xE0,0x00,0x00}},
  {0x690E, {0x00,0x00,0x20,0x80,0x24,0x80,0xF7,0xF0,0x6C,0x80,0x6C,0x80,0x77,0xE0,0xA4,0x80,0xA7,0xE0,0x24,0x80,0x27,0xF0,0x24,0x00}},
  {0x6915, {0x00,0x00,0x22,0x40,0x2A,0x40,0xFB,0xF0,0x79,0x40,0x7E,0xE0,0x72,0xE0,0xAA,0xE0,0x2B,0x50,0x2B,0x40,0x2A,0x40,0x36,0x40}},
  {0x691A, {0x00,0x00,0x2E,0xE0,0x2A,0xA0,0xFE,0xE0,0x6A,0xA0,0x7E,0xE0,0x78,0x20,0xA8,0x20,0x28,0x20,0x28,0x20,0x28,0x20,0x28,0xE0}},
  {0x691F, {0x00,0x00,0x21,0x00,0x27,0xE0,0xF1,0x00,0x6F,0xF0,0x72,0x90,0x69,0x80,0xA4,0x80,0xAF,0xF0,0x21,0x80,0x23,0x60,0x2C,0x30}},
  {0x6924, {0x00,0x00,0x2F,0xE0,0x2A,0xA0,0xFA,0xA0,0x6F,0xE0,0x72,0x00,0x73,0xE0,0xA4,0x20,0xAA,0x40,0x21,0x80,0x23,0x00,0x2C,0x00}},
  {0x692E, {0x00,0x00,0x23,0x00,0x26,0x40,0xFF,0xE0,0x61,0x00,0x6F,0xF0,0x74,0x40,0xEB,0x30,0xA4,0x80,0x27,0x60,0x21,0x80,0x2E,0x00}},
  {0x6934, {0x00,0x00,0x26,0xE0,0x2C,0xA0,0xF9,0x20,0x6F,0x30,0x79,0x00,0x7F,0xE0,0xE9,0x20,0xBE,0xE0,0x28,0xC0,0x28,0xE0,0x2B,0x30}},
  {0x693D, {0x00,0x00,0x24,0x00,0x27,0xE0,0xF4,0x60,0x67,0xC0,0x70,0x40,0x7F,0xF0,0xA3,0x60,0xAC,0xC0,0x23,0xA0,0x2C,0x90,0x23,0x80}},
  {0x693F, {0x00,0x00,0x21,0x00,0x2F,0xE0,0xF1,0x00,0x6F,0xF0,0x64,0x40,0x64,0x40,0xFF,0xE0,0xFC,0x70,0x27,0xC0,0x24,0x40,0x03,0x80}},
  {0x6944, {0x00,0x00,0x21,0x00,0x2F,0xE0,0xF8,0x20,0x6F,0xE0,0x68,0x00,0x7F,0xE0,0xAD,0x60,0x2F,0xE0,0x2D,0x60,0x35,0x60,0x34,0x60}},
  {0x6949, {0x00,0x00,0x22,0x40,0x2F,0xF0,0xF2,0x40,0x61,0x00,0x7F,0xF0,0x72,0x00,0xA7,0xE0,0x2C,0x20,0x24,0x20,0x27,0xE0,0x24,0x20}},
  {0x695A, {0x00,0x00,0x10,0x80,0x7F,0xE0,0x39,0xC0,0x5F,0xE0,0x12,0x90,0x00,0x00,0x7F,0xE0,0x06,0x20,0x27,0xC0,0x76,0x00,0xCF,0xF0}},
  {0x695E, {0x00,0x00,0x27,0xE0,0x24,0xA0,0xFC,0xA0,0x27,0xE0,0x61,0x00,0x6F,0xF0,0xE2,0x00,0xA3,0xE0,0x24,0x20,0x24,0x20,0x29,0xC0}},
  {0x6969, {0x00,0x00,0x27,0xF0,0x2C,0x80,0xFB,0xE0,0x7A,0xA0,0x7B,0xE0,0x7A,0xA0,0xAB,0xE0,0x2A,0x80,0x29,0x80,0x29,0xC0,0x2E,0x30}},
  {0x696B, {0x00,0x00,0x27,0xE0,0x24,0x20,0xFF,0xF0,0x34,0x20,0x37,0xE0,0x64,0x20,0xA7,0xE0,0x24,0x20,0x24,0xF0,0x2F,0x20,0x20,0x20}},
  {0x6971, {0x00,0x00,0x21,0x00,0x2F,0xE0,0xF1,0x00,0x7F,0xF0,0x74,0x40,0x6F,0xE0,0xF1,0x10,0xAF,0xE0,0x23,0x80,0x26,0xC0,0x28,0x20}},
  {0x6977, {0x00,0x00,0x24,0x80,0x26,0xA0,0xFC,0xC0,0x24,0x80,0x7E,0x90,0x7F,0xE0,0xA4,0x20,0xA7,0xE0,0x24,0x20,0x27,0xE0,0x24,0x20}},
  {0x697A, {0x00,0x00,0x27,0xE0,0x26,0x40,0xF1,0x80,0x6F,0xF0,0x62,0xA0,0x7F,0xA0,0xA1,0x00,0xAF,0xF0,0x23,0xC0,0x2D,0x30,0x21,0x00}},
  {0x697C, {0x00,0x00,0x25,0x20,0x23,0x40,0xFF,0xE0,0x63,0xC0,0x75,0x60,0x69,0x30,0xA1,0x00,0xAF,0xF0,0x26,0xC0,0x23,0xC0,0x2E,0x60}},
  {0x697D, {0x00,0x00,0x04,0x00,0x6F,0x60,0x29,0x40,0x0F,0x00,0x39,0xC0,0xCF,0x20,0x00,0x00,0x7F,0xF0,0x1F,0x80,0x72,0xE0,0x42,0x20}},
  {0x6980, {0x00,0x00,0x27,0xE0,0x24,0x60,0xF4,0x60,0x67,0xE0,0x70,0x00,0x7E,0xE0,0xAA,0xA0,0xAA,0xA0,0x2A,0xA0,0x2E,0xE0,0x2A,0xA0}},
  {0x6982, {0x00,0x00,0x2F,0xE0,0x2A,0x40,0xFF,0x40,0x6B,0x40,0x6B,0x40,0x7F,0xE0,0xA8,0x40,0x2A,0xD0,0x2E,0x50,0x29,0x50,0x22,0x60}},
  {0x699C, {0x00,0x00,0x21,0x00,0x2F,0xE0,0xF2,0x40,0x6F,0xE0,0x79,0x20,0x79,0x00,0xAF,0xF0,0xA3,0xE0,0x24,0x20,0x24,0x60,0x29,0xC0}},
  {0x69AB, {0x00,0x00,0x24,0x80,0x27,0xF0,0xF4,0x80,0x2F,0xE0,0x6C,0x80,0x77,0xE0,0x74,0x80,0xA7,0xF0,0xA1,0x80,0x2F,0xF0,0x21,0x80}},
  {0x69B7, {0x00,0x00,0x21,0x00,0x2F,0xF0,0xFB,0x30,0x36,0x80,0x6F,0xF0,0x6C,0x80,0xA7,0xE0,0xA4,0x80,0x27,0xE0,0x24,0x80,0x03,0xF0}},
  {0x69B8, {0x00,0x00,0x25,0xF0,0x25,0x50,0xF5,0x50,0x6F,0xF0,0x65,0x50,0x75,0xF0,0xA4,0x40,0xA7,0xF0,0x2C,0x40,0x20,0x40,0x23,0xF0}},
  {0x69BB, {0x00,0x00,0x27,0xE0,0x24,0x20,0xF7,0xE0,0x64,0x20,0x67,0xE0,0x70,0x00,0xBF,0xE0,0xAB,0xA0,0x2F,0xE0,0x2A,0x20,0x2E,0xE0}},
  {0x69C0, {0x00,0x00,0x04,0x00,0xFF,0xF0,0x20,0x40,0x7F,0xE0,0x5F,0xA0,0x50,0xA0,0x5F,0xE0,0x40,0x00,0xFF,0xF0,0x1F,0x80,0xC6,0x70}},
  {0x69C1, {0x00,0x00,0x21,0x00,0x2F,0xF0,0xF4,0x20,0x67,0xE0,0x70,0x00,0x7F,0xE0,0xA8,0x20,0xAB,0xE0,0x2A,0x60,0x2B,0xA0,0x28,0x60}},
  {0x69C2, {0x00,0x00,0x2F,0xF0,0x24,0x80,0xF5,0xA0,0x65,0xE0,0x74,0xC0,0x7F,0xA0,0xAD,0xF0,0xA4,0x40,0x25,0x60,0x26,0x50,0x39,0x80}},
  {0x69C3, {0x00,0x00,0x11,0xC0,0x7F,0x20,0x56,0x20,0xFF,0xE0,0x55,0x60,0x5D,0xC0,0x9B,0x60,0x00,0x00,0xFF,0xF0,0x3F,0xC0,0x46,0x20}},
  {0x69C6, {0x00,0x00,0x22,0x40,0x2F,0xF0,0xF2,0x40,0x37,0xF0,0x6F,0xF0,0x6C,0x60,0xA7,0xE0,0xA4,0x60,0x27,0xA0,0x20,0x20,0x20,0xE0}},
  {0x69C8, {0x00,0x00,0x2F,0xF0,0x28,0x00,0xFF,0xE0,0x68,0x00,0x6F,0xF0,0x7A,0xE0,0xEB,0xF0,0xAA,0x20,0x2F,0xF0,0x3B,0x20,0x30,0xC0}},
  {0x69CA, {0x00,0x00,0x29,0xE0,0x7F,0x20,0x15,0xE0,0x55,0x20,0x7F,0xE0,0x22,0x20,0x46,0xE0,0xFF,0xF0,0x0F,0x00,0x36,0xC0,0xC6,0x30}},
  {0x69CC, {0x00,0x00,0x28,0x80,0x25,0xE0,0xF1,0x20,0x61,0xE0,0x7D,0x00,0x7D,0xE0,0xA5,0x20,0xA5,0x20,0x2D,0xE0,0x2C,0x00,0x33,0xF0}},
  {0x69D0, {0x00,0x00,0x21,0x00,0x2F,0xE0,0xF9,0x20,0x6F,0xE0,0x69,0x20,0x7F,0xE0,0xB3,0x40,0xA3,0xA0,0x27,0xF0,0x2D,0x10,0x38,0xE0}},
  {0x69DF, {0x00,0x00,0x21,0x00,0x2F,0xF0,0xF8,0x10,0x27,0xC0,0x74,0x00,0x77,0xE0,0xA4,0x80,0xA4,0x80,0x3F,0xF0,0x26,0x40,0x28,0x20}},
  {0x69E1, {0x00,0x00,0x27,0xE0,0x23,0xC0,0xF6,0x60,0x6F,0xF0,0x76,0xA0,0x6E,0xE0,0xA1,0x00,0x2F,0xF0,0x23,0xC0,0x2D,0x30,0x29,0x00}},
  {0x69EB, {0x00,0x00,0x21,0x80,0x2F,0xF0,0xF5,0xA0,0x27,0xE0,0x75,0xA0,0x77,0xE0,0xF1,0xA0,0xAF,0xF0,0x2F,0xF0,0x22,0x40,0x21,0xC0}},
  {0x69FD, {0x22,0x80,0x2F,0xF0,0xF2,0x80,0x6F,0xE0,0x6A,0xA0,0x7F,0xE0,0x7A,0xA0,0xA7,0xE0,0xA4,0x20,0x27,0xE0,0x24,0x20,0x27,0xE0}},
  {0x6A09, {0x00,0x00,0x21,0x00,0x2F,0xF0,0xF3,0x00,0x67,0x60,0x7B,0xE0,0x7B,0x60,0xA7,0xE0,0xAB,0xC0,0x23,0x80,0x26,0x60,0x28,0x30}},
  {0x6A21, {0x00,0x00,0x22,0x40,0x2F,0xF0,0xF2,0x40,0x67,0xE0,0x77,0xE0,0x7C,0x20,0xA7,0xE0,0xA1,0x00,0x2F,0xF0,0x22,0xC0,0x2C,0x30}},
  {0x6A2A, {0x00,0x00,0x22,0x40,0x27,0xE0,0xF2,0x40,0x2F,0xF0,0x71,0x00,0x7F,0xE0,0xA5,0x20,0xA7,0xE0,0x25,0x20,0x27,0xE0,0x2C,0x30}},
  {0x6A3D, {0x00,0x00,0x22,0x40,0x2F,0xF0,0xF2,0x80,0x6F,0xE0,0x7A,0xA0,0x6F,0xE0,0xA8,0x20,0xAF,0xF0,0x24,0x40,0x22,0x40,0x21,0xC0}},
  {0x6A43, {0x00,0x00,0x2F,0xE0,0x22,0xC0,0xF6,0x60,0x64,0x60,0x6E,0xF0,0x72,0x80,0xBF,0x20,0x2F,0xE0,0x22,0xC0,0x22,0xC0,0x2F,0x20}},
  {0x6A4D, {0x00,0x00,0x2E,0xE0,0x2A,0xA0,0xFE,0xE0,0x6A,0xA0,0x7F,0xE0,0x69,0x20,0xAB,0xE0,0x29,0x20,0x2F,0xE0,0x28,0x20,0x28,0x60}},
  {0x6A53, {0x00,0x00,0x2F,0xE0,0x25,0x20,0xF4,0x40,0x6F,0xF0,0x7C,0x40,0x6F,0xF0,0xAA,0x40,0x3F,0x40,0x25,0xF0,0x2C,0x40,0x28,0x40}},
  {0x6A61, {0x00,0x00,0x22,0x00,0x27,0xC0,0xF8,0x80,0x6F,0xE0,0x79,0x20,0x7F,0xE0,0xAF,0x20,0xBF,0xE0,0x2F,0xC0,0x2E,0xA0,0x2F,0x90}},
  {0x6A64, {0x00,0x00,0x06,0x00,0x50,0xA0,0x1F,0x80,0x31,0xC0,0xAF,0x30,0x38,0xC0,0x06,0x00,0xFF,0xF0,0x1F,0x00,0x76,0xE0,0x06,0x20}},
  {0x6A67, {0x00,0x00,0x22,0x40,0x2F,0xE0,0xF9,0x60,0x6B,0x60,0x7F,0xE0,0x78,0x00,0xA7,0xE0,0x24,0x20,0x27,0xE0,0x24,0x20,0x27,0xE0}},
  {0x6A69, {0x00,0x00,0x24,0x40,0x2D,0xD0,0xF6,0x60,0x6A,0xE0,0x68,0x80,0x7F,0xE0,0xE8,0x20,0xA3,0xC0,0x22,0x40,0x24,0x50,0x28,0x60}},
  {0x6A6A, {0x00,0x00,0x24,0x40,0x27,0x60,0xF9,0x40,0x6F,0xF0,0x7A,0xC0,0x76,0xC0,0xA5,0x20,0x2B,0x10,0x28,0xA0,0x2A,0xA0,0x32,0x00}},
  {0x6A82, {0x00,0x00,0x22,0x80,0x2F,0xE0,0xFA,0xA0,0x6D,0x60,0x7F,0xE0,0x78,0x00,0xEF,0xE0,0xA8,0x00,0x2F,0xF0,0x3A,0xE0,0x37,0x30}},
  {0x6A96, {0x00,0x00,0x29,0x20,0x29,0x40,0xF3,0xF0,0x61,0x80,0x6E,0xE0,0x79,0xC0,0xAF,0xE0,0xAF,0x40,0x29,0x80,0x3C,0x00,0x33,0xF0}},
  {0x6A9B, {0x00,0x00,0x23,0xE0,0x2A,0x20,0xF3,0xA0,0x62,0xA0,0x7B,0xE0,0x7A,0x00,0xEB,0xC0,0xAB,0x40,0x2B,0xE0,0x3E,0x00,0x37,0xF0}},
  {0x6AA6, {0x00,0x00,0x3F,0x80,0x26,0x20,0xFF,0xE0,0x66,0xE0,0x7F,0xE0,0x7F,0x60,0xA0,0x60,0x3F,0xE0,0x2B,0x20,0x3A,0xA0,0x24,0x60}},
  {0x6AB2, {0x00,0x00,0x2F,0xE0,0x29,0x00,0xFF,0xE0,0x6D,0x40,0x6F,0xC0,0xF9,0x40,0xAF,0xE0,0x2A,0x80,0x29,0x80,0x28,0x00,0x2F,0xE0}},
  {0x6ABD, {0x00,0x00,0x2F,0xE0,0x21,0x00,0xFF,0xF0,0x61,0x00,0x77,0xE0,0x70,0x00,0xEF,0xF0,0xA1,0x00,0x2F,0xF0,0x2A,0x90,0x28,0x60}},
  {0x6AD2, {0x00,0x00,0x22,0x40,0x2F,0xF0,0xF4,0x80,0x6F,0xF0,0x6E,0xA0,0x7E,0x40,0xE7,0xE0,0xA8,0x10,0x2F,0xE0,0x2D,0x60,0x2B,0x00}},
  {0x6AD5, {0x00,0x00,0x24,0x40,0x2F,0xE0,0xF4,0x40,0x6F,0xF0,0x7F,0xE0,0xF8,0x20,0xAF,0xE0,0x28,0x20,0x2F,0xE0,0x26,0x60,0x3C,0x30}},
  {0x6AD7, {0x00,0x00,0x22,0x40,0x2F,0xF0,0xF0,0x00,0x6F,0xE0,0x6A,0xA0,0x6F,0xE0,0xF1,0x40,0xAF,0xF0,0x2C,0xE0,0x2B,0xD0,0x36,0x60}},
  {0x6AD9, {0x00,0x00,0x22,0x40,0x2F,0xF0,0xF2,0x40,0x6F,0xF0,0x6B,0xE0,0x6A,0x20,0xAF,0xE0,0x2D,0x00,0x2F,0x60,0x28,0x00,0x2F,0xF0}},
  {0x6AF0, {0x00,0x00,0x21,0x00,0x2F,0xF0,0xF0,0x00,0x6F,0xE0,0x6A,0xA0,0x6F,0xE0,0xF7,0xE0,0x2F,0xE0,0x23,0xA0,0x2C,0xE0,0x27,0x30}},
  {0x6AF4, {0x00,0x00,0x04,0x80,0x0E,0xE0,0xE5,0xF0,0x4E,0x90,0x6C,0xF0,0x7C,0x90,0xFE,0xF0,0x84,0x90,0x0E,0xF0,0x14,0xA0,0x05,0x90}},
  {0x6B01, {0x00,0x00,0x46,0x40,0x4F,0x40,0xF7,0xF0,0x49,0x60,0x70,0x60,0x4F,0xE0,0xC0,0xD0,0x5F,0x50,0x5B,0x40,0x5F,0x40,0x60,0x40}},
  {0x6B06, {0x00,0x00,0x22,0x80,0x2F,0xF0,0xFA,0x80,0x6F,0xF0,0x7A,0x80,0x7F,0xF0,0xA0,0x00,0xAF,0xE0,0x22,0x40,0x23,0x80,0x2C,0x70}},
  {0x6B0C, {0x00,0x00,0x22,0x80,0x2F,0xF0,0xF8,0xC0,0x6F,0xF0,0x6F,0xC0,0x76,0x50,0xFF,0xE0,0xAE,0xE0,0x27,0xF0,0x36,0x70,0x23,0xB0}},
  {0x6B11, {0x00,0x00,0x2C,0xC0,0x2F,0xE0,0xF0,0x40,0x6F,0xF0,0x7F,0xF0,0x78,0x20,0xEF,0xE0,0xA8,0x20,0x2F,0xE0,0x26,0xE0,0x3C,0x30}},
  {0x6B1C, {0x00,0x00,0x01,0x00,0x2F,0xF0,0xF9,0x20,0x6F,0xE0,0x6F,0xF0,0x7A,0xA0,0xEF,0xF0,0xA4,0x40,0x3F,0xF0,0x3C,0xE0,0x07,0x30}},
  {0x6B21, {0x00,0x00,0x04,0x00,0x44,0x00,0x67,0xE0,0x28,0x20,0x09,0x60,0x23,0x00,0x23,0x00,0x62,0x80,0x44,0xC0,0x88,0x60,0x10,0x30}},
  {0x6B22, {0x00,0x00,0x02,0x00,0xFB,0xF0,0x1D,0x20,0x5D,0x20,0x51,0x00,0x31,0x80,0x31,0x80,0x3B,0xC0,0x6A,0x40,0x44,0x60,0x88,0x30}},
  {0x6B27, {0x00,0x00,0x01,0x00,0x7D,0x00,0x47,0xF0,0x6A,0x20,0x5A,0xA0,0x5A,0x80,0x58,0x80,0x7C,0xC0,0x65,0x40,0x42,0x20,0x7C,0x30}},
  {0x6B32, {0x00,0x00,0x29,0x00,0x65,0xF0,0xD2,0x30,0x3A,0xA0,0x64,0x80,0xC0,0x80,0x7C,0xC0,0x44,0xC0,0x45,0x60,0x7F,0x20,0x02,0x10}},
  {0x6B36, {0x00,0x00,0x11,0x00,0xFD,0xF0,0x11,0x30,0x7E,0xA0,0x56,0xA0,0x54,0x80,0x7C,0xC0,0x38,0xC0,0x5D,0x40,0x93,0x20,0x12,0x10}},
  {0x6B3A, {0x00,0x00,0x49,0x00,0xFD,0xF0,0x4A,0xB0,0x7A,0xA0,0x4E,0xA0,0x78,0x80,0x48,0xC0,0xFD,0xC0,0x29,0x40,0x4B,0x20,0x42,0x30}},
  {0x6B3B, {0x00,0x00,0x11,0x00,0x55,0xF0,0x72,0xB0,0x3A,0xA0,0xC4,0x80,0x10,0x80,0x54,0xC0,0x71,0xC0,0x39,0x60,0x46,0x20,0x86,0x10}},
  {0x6B3E, {0x00,0x00,0x11,0x00,0xFF,0x00,0x13,0xF0,0x7E,0x20,0x02,0xA0,0x7C,0x80,0x00,0x80,0xFD,0xC0,0x59,0x40,0x96,0x20,0x64,0x30}},
  {0x6B40, {0x00,0x00,0x11,0x00,0x7D,0xF0,0x39,0x10,0x56,0xA0,0x90,0x80,0x7C,0x80,0x00,0xC0,0xFC,0xC0,0x51,0x60,0x57,0x20,0x32,0x10}},
  {0x6B49, {0x00,0x00,0x28,0x80,0x7E,0x80,0x28,0xF0,0x7F,0x30,0x2B,0x60,0x2B,0x40,0x7E,0xC0,0x7E,0xC0,0x6C,0xE0,0xAB,0x20,0x2B,0x10}},
  {0x6B4C, {0x00,0x00,0xFE,0x80,0x05,0x00,0x75,0xF0,0x55,0x30,0x76,0xA0,0x00,0x80,0xFE,0xC0,0x04,0xC0,0x75,0xC0,0x55,0x20,0x7E,0x10}},
  {0x6B55, {0x00,0x00,0x11,0x00,0x7D,0xF0,0x51,0x10,0xFE,0x20,0x7C,0x80,0x04,0x80,0x7C,0xC0,0x04,0xC0,0x7D,0x20,0x6D,0x20,0x86,0x10}},
  {0x6B58, {0x00,0x00,0x10,0x80,0x55,0xF0,0x11,0x10,0x2E,0x60,0xC4,0x40,0x44,0x40,0xEE,0xC0,0x64,0xC0,0x66,0xA0,0xDB,0x20,0x91,0x10}},
  {0x6B60, {0x00,0x00,0xFE,0x80,0x6C,0xF0,0xEB,0x30,0xFF,0x60,0x6E,0x40,0xFE,0x40,0xFE,0xC0,0xEA,0xC0,0xFE,0xA0,0x83,0x20,0x7F,0x10}},
  {0x6B62, {0x00,0x00,0x02,0x00,0x02,0x00,0x22,0x00,0x23,0xE0,0x22,0x00,0x22,0x00,0x22,0x00,0x22,0x00,0x22,0x00,0x22,0x00,0xFF,0xF0}},
  {0x6B63, {0x00,0x00,0x7F,0xE0,0x02,0x00,0x02,0x00,0x22,0x00,0x23,0xE0,0x22,0x00,0x22,0x00,0x22,0x00,0x22,0x00,0x22,0x00,0xFF,0xF0}},
  {0x6B64, {0x00,0x00,0x09,0x00,0x09,0x00,0x49,0x20,0x49,0x60,0x4F,0x80,0x49,0x00,0x49,0x00,0x49,0x10,0x49,0x10,0x7F,0x30,0xF1,0xE0}},
  {0x6B65, {0x00,0x00,0x02,0x00,0x22,0x00,0x23,0xE0,0x22,0x00,0xFF,0xF0,0x02,0x00,0x12,0x60,0x22,0xC0,0x43,0x80,0x1E,0x00,0xF0,0x00}},
  {0x6B66, {0x00,0x00,0x01,0x00,0x7F,0x40,0x01,0x20,0x01,0x00,0xFF,0xF0,0x09,0x80,0x6F,0x80,0x68,0x80,0x68,0x90,0x6F,0x90,0xF0,0x60}},
  {0x6B6A, {0x00,0x00,0x7F,0xE0,0x0C,0x00,0x1F,0xC0,0xE6,0x70,0x00,0x00,0x7F,0xE0,0x02,0x00,0x23,0xC0,0x22,0x00,0x22,0x00,0xFF,0xF0}},
  {0x6B6E, {0x00,0x00,0x02,0x00,0x23,0xE0,0x22,0x00,0x22,0x00,0xFF,0xF0,0x10,0x00,0x52,0x40,0x5E,0x70,0x52,0x40,0x5A,0x40,0xF7,0xF0}},
  {0x6B70, {0x00,0x00,0x7F,0xE0,0x54,0xA0,0x66,0xA0,0x2D,0xA0,0x5B,0xE0,0x12,0x00,0x10,0x40,0x5E,0x60,0x52,0x40,0x5E,0x40,0xF7,0xF0}},
  {0x6B79, {0x00,0x00,0x7F,0xF0,0x08,0x00,0x18,0x00,0x1F,0xC0,0x30,0x40,0x70,0xC0,0xCD,0x80,0x07,0x00,0x06,0x00,0x18,0x00,0x60,0x00}},
  {0x6B7B, {0x00,0x00,0xFF,0xF0,0x31,0x00,0x21,0x00,0x3D,0x20,0x45,0x60,0x65,0x80,0x99,0x00,0x19,0x10,0x11,0x10,0x21,0x30,0x41,0xE0}},
  {0x6B82, {0x00,0x00,0xFF,0xE0,0x24,0x20,0x64,0x20,0x7F,0xE0,0x54,0x20,0xF4,0x20,0xB7,0xE0,0x34,0x20,0x24,0x20,0x44,0x20,0xCF,0xF0}},
  {0x6B83, {0x00,0x00,0xF8,0x80,0x60,0x80,0x47,0xE0,0x7C,0xA0,0x55,0xA0,0xF5,0x20,0xBF,0xF0,0x21,0x80,0x22,0xC0,0x46,0x60,0xC8,0x30}},
  {0x6B86, {0x00,0x00,0x01,0x00,0xF9,0x00,0x22,0x40,0x7E,0x60,0x4F,0xE0,0x70,0x10,0xB7,0xE0,0x14,0x20,0x24,0x20,0x67,0xE0,0x44,0x20}},
  {0x6B8E, {0x00,0x00,0xF8,0x80,0x20,0x80,0x47,0xF0,0x74,0xA0,0x54,0xE0,0xDF,0xE0,0xB1,0x90,0x21,0x80,0x23,0x40,0x46,0x60,0x88,0x10}},
  {0x6B95, {0x00,0x00,0xF1,0x00,0x47,0xE0,0x44,0x40,0x72,0x40,0x5F,0xF0,0xF0,0x00,0xB7,0xE0,0x24,0x20,0x64,0x20,0x47,0xE0,0x04,0x20}},
  {0x6B96, {0x00,0x00,0xF1,0x80,0x67,0xF0,0x41,0x80,0x77,0xE0,0x54,0x20,0xF7,0xE0,0xB4,0x20,0x37,0xE0,0x24,0x20,0x44,0x20,0x4F,0xF0}},
  {0x6BA1, {0x00,0x00,0xF1,0x00,0x4F,0xF0,0x48,0x10,0x77,0xC0,0x54,0x00,0xD7,0xE0,0xB4,0x40,0x24,0x40,0x24,0x40,0x4F,0xF0,0xC8,0x30}},
  {0x6BA9, {0x00,0x00,0x02,0x00,0xF3,0xF0,0x46,0x20,0x7F,0x60,0x56,0x60,0xD4,0x80,0xA3,0x40,0x2F,0xF0,0x63,0xC0,0x4D,0x30,0x81,0x00}},
  {0x6BB4, {0x00,0x00,0x7F,0xC0,0x62,0x40,0x6A,0x40,0x5C,0x30,0x50,0x00,0x5B,0xE0,0x6A,0x60,0x69,0x40,0x41,0x80,0x7F,0xC0,0x06,0x30}},
  {0x6BB5, {0x00,0x00,0x18,0x00,0x73,0xC0,0x42,0x40,0x7A,0x40,0x44,0x30,0x40,0x00,0x7F,0xE0,0x42,0x40,0x59,0x40,0xC1,0xC0,0x46,0x70}},
  {0x6BBF, {0x00,0x00,0x7D,0xE0,0x45,0x20,0x7D,0x20,0x42,0x30,0x54,0x00,0x7F,0xE0,0x55,0x20,0x7F,0x40,0x54,0xC0,0xA5,0xC0,0xA2,0x30}},
  {0x6BC1, {0x00,0x00,0x20,0x00,0x5D,0xE0,0x45,0x20,0x7F,0x20,0x46,0x30,0x7C,0x00,0x03,0xE0,0x7D,0x60,0x11,0xC0,0x3D,0xC0,0xE6,0x30}},
  {0x6BC5, {0x00,0x00,0x11,0xE0,0x7D,0x20,0x29,0x20,0xFF,0x30,0x30,0x00,0x57,0xE0,0x39,0x20,0xDD,0x40,0x2A,0xC0,0xC9,0xC0,0x32,0x30}},
  {0x6BC8, {0x00,0x00,0x7D,0xE0,0xF4,0x60,0xB5,0x60,0xFC,0x50,0xFC,0x00,0xB5,0xE0,0xF4,0x60,0xF7,0xE0,0x1F,0x60,0x50,0x60,0x90,0x90}},
  {0x6BCD, {0x00,0x00,0x3F,0xC0,0x24,0x40,0x26,0x40,0x22,0x40,0xFF,0xF0,0x64,0x40,0x44,0x40,0x42,0x40,0x7F,0xE0,0x00,0x40,0x03,0x80}},
  {0x6BD2, {0x00,0x00,0x06,0x00,0x7F,0xE0,0x06,0x00,0x3F,0xC0,0x06,0x00,0x7F,0xE0,0x24,0x40,0xFF,0xF0,0x24,0x40,0x3F,0xE0,0x03,0x80}},
  {0x6BD4, {0x00,0x00,0x42,0x00,0x42,0x00,0x42,0x20,0x42,0x60,0x7A,0xC0,0x43,0x00,0x42,0x00,0x42,0x10,0x4A,0x10,0x72,0x30,0x43,0xE0}},
  {0x6BD5, {0x00,0x00,0x23,0x00,0x23,0x60,0x3F,0x80,0x23,0x10,0x7F,0x30,0x01,0xE0,0x06,0x00,0x06,0x00,0xFF,0xF0,0x06,0x00,0x06,0x00}},
  {0x6BDB, {0x00,0x00,0x03,0xE0,0x7E,0x00,0x04,0x00,0x07,0xE0,0x7E,0x00,0x04,0x00,0x07,0xF0,0xFE,0x00,0x04,0x10,0x04,0x30,0x03,0xE0}},
  {0x6BDD, {0x00,0x00,0x38,0x40,0xE1,0x80,0x26,0x00,0x38,0x40,0xE1,0x80,0x26,0x00,0x38,0x60,0xE1,0xC0,0x27,0x00,0x20,0x10,0x3F,0xE0}},
  {0x6BE2, {0x00,0x00,0x7F,0xE0,0x61,0x80,0x21,0x80,0x37,0xE0,0xE5,0xA0,0x26,0xA0,0x3E,0x60,0xE4,0x20,0x27,0xE0,0x20,0x10,0x3F,0xE0}},
  {0x6BEB, {0x04,0x00,0xFF,0xF0,0x20,0x40,0x7F,0xE0,0x40,0x20,0x47,0xE0,0x34,0x00,0x07,0xC0,0x34,0x00,0x07,0xF0,0x64,0x00,0x03,0xE0}},
  {0x6BF8, {0x00,0x00,0x3F,0xE0,0xE4,0xA0,0x27,0xE0,0x3C,0xA0,0xE7,0xE0,0x21,0x00,0x3E,0xA0,0xE6,0x40,0x23,0xD0,0x20,0x10,0x3F,0xE0}},
  {0x6C09, {0x00,0x00,0x7C,0xE0,0x44,0x80,0x7C,0x80,0x00,0xE0,0x6F,0x80,0x28,0x80,0x6E,0xF0,0x11,0x80,0xFE,0x90,0x78,0x90,0x90,0xE0}},
  {0x6C11, {0x00,0x00,0x7F,0xE0,0x40,0x20,0x40,0x20,0x7F,0xC0,0x42,0x00,0x43,0x00,0x7F,0xF0,0x41,0x00,0x41,0x90,0x78,0xB0,0x60,0x60}},
  {0x6C14, {0x00,0x00,0x20,0x00,0x3F,0xE0,0x20,0x00,0x5F,0xC0,0xC0,0x00,0xFF,0xC0,0x00,0x40,0x00,0x40,0x00,0x50,0x00,0x70,0x00,0x20}},
  {0x6C15, {0x00,0x00,0x10,0x00,0x3F,0xE0,0x20,0x00,0x5F,0xC0,0x80,0x00,0x7F,0xC0,0x08,0x40,0x08,0x40,0x18,0x50,0x30,0x50,0x40,0x20}},
  {0x6C16, {0x00,0x00,0x30,0x00,0x3F,0xE0,0x7F,0xC0,0xC0,0x00,0xFF,0xC0,0x00,0x40,0x7E,0x40,0x32,0x40,0x27,0x50,0x61,0x70,0xC7,0x20}},
  {0x6C1D, {0x00,0x00,0x30,0x00,0x3F,0xE0,0x60,0x00,0x5F,0xC0,0x80,0x00,0x7F,0xC0,0x08,0x40,0x7F,0x40,0x5D,0x50,0x63,0x50,0x47,0x20}},
  {0x6C1E, {0x00,0x00,0x30,0x00,0x3F,0xE0,0x40,0x00,0xFF,0xC0,0x00,0x40,0x7F,0xC0,0x08,0x40,0x7F,0x40,0x5D,0x50,0x63,0x50,0x47,0x20}},
  {0x6C26, {0x00,0x00,0x20,0x00,0x3F,0xE0,0x40,0x00,0xFF,0xC0,0x08,0x40,0x7F,0x40,0x22,0x40,0x7C,0x40,0x3B,0x50,0x4E,0x70,0x73,0x20}},
  {0x6C27, {0x00,0x00,0x20,0x00,0x7F,0xE0,0x40,0x00,0x7F,0xE0,0x26,0x40,0x7F,0xC0,0x08,0x40,0x7F,0x40,0x08,0x50,0xFF,0xF0,0x08,0x20}},
  {0x6C34, {0x00,0x00,0x06,0x00,0x06,0x00,0x06,0x20,0xFE,0x40,0x17,0x80,0x17,0x00,0x36,0x80,0x26,0xC0,0x46,0x60,0x86,0x30,0x1C,0x00}},
  {0x6C35, {0x00,0x00,0x40,0x00,0x20,0x00,0x10,0x00,0x80,0x00,0x40,0x00,0x20,0x00,0x00,0x00,0x20,0x00,0x20,0x00,0x60,0x00,0x40,0x00}},
  {0x6C38, {0x00,0x00,0x0C,0x00,0x03,0x00,0x00,0x00,0x3E,0x60,0x03,0xC0,0x7B,0x00,0x12,0x80,0x22,0x40,0xC2,0x30,0x06,0x00,0x1C,0x00}},
  {0x6C3A, {0x00,0x00,0x06,0x00,0x46,0x20,0x66,0x60,0x36,0xC0,0x06,0x80,0x0F,0x00,0x1F,0x80,0x36,0x40,0x46,0x20,0x06,0x00,0x1C,0x00}},
  {0x6C3B, {0x00,0x00,0x42,0x00,0x32,0x00,0x0F,0xE0,0xC2,0x20,0x22,0x20,0x02,0x20,0x26,0x20,0x24,0x20,0x44,0x20,0x48,0x20,0x51,0xC0}},
  {0x6C42, {0x00,0x00,0x06,0x80,0x06,0x40,0xFF,0xF0,0x26,0x00,0x26,0x20,0x17,0xC0,0x0F,0x80,0x1E,0x80,0x66,0x60,0xC6,0x30,0x1C,0x00}},
  {0x6C46, {0x00,0x00,0x04,0x00,0x0F,0x00,0x38,0xC0,0xC2,0x30,0x02,0x40,0x7A,0xC0,0x1B,0x00,0x12,0x80,0x62,0x40,0xC6,0x30,0x0C,0x00}},
  {0x6C47, {0x00,0x00,0x40,0x00,0x2F,0xF0,0x08,0x00,0xC8,0x00,0x68,0x00,0x08,0x00,0x08,0x00,0x28,0x00,0x68,0x00,0x48,0x00,0x4F,0xF0}},
  {0x6C56, {0x00,0x00,0x06,0x00,0x46,0x20,0x7F,0xE0,0x00,0x00,0x02,0x00,0x7A,0xC0,0x1B,0x80,0x12,0x80,0x62,0x60,0xC6,0x30,0x1C,0x00}},
  {0x6C5F, {0x00,0x00,0x4F,0xE0,0x21,0x00,0x01,0x00,0xC1,0x00,0x21,0x00,0x01,0x00,0x21,0x00,0x21,0x00,0x61,0x00,0x41,0x00,0x5F,0xF0}},
  {0x6C60, {0x00,0x00,0x41,0x00,0x29,0x00,0x09,0xE0,0xCF,0x20,0x79,0x20,0x09,0x20,0x29,0xE0,0x69,0x10,0x49,0x10,0x48,0x30,0x47,0xE0}},
  {0x6C64, {0x00,0x00,0x4F,0xE0,0x20,0xC0,0x03,0x00,0xCC,0x00,0x2F,0xE0,0x04,0xA0,0x24,0xA0,0x6D,0x20,0x49,0x20,0x52,0x20,0x44,0xE0}},
  {0x6C6A, {0x00,0x00,0x40,0x00,0x2F,0xE0,0x01,0x00,0xC1,0x00,0x61,0x00,0x0F,0xE0,0x21,0x00,0x21,0x00,0x61,0x00,0x41,0x00,0x5F,0xF0}},
  {0x6C6D, {0x00,0x00,0x41,0x00,0x61,0x00,0x0F,0xE0,0xC9,0x20,0x69,0x20,0x0B,0xA0,0x0A,0xE0,0x4E,0x60,0x48,0x20,0x48,0x20,0x48,0xE0}},
  {0x6C7C, {0x00,0x00,0x41,0x80,0x25,0x80,0x07,0xE0,0xC9,0x80,0x29,0x80,0x01,0x80,0x2F,0xF0,0x61,0x80,0x41,0x80,0x41,0x80,0x41,0x80}},
  {0x6C86, {0x00,0x00,0x41,0x00,0x21,0x00,0x0F,0xE0,0xC0,0x00,0x67,0xC0,0x04,0xC0,0x24,0xC0,0x2C,0xC0,0x48,0xD0,0x58,0xD0,0x50,0x60}},
  {0x6C89, {0x00,0x00,0x40,0x00,0x2F,0xE0,0x08,0x20,0xC0,0x00,0x67,0xC0,0x04,0xC0,0x24,0xC0,0x64,0xC0,0x4C,0xD0,0x48,0xD0,0x50,0x60}},
  {0x6C90, {0x00,0x00,0x41,0x00,0x21,0x00,0x0F,0xF0,0xC3,0x80,0x63,0x80,0x05,0x40,0x29,0x40,0x79,0x20,0x51,0x10,0x41,0x00,0x41,0x00}},
  {0x6C91, {0x00,0x00,0x4F,0xE0,0x26,0x20,0x06,0x20,0xC4,0x20,0x64,0x20,0x0F,0xE0,0x04,0x60,0x64,0x60,0x44,0x60,0x44,0x60,0x5F,0xF0}},
  {0x6C93, {0x00,0x00,0x02,0x00,0x7B,0x60,0x13,0x80,0x22,0xC0,0xCE,0x30,0x00,0x00,0x3F,0xC0,0x20,0x40,0x3F,0xC0,0x20,0x40,0x1F,0x80}},
  {0x6C99, {0x00,0x00,0x41,0x00,0x21,0x00,0x05,0x40,0xCD,0x20,0x69,0x30,0x11,0x20,0x21,0x60,0x20,0xC0,0x41,0x80,0x46,0x00,0x58,0x00}},
  {0x6C9C, {0x00,0x00,0x48,0x80,0x28,0x80,0x08,0x80,0xCF,0xF0,0x68,0x00,0x08,0x00,0x0F,0xC0,0x68,0x40,0x48,0x40,0x50,0x40,0x50,0x40}},
  {0x6C9D, {0x00,0x00,0x10,0x80,0x10,0x80,0x14,0x80,0xFF,0xA0,0x73,0xC0,0x7A,0xC0,0x5E,0xC0,0x56,0xE0,0x94,0xB0,0x10,0x80,0x63,0x00}},
  {0x6C9F, {0x00,0x00,0x44,0x00,0x2F,0xE0,0x08,0x20,0xD2,0x20,0x66,0x20,0x05,0x20,0x29,0xA0,0x6F,0xA0,0x40,0x20,0x40,0x20,0x43,0xC0}},
  {0x6CA4, {0x00,0x00,0x4F,0xE0,0x2C,0x00,0x0A,0x40,0xCB,0xC0,0x69,0x80,0x09,0x80,0x2B,0xC0,0x6A,0x40,0x4C,0x20,0x48,0x00,0x4F,0xF0}},
  {0x6CA7, {0x00,0x00,0x41,0x00,0x23,0x80,0x04,0xC0,0xC8,0x60,0x7F,0xF0,0x08,0x40,0x28,0x40,0x29,0xC0,0x68,0x10,0x4C,0x30,0x47,0xE0}},
  {0x6CB3, {0x00,0x00,0x4F,0xF0,0x20,0x20,0x00,0x20,0xCF,0x20,0x69,0x20,0x09,0x20,0x29,0x20,0x2F,0x20,0x68,0x20,0x40,0x60,0x41,0xC0}},
  {0x6CB9, {0x00,0x00,0x41,0x00,0x21,0x00,0x0F,0xF0,0xC9,0x30,0x69,0x30,0x0F,0xF0,0x29,0x30,0x69,0x30,0x49,0x30,0x4F,0xF0,0x48,0x30}},
  {0x6CBB, {0x00,0x00,0x42,0x00,0x22,0x40,0x04,0x40,0xCC,0x60,0x6F,0xE0,0x00,0x10,0x2F,0xE0,0x68,0x20,0x48,0x20,0x4F,0xE0,0x48,0x20}},
  {0x6CC2, {0x00,0x00,0x4F,0xE0,0x28,0x20,0x08,0x20,0xCB,0xA0,0x6A,0xA0,0x0A,0xA0,0x2A,0xA0,0x2B,0xA0,0x6A,0x20,0x48,0x20,0x48,0xE0}},
  {0x6CC4, {0x00,0x00,0x41,0x40,0x29,0x40,0x09,0x40,0x5F,0xF0,0x09,0x40,0x09,0x40,0x29,0x40,0x69,0xC0,0x49,0x40,0x48,0x00,0x4F,0xF0}},
  {0x6CC9, {0x00,0x00,0x04,0x00,0x3F,0xC0,0x20,0x40,0x3F,0xC0,0x20,0x40,0x3F,0xC0,0x02,0x00,0x7B,0x60,0x12,0x80,0x26,0x40,0xCC,0x30}},
  {0x6CCA, {0x00,0x00,0x41,0x00,0x23,0x00,0x0F,0xE0,0xC8,0x20,0x68,0x20,0x0F,0xE0,0x28,0x20,0x28,0x20,0x68,0x20,0x4F,0xE0,0x48,0x20}},
  {0x6CD0, {0x00,0x00,0x5E,0x80,0x34,0x80,0x15,0xE0,0x94,0xA0,0x54,0xA0,0x14,0xA0,0x33,0xA0,0x53,0x20,0x5D,0x20,0x53,0x20,0x52,0xE0}},
  {0x6CD5, {0x00,0x00,0x41,0x00,0x21,0x00,0x0F,0xE0,0xC1,0x00,0x61,0x00,0x1F,0xF0,0x22,0x00,0x66,0x40,0x44,0x40,0x4D,0xE0,0xCC,0x20}},
  {0x6CE1, {0x00,0x00,0x44,0x00,0x2F,0xE0,0x18,0x20,0xDF,0xA0,0x68,0xA0,0x08,0xA0,0x2F,0xA0,0x68,0x60,0x49,0xD0,0x48,0x30,0x47,0xE0}},
  {0x6CE2, {0x00,0x00,0x41,0x00,0x2F,0xF0,0x09,0x10,0xC9,0x00,0x6F,0xE0,0x0A,0x60,0x6A,0x40,0x49,0xC0,0x51,0x80,0x53,0xC0,0x6C,0x30}},
  {0x6CE3, {0x00,0x00,0x41,0x00,0x61,0x00,0x0F,0xE0,0x00,0x00,0x4C,0x60,0x04,0x40,0x04,0x40,0x26,0xC0,0x62,0x80,0x40,0x80,0x5F,0xF0}},
  {0x6CE5, {0x00,0x00,0x4F,0xE0,0x28,0x20,0x08,0x20,0xCF,0xE0,0x68,0x00,0x0A,0x20,0x2A,0xC0,0x6B,0x00,0x5A,0x10,0x52,0x30,0x53,0xE0}},
  {0x6CE7, {0x00,0x00,0x41,0x40,0x21,0x20,0x0F,0xE0,0xC9,0x00,0x69,0x20,0x09,0x20,0x28,0xC0,0x68,0xC0,0x4C,0x90,0x49,0xE0,0x42,0x60}},
  {0x6CEF, {0x00,0x00,0x4F,0xE0,0x28,0x20,0x08,0x20,0xCF,0xE0,0x68,0x80,0x08,0x80,0x2F,0xF0,0x68,0x80,0x48,0x90,0x4F,0x50,0x4C,0x60}},
  {0x6CF0, {0x00,0x00,0x04,0x00,0x7F,0xE0,0x04,0x00,0x7F,0xE0,0x08,0x00,0xFF,0xF0,0x32,0xC0,0xDB,0xF0,0x1F,0x80,0x66,0x60,0x0C,0x00}},
  {0x6CFB, {0x00,0x00,0x5F,0xF0,0x30,0x00,0x00,0x00,0xC7,0xE0,0x68,0x00,0x0F,0xE0,0x20,0x20,0x7F,0xA0,0x40,0x20,0x40,0x20,0x43,0xC0}},
  {0x6CFD, {0x00,0x00,0x4F,0xE0,0x24,0x40,0x02,0x80,0xC3,0x80,0x7C,0x60,0x01,0x00,0x2F,0xE0,0x61,0x00,0x5F,0xF0,0x41,0x00,0x41,0x00}},
  {0x6D01, {0x00,0x00,0x41,0x00,0x21,0x00,0x0F,0xF0,0xC1,0x00,0x6F,0xE0,0x00,0x00,0x2F,0xE0,0x28,0x20,0x48,0x20,0x4F,0xE0,0x48,0x20}},
  {0x6D09, {0x00,0x00,0x40,0xE0,0x6F,0x00,0x28,0x00,0x08,0x00,0xCF,0xF0,0x08,0x00,0x0B,0xE0,0x2A,0x20,0x5A,0x20,0x53,0xE0,0x52,0x20}},
  {0x6D0B, {0x00,0x00,0x44,0x40,0x26,0xC0,0x0F,0xE0,0xC1,0x00,0x61,0x00,0x0F,0xE0,0x21,0x00,0x61,0x00,0x5F,0xF0,0x41,0x00,0x41,0x00}},
  {0x6D12, {0x00,0x00,0x5F,0xF0,0x62,0x80,0x02,0x80,0xDF,0xE0,0x72,0xA0,0x14,0xA0,0x14,0xA0,0x7C,0xE0,0x58,0x20,0x50,0x20,0x5F,0xE0}},
  {0x6D13, {0x00,0x00,0x41,0x00,0x2F,0xE0,0x01,0x00,0xCF,0xE0,0x69,0x20,0x09,0x20,0x2B,0xE0,0x67,0x80,0x4D,0x60,0x59,0x30,0x41,0x00}},
  {0x6D17, {0x00,0x00,0x41,0x00,0x2D,0x00,0x0F,0xE0,0xD9,0x00,0x61,0x00,0x1F,0xF0,0x44,0x80,0x44,0x80,0x44,0x90,0x48,0x90,0x50,0xE0}},
  {0x6D18, {0x00,0x00,0x42,0x00,0x2F,0xE0,0x02,0xC0,0xDF,0xF0,0x63,0x00,0x0F,0xE0,0x74,0x00,0x47,0xE0,0x40,0x20,0x40,0x40,0x43,0xC0}},
  {0x6D20, {0x00,0x00,0x42,0x00,0x64,0x40,0x0D,0xE0,0x8F,0x00,0x69,0x00,0x0F,0xE0,0x51,0x00,0x41,0x00,0x5F,0xF0,0x41,0x00,0x41,0x00}},
  {0x6D25, {0x00,0x00,0x43,0x00,0x2F,0xE0,0x03,0x20,0x9F,0xF0,0x43,0x20,0x2F,0xE0,0x03,0x00,0x5F,0xE0,0x43,0x00,0x5F,0xF0,0x43,0x00}},
  {0x6D32, {0x00,0x00,0x44,0x20,0x25,0xA0,0x05,0xA0,0xDF,0xA0,0x5F,0xE0,0x1F,0xE0,0x49,0xA0,0x49,0xA0,0x49,0xA0,0x51,0xA0,0xD0,0x20}},
  {0x6D3B, {0x00,0x00,0x40,0xE0,0x2F,0x80,0x01,0x00,0xDF,0xF0,0x61,0x00,0x01,0x00,0x2F,0xE0,0x68,0x20,0x48,0x20,0x4F,0xE0,0x48,0x20}},
  {0x6D3E, {0x00,0x00,0x40,0xE0,0x2F,0x00,0x08,0x00,0xC8,0xE0,0x6B,0x80,0x0A,0xB0,0x4A,0xE0,0x4A,0xC0,0x52,0x40,0x53,0xE0,0xE2,0x30}},
  {0x6D41, {0x00,0x00,0x41,0x00,0x3F,0xE0,0x06,0x40,0xCC,0x60,0x7F,0xE0,0x01,0x00,0x29,0x40,0x69,0x40,0x49,0x50,0x59,0x50,0x71,0x60}},
  {0x6D45, {0x00,0x00,0x42,0x80,0x22,0x40,0x03,0xE0,0xCF,0x00,0x62,0x00,0x03,0xF0,0x1F,0x00,0x21,0x60,0x61,0xC0,0x43,0x90,0x5C,0xE0}},
  {0x6D46, {0x00,0x00,0x51,0x00,0x33,0xE0,0x1E,0x60,0x31,0xC0,0xD1,0x80,0x16,0x00,0x02,0x40,0x7A,0xC0,0x13,0x80,0x26,0xC0,0xCC,0x30}},
  {0x6D4A, {0x00,0x00,0x40,0x00,0x61,0x00,0x21,0x00,0x8F,0xE0,0x49,0x20,0x29,0x20,0x0F,0xE0,0x69,0x20,0x41,0x00,0x41,0xE0,0xDF,0xF0}},
  {0x6D4B, {0x00,0x00,0x5F,0x20,0x31,0x60,0x15,0x60,0x95,0x60,0x55,0x60,0x15,0x60,0x55,0x60,0x55,0x60,0x4C,0x20,0x5A,0x20,0x71,0xE0}},
  {0x6D4E, {0x00,0x00,0x41,0x00,0x3F,0xF0,0x04,0xC0,0xC3,0x80,0x47,0x80,0x18,0x70,0x44,0xC0,0x44,0xC0,0x44,0xC0,0x48,0xC0,0x50,0xC0}},
  {0x6D53, {0x00,0x00,0x41,0x00,0x21,0x00,0x0F,0xE0,0xCB,0x20,0x63,0x00,0x05,0x20,0x2C,0xC0,0x7C,0xC0,0x54,0x60,0x47,0x30,0x46,0x00}},
  {0x6D69, {0x00,0x00,0x45,0x00,0x2F,0xE0,0x09,0x00,0xC1,0x00,0x7F,0xF0,0x00,0x00,0x2F,0xE0,0x68,0x20,0x48,0x20,0x4F,0xE0,0x48,0x20}},
  {0x6D6A, {0x00,0x00,0x43,0x00,0x2F,0xE0,0x08,0x20,0xCF,0xE0,0x68,0x20,0x08,0x20,0x0F,0xE0,0x2B,0x20,0x69,0xC0,0x4A,0xC0,0x4C,0x30}},
  {0x6D6E, {0x00,0x00,0x40,0xE0,0x3F,0x00,0x0A,0x60,0xC9,0x40,0x6F,0xE0,0x00,0xC0,0x41,0x00,0x5F,0xF0,0x41,0x00,0x41,0x00,0xC7,0x00}},
  {0x6D77, {0x00,0x00,0x44,0x00,0x2F,0xF0,0x18,0x00,0xDF,0xE0,0x69,0x20,0x1F,0xF0,0x2A,0x20,0x49,0x20,0x59,0x20,0x4F,0xE0,0x41,0xC0}},
  {0x6D82, {0x00,0x00,0x41,0x00,0x23,0x80,0x04,0x80,0xC8,0x60,0x7F,0xF0,0x01,0x00,0x1F,0xE0,0x49,0x40,0x59,0x20,0x51,0x20,0x47,0x00}},
  {0x6D88, {0x00,0x00,0x49,0x20,0x2D,0x60,0x05,0x40,0xC1,0x00,0x6F,0xE0,0x08,0x20,0x4F,0xE0,0x48,0x20,0x4F,0xE0,0x48,0x20,0x48,0xE0}},
  {0x6D94, {0x00,0x00,0x49,0x20,0x29,0x20,0x0F,0xE0,0xC7,0x80,0x78,0x30,0x21,0x00,0x61,0x00,0x4F,0xE0,0x40,0x40,0x40,0x80,0x41,0x00}},
  {0x6D9A, {0x00,0x00,0x44,0x40,0x64,0x80,0x0F,0xE0,0x08,0x20,0x48,0x20,0x28,0x20,0x0F,0xE0,0x22,0x80,0x44,0x90,0x4C,0x90,0x58,0xE0}},
  {0x6D9E, {0x00,0x00,0x41,0x00,0x2F,0xE0,0x01,0x00,0xC9,0x60,0x65,0x40,0x1F,0xF0,0x43,0x80,0x45,0x40,0x49,0x60,0x51,0x30,0x41,0x00}},
  {0x6DA5, {0x00,0x00,0x41,0x00,0x7F,0xF0,0x20,0x00,0x0F,0xE0,0xC8,0x20,0x6F,0xE0,0x00,0x00,0x2F,0xE0,0x61,0x80,0x41,0x00,0x47,0x00}},
  {0x6DA6, {0x00,0x00,0x4D,0xF0,0x20,0x30,0x1F,0xF0,0xD9,0x30,0x79,0x30,0x1F,0xF0,0x19,0x30,0x79,0x30,0x5F,0xF0,0x58,0x30,0x58,0xE0}},
  {0x6DA8, {0x00,0x00,0x5D,0x20,0x25,0x60,0x05,0x40,0x9D,0x80,0x71,0x00,0x13,0xF0,0x1D,0x40,0x4D,0x40,0x49,0x40,0x49,0xA0,0xFB,0x10}},
  {0x6DA9, {0x00,0x00,0x4F,0xE0,0x21,0x20,0x09,0x20,0xCA,0x20,0x66,0xE0,0x08,0x00,0x21,0x00,0x69,0xE0,0x49,0x00,0x49,0x00,0x1F,0xF0}},
  {0x6DAE, {0x00,0x00,0x5F,0x20,0x71,0x60,0x11,0x60,0x9F,0x60,0x52,0x60,0x1F,0x60,0x5B,0x60,0x5B,0x60,0x6B,0x20,0xEB,0x20,0xA2,0x60}},
  {0x6DAF, {0x00,0x00,0x5F,0xF0,0x39,0x80,0x1F,0xE0,0xD9,0x80,0x79,0x80,0x1F,0xF0,0x51,0x80,0x57,0xE0,0x51,0x80,0x51,0x80,0xEF,0xF0}},
  {0x6DB0, {0x00,0x00,0x5E,0xF0,0x22,0x20,0x0C,0xE0,0xCE,0xE0,0x71,0x00,0x1F,0xE0,0x26,0xA0,0x4C,0xE0,0x4C,0xC0,0xDA,0xE0,0x11,0x30}},
  {0x6DB3, {0x00,0x00,0x41,0x00,0x6F,0xE0,0x08,0x20,0x8E,0xC0,0x6C,0x20,0x00,0x00,0x2F,0xE0,0x61,0x00,0x41,0x00,0x41,0x00,0xDF,0xF0}},
  {0x6DC2, {0x00,0x00,0x4F,0xE0,0x28,0x20,0x0F,0xE0,0xC8,0x20,0x6F,0xE0,0x0F,0xF0,0x20,0x40,0x7F,0xF0,0x44,0x40,0x44,0x40,0x81,0xC0}},
  {0x6DE1, {0x00,0x00,0x49,0x20,0x25,0x40,0x01,0x00,0xC6,0xC0,0x6C,0x20,0x01,0x00,0x29,0x20,0x65,0x40,0x43,0x80,0x46,0x40,0x58,0x30}},
  {0x6DEB, {0x00,0x00,0x41,0xE0,0x6F,0x20,0x09,0x60,0x89,0x40,0x65,0xE0,0x0F,0x00,0x01,0x00,0x7F,0xF0,0x41,0x00,0x41,0x00,0x4F,0xE0}},
  {0x6DEE, {0x00,0x00,0x44,0x80,0x24,0x80,0x0F,0xF0,0x98,0x80,0x5F,0xE0,0x08,0x80,0x2F,0xE0,0x68,0x80,0x48,0x80,0x4F,0xF0,0x48,0x00}},
  {0x6DF1, {0x00,0x00,0x4F,0xE0,0x38,0x20,0x02,0x80,0xCC,0x60,0x29,0x20,0x01,0x00,0x1F,0xF0,0x23,0x80,0x45,0x40,0x49,0x60,0x51,0x10}},
  {0x6DF7, {0x00,0x00,0x4F,0xE0,0x28,0x20,0x0F,0xE0,0xC8,0x20,0x6F,0xE0,0x00,0x00,0x29,0x20,0x6F,0xC0,0x49,0x90,0x4F,0xB0,0x48,0xE0}},
  {0x6DFB, {0x00,0x00,0x4F,0xE0,0x23,0x00,0x02,0x00,0xDF,0xF0,0x64,0x80,0x0C,0x40,0x53,0x30,0x4B,0xC0,0x4B,0xA0,0x4B,0xA0,0x46,0x00}},
  {0x6DFC, {0x00,0x00,0x02,0x00,0x7A,0x60,0x13,0x80,0x22,0xC0,0x42,0x20,0x1C,0x80,0x7B,0xE0,0x79,0xC0,0x56,0xA0,0x94,0x90,0x31,0x80}},
  {0x6E03, {0x00,0x00,0x44,0x40,0x7F,0xF0,0x04,0x40,0xC2,0x00,0x7F,0xF0,0x04,0x00,0x2F,0xE0,0x7C,0x20,0x54,0x20,0x44,0x20,0x07,0xE0}},
  {0x6E05, {0x00,0x00,0x41,0x00,0x2F,0xF0,0x01,0x00,0x8F,0xE0,0x41,0x00,0x3F,0xF0,0x08,0x20,0x6F,0xE0,0x48,0x20,0x4F,0xE0,0x48,0x20}},
  {0x6E0A, {0x00,0x00,0x49,0x20,0x6D,0x60,0x0D,0x60,0x8B,0xA0,0x49,0x20,0x0F,0xE0,0x0B,0x20,0x5B,0xA0,0x5D,0x60,0x51,0x20,0x61,0x20}},
  {0x6E0B, {0x00,0x00,0x41,0x00,0x6D,0xE0,0x0D,0x00,0x8D,0x00,0x7F,0xF0,0x00,0x00,0x2C,0x60,0x20,0x00,0x44,0x80,0x4C,0x60,0x50,0x30}},
  {0x6E0E, {0x00,0x00,0x41,0x00,0x2F,0xE0,0x01,0x00,0xDF,0xF0,0x64,0x90,0x02,0x80,0x48,0x80,0x5F,0xF0,0x41,0x80,0x46,0x60,0x58,0x30}},
  {0x6E10, {0x00,0x00,0x48,0x30,0x49,0xC0,0x1F,0x00,0x9D,0x00,0x55,0xF0,0x1F,0x20,0x45,0x20,0x7F,0x20,0x45,0x20,0xC6,0x20,0x00,0x00}},
  {0x6E12, {0x00,0x00,0x02,0x00,0x6F,0xE0,0x09,0x20,0xCF,0xE0,0x69,0x20,0x0F,0xE0,0x25,0x00,0x69,0x00,0x5F,0xF0,0x41,0x00,0x01,0x00}},
  {0x6E17, {0x00,0x00,0x42,0x00,0x24,0x40,0x0F,0xE0,0xC1,0x00,0x7F,0xE0,0x04,0x40,0x53,0x30,0x4C,0x80,0x47,0x60,0x43,0x80,0xCC,0x00}},
  {0x6E18, {0x00,0x00,0x4F,0xE0,0x64,0xC0,0x03,0x80,0x9F,0xF0,0x67,0xA0,0x1F,0x20,0x01,0x00,0x7F,0xF0,0x45,0xC0,0x59,0x60,0x11,0x00}},
  {0x6E1C, {0x00,0x00,0x5F,0xF0,0x22,0x00,0x0F,0xE0,0xCA,0xA0,0x6A,0xA0,0x0A,0x60,0x01,0x00,0x7F,0xF0,0x43,0x80,0x4E,0x60,0x18,0x30}},
  {0x6E1D, {0x00,0x00,0x43,0x80,0x24,0xF0,0x1F,0x80,0xC0,0x20,0x6E,0xA0,0x0A,0xA0,0x2E,0xA0,0x4A,0xA0,0x4E,0xA0,0x4A,0x20,0x4E,0xC0}},
  {0x6E20, {0x00,0x00,0x6F,0xE0,0x38,0x00,0xCF,0xE0,0x68,0x20,0x1F,0xE0,0x68,0x20,0x48,0x00,0xFF,0xF0,0x0F,0xE0,0x36,0xC0,0xC6,0x30}},
  {0x6E2F, {0x00,0x00,0x44,0x80,0x3F,0xE0,0x04,0x80,0xDF,0xE0,0x6C,0x40,0x1F,0xE0,0x78,0x90,0x4F,0x80,0x48,0x80,0x48,0x20,0x47,0xE0}},
  {0x6E38, {0x00,0x00,0x48,0x80,0x69,0xF0,0x1F,0x00,0xDB,0xF0,0x58,0x20,0x1E,0x40,0x53,0xF0,0x52,0x40,0x56,0x40,0x74,0x40,0xED,0xC0}},
  {0x6E43, {0x00,0x00,0x47,0xF0,0x5C,0x40,0x09,0xE0,0xDC,0x40,0x09,0xE0,0x08,0x40,0x7E,0x40,0x48,0x40,0x4B,0xF0,0x50,0x40,0xD0,0x40}},
  {0x6E4D, {0x00,0x00,0x49,0x20,0x29,0x20,0x0F,0xE0,0xC0,0x00,0x5F,0xF0,0x02,0x00,0x4F,0xE0,0x4A,0xA0,0x4A,0xA0,0x4A,0xA0,0x48,0x60}},
  {0x6E53, {0x00,0x00,0x44,0x80,0x2C,0x40,0x1F,0xF0,0x46,0x40,0x04,0x40,0x19,0xC0,0x60,0x00,0x5F,0xE0,0x52,0xA0,0x52,0xA0,0xFF,0xF0}},
  {0x6E7F, {0x00,0x00,0x4F,0xE0,0x28,0x20,0x0F,0xE0,0xC8,0x20,0x6F,0xE0,0x00,0x00,0x12,0xB0,0x4A,0xA0,0x4A,0xE0,0x42,0x80,0x5F,0xF0}},
  {0x6E83, {0x00,0x00,0x41,0x00,0x2F,0xE0,0x09,0x20,0xCF,0xE0,0x61,0x00,0x1F,0xF0,0x40,0x00,0x4F,0xE0,0x49,0x20,0x47,0x80,0x5C,0x60}},
  {0x6E9C, {0x00,0x00,0x47,0xE0,0x78,0xA0,0x16,0xA0,0x9F,0xA0,0x59,0x60,0x01,0x00,0x0F,0xE0,0x69,0x20,0x4F,0xE0,0x49,0x20,0x4F,0xE0}},
  {0x6E9E, {0x00,0x00,0x4F,0xE0,0x25,0x40,0x03,0x80,0xCF,0xE0,0x01,0x00,0x0F,0xE0,0x69,0x20,0x4F,0xE0,0x49,0x20,0x41,0xE0,0x5F,0x10}},
  {0x6EA2, {0x00,0x00,0x44,0x40,0x24,0xC0,0x1F,0xF0,0xC4,0x80,0x4C,0x60,0x10,0x30,0x4F,0xE0,0x4A,0xA0,0x4A,0xA0,0x4A,0xA0,0x5F,0xF0}},
  {0x6EAF, {0x00,0x00,0x52,0xE0,0x2E,0xA0,0x1F,0xA0,0x94,0xA0,0x56,0xE0,0x16,0xA0,0x56,0xA0,0x5E,0xE0,0x48,0xA0,0x49,0xA0,0x59,0x20}},
  {0x6EC3, {0x00,0x00,0x42,0x80,0x64,0x40,0x3A,0xE0,0x07,0xD0,0xCC,0x40,0x60,0x00,0x1F,0xE0,0x2A,0xA0,0x4E,0xE0,0x5A,0xA0,0x4E,0xE0}},
  {0x6ECB, {0x00,0x00,0x44,0x40,0x22,0x80,0x1F,0xF0,0xC4,0xC0,0x4A,0xA0,0x0B,0xA0,0x1C,0x40,0x64,0x40,0x4A,0x80,0x5F,0xA0,0x42,0x30}},
  {0x6ED5, {0x00,0x00,0x75,0x20,0x51,0x40,0x57,0xE0,0x71,0x00,0x5F,0xF0,0x55,0x40,0x7D,0x30,0x53,0x40,0x53,0xC0,0xDD,0x20,0xB3,0x00}},
  {0x6EDA, {0x00,0x00,0x41,0x00,0x2F,0xF0,0x04,0xC0,0xCF,0x60,0x5A,0xA0,0x04,0xC0,0x4F,0x20,0x47,0x20,0x4C,0xC0,0x54,0x40,0x47,0x30}},
  {0x6EE1, {0x00,0x00,0x44,0x40,0x7F,0xF0,0x04,0x40,0xC0,0x00,0x5F,0xF0,0x04,0x80,0x5F,0xE0,0x56,0xA0,0x57,0xE0,0x59,0x20,0xD0,0x60}},
  {0x6EE5, {0x00,0x00,0x4A,0x80,0x2A,0xF0,0x0B,0x00,0xCB,0x40,0x6A,0x60,0x00,0x00,0x2F,0xE0,0x6A,0xA0,0x4A,0xA0,0x4A,0xA0,0x5F,0xF0}},
  {0x6F0F, {0x00,0x00,0x5F,0xE0,0x70,0x20,0x1F,0xE0,0xD0,0x00,0x5F,0xF0,0x11,0x00,0x5F,0xE0,0x5B,0x60,0x5D,0xA0,0xFB,0x60,0xA9,0x60}},
  {0x6F14, {0x00,0x00,0x41,0x00,0x3F,0xE0,0x10,0x20,0xC7,0xC0,0x61,0x00,0x0F,0xE0,0x29,0x20,0x6F,0xE0,0x49,0x20,0x4F,0xE0,0x48,0x60}},
  {0x6F15, {0x00,0x00,0x42,0x80,0x3F,0xF0,0x0A,0xA0,0x8F,0xE0,0x4A,0xA0,0x0F,0xE0,0x08,0x20,0x2F,0xE0,0x48,0x20,0x4F,0xE0,0x00,0x00}},
  {0x6F1B, {0x00,0x00,0x49,0x00,0x65,0x40,0x0F,0xE0,0xC2,0x00,0x7F,0xF0,0x0C,0x60,0x19,0x70,0x65,0xC0,0x45,0x80,0x59,0x60,0x47,0x00}},
  {0x6F3A, {0x00,0x00,0x41,0x00,0x7F,0xF0,0x01,0x00,0xCD,0x60,0x7D,0xE0,0x01,0x00,0x0D,0x60,0x7F,0xE0,0x42,0x80,0x4C,0x40,0x58,0x30}},
  {0x6F56, {0x00,0x00,0x5F,0xE0,0x64,0x40,0x1E,0xE0,0x84,0x40,0x5F,0xE0,0x00,0x00,0x1F,0xE0,0x71,0x20,0x5F,0xE0,0x58,0x10,0x4F,0xE0}},
  {0x6F5C, {0x00,0x00,0x44,0x40,0x3F,0xE0,0x04,0x40,0xDF,0xE0,0x4C,0xE0,0x13,0x30,0x6F,0xE0,0x48,0x60,0x4F,0xE0,0x48,0x60,0x07,0xC0}},
  {0x6F75, {0x00,0x00,0x4A,0x40,0x7F,0x80,0x0A,0xF0,0xFF,0xA0,0x1F,0xA0,0x12,0xE0,0x5E,0x60,0x52,0x40,0x5E,0x60,0x52,0xB0,0x17,0x10}},
  {0x6F76, {0x00,0x00,0x4F,0xE0,0x2D,0x60,0x8D,0x20,0x4F,0xE0,0x01,0x00,0x1F,0xE0,0x61,0x00,0x5F,0xF0,0x40,0x20,0x52,0xB0,0x52,0x90}},
  {0x6F7C, {0x00,0x00,0x43,0x00,0x5F,0xE0,0x24,0xC0,0x84,0x80,0x5F,0xF0,0x11,0x20,0x5F,0xE0,0x51,0x20,0x5F,0xE0,0xC1,0x00,0x9F,0xF0}},
  {0x6F8A, {0x00,0x00,0x44,0x40,0x7F,0xF0,0x22,0x80,0x0F,0xE0,0x4C,0x20,0x0F,0xE0,0x08,0x20,0x6F,0xE0,0x5F,0xF0,0x44,0x40,0x41,0xC0}},
  {0x6FF8, {0x00,0x00,0x44,0x40,0x7F,0xF0,0x07,0x80,0x85,0x40,0x5F,0xF0,0x08,0x40,0x0F,0xC0,0x48,0x40,0x4F,0xE0,0x5C,0x20,0x57,0xE0}},
  {0x6FF9, {0x00,0x00,0x40,0x00,0x6D,0x60,0x0B,0xA0,0x0F,0xE0,0x43,0x00,0x01,0x00,0x1F,0xE0,0x60,0xA0,0x41,0x00,0x4F,0xE0,0x5F,0xE0}},
  {0x7024, {0x00,0x00,0x41,0x00,0x7F,0xF0,0x12,0xA0,0xDF,0xE0,0x01,0x20,0x05,0xE0,0x7D,0xC0,0x43,0x20,0x4C,0xE0,0x55,0x60,0x06,0x20}},
  {0x703C, {0x00,0x00,0x41,0x00,0x7F,0xF0,0x12,0xA0,0xDE,0xE0,0x1F,0xE0,0x04,0x40,0x1F,0xE0,0x44,0x40,0x5F,0xF0,0xDD,0xE0,0x8E,0x70}},
  {0x7040, {0x00,0x00,0x4F,0xE0,0x61,0x00,0x1F,0xF0,0xD1,0x10,0x4F,0xC0,0x08,0x00,0x1F,0xE0,0x4D,0x20,0x5B,0xE0,0x69,0x20,0x89,0xE0}},
  {0x706B, {0x00,0x00,0x06,0x00,0x06,0x00,0x46,0x20,0x26,0x40,0x36,0xC0,0x16,0x80,0x06,0x00,0x09,0x00,0x19,0x80,0x30,0xC0,0xC0,0x30}},
  {0x706D, {0x00,0x00,0xFF,0xF0,0x06,0x00,0x06,0x00,0x46,0x20,0x26,0x40,0x36,0xC0,0x07,0x00,0x09,0x00,0x18,0x80,0x30,0x60,0xC0,0x30}},
  {0x706F, {0x00,0x00,0x27,0xF0,0x20,0x80,0xA8,0x80,0xA8,0x80,0x70,0x80,0x20,0x80,0x30,0x80,0x58,0x80,0x48,0x80,0x40,0x80,0x83,0x80}},
  {0x7070, {0x00,0x00,0x10,0x00,0x10,0x00,0x7F,0xE0,0x10,0x00,0x11,0x00,0x39,0x20,0x27,0x40,0x23,0x00,0x62,0x80,0x4C,0x40,0x90,0x30}},
  {0x7075, {0x00,0x00,0x3F,0xE0,0x00,0x60,0x3F,0xE0,0x00,0x60,0x3F,0xE0,0x00,0x00,0x26,0x40,0x36,0xC0,0x0F,0x00,0x18,0xC0,0x60,0x70}},
  {0x707E, {0x00,0x00,0x04,0x00,0x02,0x00,0x7F,0xE0,0x40,0x20,0x06,0x00,0x26,0x60,0x16,0x80,0x06,0x00,0x0D,0x00,0x18,0xC0,0x60,0x30}},
  {0x7084, {0x00,0x00,0x27,0xE0,0x29,0x20,0xA9,0x20,0xA9,0x20,0x71,0x20,0x27,0xE0,0x32,0x20,0x72,0x20,0x5A,0x20,0x4A,0x20,0x8F,0xF0}},
  {0x708A, {0x00,0x00,0x22,0x00,0x22,0x00,0xAB,0xF0,0xAE,0x20,0xF5,0xA0,0x61,0x00,0x31,0x80,0x31,0x80,0x4A,0x40,0x46,0x60,0x8C,0x30}},
  {0x708E, {0x00,0x00,0x02,0x00,0x26,0x60,0x36,0xC0,0x19,0xC0,0x76,0x20,0x46,0x00,0x26,0x40,0x16,0xC0,0x09,0x00,0x30,0xC0,0xE0,0x70}},
  {0x7095, {0x00,0x00,0x21,0x00,0x21,0x00,0xAF,0xE0,0xF0,0x00,0x67,0xC0,0x24,0x40,0x24,0x40,0x64,0x40,0x54,0x50,0x48,0x50,0x88,0x60}},
  {0x70AD, {0x00,0x00,0x46,0x20,0x46,0x20,0x7F,0xE0,0x10,0x00,0x7F,0xE0,0x31,0x00,0x2B,0x20,0x2B,0x40,0x63,0x80,0x44,0xC0,0x98,0x20}},
  {0x70AE, {0x00,0x00,0x22,0x00,0x27,0xE0,0xBC,0x20,0xBF,0xA0,0xE4,0xA0,0x24,0xA0,0x27,0xA0,0x74,0x20,0x55,0xD0,0x44,0x30,0x87,0xE0}},
  {0x70B9, {0x00,0x00,0x04,0x00,0x07,0xF0,0x04,0x00,0x3F,0xE0,0x20,0x60,0x20,0x60,0x3F,0xE0,0x00,0x00,0x49,0x20,0x49,0x20,0x89,0x30}},
  {0x70C1, {0x00,0x00,0x20,0x60,0x27,0x00,0xAC,0x00,0xB4,0x80,0x74,0x80,0x24,0x80,0x27,0xF0,0x74,0x80,0x54,0xA0,0x48,0xB0,0x8B,0x00}},
  {0x70C8, {0x00,0x00,0x7E,0x20,0x21,0x20,0x3F,0x20,0x45,0x20,0xAD,0x20,0x19,0x20,0x30,0x20,0x40,0xE0,0x00,0x00,0x49,0x60,0x49,0x20}},
  {0x70DD, {0x00,0x00,0x3F,0xC0,0x03,0x80,0x7B,0x20,0x13,0xC0,0x32,0xC0,0x6C,0x60,0x00,0x00,0x7F,0xE0,0x00,0x00,0x49,0x20,0x49,0x20}},
  {0x70DF, {0x00,0x00,0x20,0x00,0x2F,0xE0,0xB8,0x20,0xF9,0x20,0x7F,0xE0,0x29,0x20,0x2B,0xA0,0x6E,0x60,0x58,0x20,0x4F,0xE0,0x88,0x20}},
  {0x70E4, {0x00,0x00,0x23,0x20,0x27,0xE0,0xB3,0x40,0xFF,0xF0,0x71,0x00,0x27,0xE0,0x2A,0x00,0x72,0x00,0x53,0xE0,0x40,0x20,0x81,0xC0}},
  {0x70E6, {0x00,0x00,0x27,0xF0,0x29,0x00,0xBF,0xE0,0xF4,0x20,0x75,0x20,0x25,0x20,0x25,0x20,0x75,0x20,0x51,0x80,0x56,0x60,0x8C,0x30}},
  {0x70E7, {0x00,0x00,0x22,0x00,0x22,0xE0,0xBF,0x00,0xF1,0x60,0xF1,0x80,0x2E,0xF0,0x60,0x00,0x7F,0xF0,0x56,0x80,0x44,0x90,0x88,0xE0}},
  {0x70EA, {0x00,0x00,0x22,0x40,0x22,0x40,0xAF,0xE0,0xF1,0x00,0x21,0x00,0x2F,0xF0,0x31,0x80,0x73,0x80,0x5A,0x40,0x44,0x20,0x08,0x10}},
  {0x70ED, {0x00,0x00,0x22,0x00,0x22,0x00,0xF7,0xC0,0x22,0x40,0x36,0x40,0xE3,0x50,0x25,0x50,0xE8,0x30,0x00,0x00,0x49,0x20,0x49,0x20}},
  {0x7109, {0x00,0x00,0x7F,0xE0,0x04,0x00,0x27,0xC0,0x24,0x00,0xFF,0xF0,0x20,0x00,0x3F,0xC0,0x20,0x00,0x3F,0xE0,0x54,0xA0,0x53,0xC0}},
  {0x7116, {0x00,0x00,0x25,0xF0,0x29,0x30,0xB9,0x30,0xF8,0xB0,0x68,0x30,0x2F,0x70,0x6F,0x70,0x7D,0x30,0x59,0x70,0x49,0xB0,0x88,0x60}},
  {0x7126, {0x00,0x00,0x22,0x00,0x3F,0xE0,0x62,0x00,0xBF,0xE0,0x22,0x00,0x3F,0xE0,0x22,0x00,0x3F,0xE0,0x29,0x20,0x49,0x20,0x49,0x20}},
  {0x712A, {0x00,0x00,0x21,0x00,0x2F,0xE0,0x3E,0x60,0xBC,0x20,0xF7,0xE0,0x60,0x20,0x27,0xE0,0x64,0x00,0x57,0xE0,0x58,0x20,0x80,0xE0}},
  {0x712B, {0x00,0x00,0x22,0x40,0x2F,0xF0,0xAA,0x40,0xF1,0x80,0x7F,0xF0,0x2D,0x30,0x2D,0xB0,0x7F,0x70,0x5E,0x70,0x4C,0x30,0x8C,0xE0}},
  {0x712D, {0x00,0x00,0x10,0x80,0x5E,0xA0,0x38,0xC0,0x39,0x40,0x42,0x20,0xFF,0xF0,0xC0,0x30,0x1F,0x00,0x11,0x10,0x31,0x30,0xE1,0xE0}},
  {0x7136, {0x00,0x00,0x20,0xE0,0x3C,0xA0,0x47,0xF0,0x59,0x80,0xB9,0xC0,0x13,0x40,0x66,0x60,0x44,0x30,0x49,0x20,0x49,0x20,0x49,0x10}},
  {0x7145, {0x00,0x00,0x46,0xE0,0x5C,0xA0,0xF9,0x20,0xFF,0x30,0xE9,0x00,0x4F,0xE0,0x49,0x20,0x7E,0xE0,0x68,0xC0,0x58,0xE0,0x8B,0x30}},
  {0x7156, {0x00,0x00,0x2F,0xE0,0x25,0x20,0xB4,0x40,0xFF,0xF0,0x62,0x00,0x2F,0xF0,0x66,0x00,0x67,0xE0,0x5F,0x40,0xC9,0xC0,0x06,0x70}},
  {0x715E, {0x00,0x00,0x21,0x00,0xF9,0x00,0xCB,0xF0,0x7F,0x20,0x0F,0x40,0x7C,0xC0,0x0D,0xC0,0x7E,0x30,0x40,0x00,0x49,0x20,0x49,0x20}},
  {0x7163, {0x00,0x00,0x27,0xE0,0x22,0x40,0xA1,0x80,0xBF,0xF0,0x72,0xA0,0x2F,0x80,0x21,0x00,0x7F,0xF0,0x53,0xC0,0x4D,0x20,0x89,0x00}},
  {0x717A, {0x00,0x00,0x25,0xE0,0x25,0x20,0xA5,0xE0,0xF1,0x20,0xF1,0xE0,0x3D,0x90,0x65,0x60,0x75,0x20,0x45,0x90,0x4E,0x00,0x8B,0xF0}},
  {0x717E, {0x00,0x00,0x2F,0xE0,0x28,0x20,0xB9,0x20,0xBF,0xE0,0x79,0xA0,0x2E,0x60,0x2F,0xE0,0x61,0x00,0x5C,0xA0,0x4E,0x50,0x83,0xC0}},
  {0x718F, {0x00,0x00,0x03,0xE0,0x7F,0x00,0x02,0x00,0xFF,0xF0,0x52,0xA0,0x7F,0xE0,0x02,0x00,0x7F,0xE0,0x02,0x00,0x7F,0xE0,0x49,0x20}},
  {0x719F, {0x00,0x00,0x11,0x00,0xFD,0x00,0x47,0xC0,0x7D,0x40,0x01,0x40,0x7F,0x40,0x19,0x50,0xFE,0xB0,0x17,0x30,0x79,0x20,0x00,0x00}},
  {0x71A5, {0x00,0x00,0x2B,0xE0,0x29,0xC0,0xB3,0xE0,0xF2,0xA0,0x7F,0xE0,0x26,0xA0,0x67,0xE0,0x76,0xA0,0x4E,0xE0,0xCE,0x00,0x93,0xF0}},
  {0x71AF, {0x00,0x00,0x22,0x40,0x2F,0xF0,0xA2,0x40,0xB3,0xC0,0x7F,0xE0,0x29,0x20,0x2F,0xF0,0x61,0x00,0x5F,0xF0,0xC2,0xC0,0x0C,0x30}},
  {0x71B6, {0x00,0x00,0x2F,0xE0,0x2C,0x20,0xBF,0xE0,0xFC,0x20,0x7F,0xF0,0x2A,0x00,0x6F,0xE0,0x6A,0xA0,0x5E,0x60,0xCF,0xE0,0x83,0xB0}},
  {0x71B7, {0x00,0x00,0x22,0x40,0x2F,0xE0,0xB9,0x60,0xFB,0x60,0x6F,0xE0,0x20,0x00,0x27,0xE0,0x74,0x20,0x57,0xE0,0x4C,0x20,0x87,0xE0}},
  {0x71C3, {0x00,0x00,0x44,0xE0,0x4E,0xA0,0xFB,0xF0,0xFE,0xC0,0xD2,0xC0,0x5D,0xE0,0x47,0x20,0x6A,0x10,0x60,0x00,0xDA,0xA0,0x8A,0xA0}},
  {0x71D5, {0x00,0x00,0x09,0x00,0xFF,0xF0,0x09,0x00,0x3F,0xC0,0x20,0xE0,0xEF,0xC0,0x29,0xD0,0xEF,0x60,0x20,0x00,0x49,0x20,0x49,0x20}},
  {0x71E9, {0x00,0x00,0x04,0x40,0x4E,0x00,0x58,0xF0,0xFE,0xA0,0xF9,0xA0,0xEF,0xA0,0x44,0xE0,0x7F,0x40,0x5A,0x60,0xDB,0xB0,0x97,0x10}},
  {0x7207, {0x00,0x00,0x09,0x00,0xFF,0xF0,0x11,0x80,0x7F,0xC0,0x10,0xC0,0x7D,0x40,0x4F,0x50,0x7D,0xB0,0x7E,0x20,0x40,0x20,0x49,0x20}},
  {0x7219, {0x00,0x00,0x21,0x00,0xBF,0xF0,0xF9,0x90,0xFF,0xF0,0x2F,0xF0,0x42,0x40,0x6F,0xF0,0x72,0x40,0x5F,0xF0,0xDE,0xE0,0x87,0x30}},
  {0x7228, {0x00,0x00,0x3F,0xE0,0x49,0x20,0x49,0x20,0x7F,0xE0,0x39,0xA0,0x56,0xA0,0x7F,0xF0,0x32,0x80,0x4F,0x20,0x05,0x80,0x30,0x60}},
  {0x722A, {0x00,0x00,0x01,0xE0,0x3F,0x80,0x24,0x80,0x24,0x80,0x24,0xC0,0x24,0x40,0x24,0x40,0x24,0x40,0x44,0x60,0x44,0x20,0x84,0x30}},
  {0x722C, {0x00,0x00,0x1C,0x00,0x7B,0xE0,0x5A,0xA0,0x5A,0xA0,0x5A,0xA0,0x5B,0xC0,0x5E,0x00,0x56,0x10,0x55,0xE0,0x93,0x00,0x91,0xF0}},
  {0x7231, {0x00,0x00,0x01,0xE0,0x7E,0x00,0x32,0x40,0x7F,0xE0,0x48,0x20,0xFF,0xF0,0x10,0x00,0x3F,0xC0,0x6C,0xC0,0xC7,0x80,0x38,0xF0}},
  {0x7236, {0x00,0x00,0x09,0x00,0x18,0x80,0x30,0x40,0x70,0xE0,0x50,0xB0,0x19,0x80,0x09,0x00,0x06,0x00,0x07,0x00,0x19,0xC0,0x60,0x60}},
  {0x723D, {0x00,0x00,0x06,0x00,0xFF,0xF0,0x4F,0x20,0x36,0xC0,0x4F,0x20,0x57,0xE0,0x36,0xC0,0x4F,0xA0,0x0F,0x00,0x39,0x80,0xE0,0x70}},
  {0x7242, {0x00,0x00,0x12,0x20,0x52,0x40,0x57,0xF0,0x70,0x80,0x17,0xE0,0x10,0x80,0xF0,0x80,0x5F,0xF0,0x50,0x80,0x50,0x80,0x90,0x80}},
  {0x7247, {0x00,0x00,0x20,0x80,0x20,0x80,0x20,0x80,0x3F,0xF0,0x20,0x00,0x20,0x00,0x3F,0x80,0x20,0x80,0x20,0x80,0x60,0x80,0x40,0x80}},
  {0x7248, {0x00,0x00,0x50,0x70,0x57,0x80,0x54,0x00,0x54,0x00,0x7F,0xE0,0x45,0x20,0x75,0x20,0x55,0xC0,0x54,0xC0,0xD5,0xE0,0x9A,0x30}},
  {0x725B, {0x00,0x00,0x02,0x00,0x32,0x00,0x22,0x00,0x3F,0xE0,0x42,0x00,0x42,0x00,0x02,0x00,0xFF,0xF0,0x02,0x00,0x02,0x00,0x02,0x00}},
  {0x725C, {0x00,0x00,0x10,0x00,0x50,0x00,0x78,0x00,0x90,0x00,0x90,0x00,0x10,0x00,0x78,0x00,0xF0,0x00,0x10,0x00,0x10,0x00,0x10,0x00}},
  {0x725D, {0x00,0x00,0x12,0x00,0x52,0x20,0x7A,0x60,0x92,0xC0,0x93,0x00,0x12,0x00,0x3E,0x00,0xF2,0x10,0x12,0x10,0x12,0x30,0x11,0xE0}},
  {0x725F, {0x00,0x00,0x0C,0x00,0x19,0x00,0x30,0xC0,0x7F,0xE0,0x22,0x00,0x7F,0xE0,0x42,0x00,0x02,0x00,0xFF,0xF0,0x02,0x00,0x02,0x00}},
  {0x7267, {0x00,0x00,0x11,0x00,0x52,0x00,0x53,0xF0,0x7A,0x20,0xD6,0x40,0x96,0x40,0x39,0x40,0xF1,0x80,0x11,0x80,0x13,0x40,0x14,0x30}},
  {0x7269, {0x00,0x00,0x22,0x00,0x66,0x00,0x67,0xE0,0xFD,0xE0,0xAA,0xA0,0xBA,0xA0,0x72,0xA0,0xA5,0xA0,0x29,0x20,0x22,0x20,0x25,0xC0}},
  {0x7279, {0x00,0x00,0x21,0x00,0x67,0xE0,0x79,0x00,0xA1,0x00,0xAF,0xF0,0x38,0x40,0xEF,0xF0,0x24,0x40,0x22,0x40,0x20,0x40,0x21,0xC0}},
  {0x727C, {0x00,0x00,0x27,0xF0,0x62,0x80,0xFE,0xA0,0xA5,0x60,0xA5,0x60,0x22,0xB0,0xF0,0x00,0x67,0xF0,0x20,0x80,0x20,0x80,0x2F,0xF0}},
  {0x728F, {0x00,0x00,0x21,0x00,0x6F,0xE0,0x78,0x20,0xAF,0xE0,0xA8,0x00,0x3F,0xE0,0x6D,0x40,0xAD,0x40,0x2D,0x40,0x2F,0xE0,0x35,0x60}},
  {0x7292, {0x00,0x00,0x21,0x00,0x6F,0xF0,0x70,0x00,0xA7,0xE0,0xA4,0x20,0x37,0xE0,0x60,0x00,0xAF,0xE0,0x2A,0x60,0x2B,0xE0,0x28,0xE0}},
  {0x72AC, {0x00,0x00,0x06,0x80,0x06,0x40,0x06,0x00,0xFF,0xF0,0x06,0x00,0x06,0x00,0x0F,0x00,0x09,0x00,0x10,0x80,0x20,0x40,0xC0,0x30}},
  {0x72AF, {0x00,0x00,0x57,0xE0,0x74,0x20,0x64,0x20,0xE4,0x20,0x34,0x20,0x34,0x20,0x54,0xC0,0x94,0x00,0x14,0x10,0x34,0x30,0xE3,0xE0}},
  {0x72B2, {0x00,0x00,0x50,0x40,0x70,0x40,0x67,0xF0,0xF0,0xC0,0x10,0xC0,0x31,0x40,0x53,0x40,0x96,0x40,0x1C,0x40,0x10,0x40,0xE1,0xC0}},
  {0x72B6, {0x00,0x00,0x11,0x00,0x11,0x40,0x51,0x20,0x51,0x00,0x7F,0xF0,0x11,0x00,0x31,0x80,0x72,0x80,0x92,0x40,0x14,0x60,0x18,0x30}},
  {0x72B9, {0x00,0x00,0x52,0xC0,0x72,0x60,0x62,0x00,0xEF,0xF0,0x32,0x80,0x32,0x80,0x72,0x80,0x96,0x80,0x14,0x90,0x3C,0x90,0xE8,0xE0}},
  {0x72C2, {0x00,0x00,0x00,0x00,0x5F,0xF0,0x61,0x80,0x61,0x80,0xF1,0x80,0x37,0xE0,0x71,0x80,0xD1,0x80,0x11,0x80,0x11,0x80,0xEF,0xF0}},
  {0x72C3, {0x00,0x00,0x57,0xE0,0x72,0x20,0x62,0x20,0xF2,0x20,0x12,0x20,0x37,0xE0,0x52,0x20,0x92,0x20,0x12,0x20,0x12,0x20,0x6F,0xF0}},
  {0x72D0, {0x00,0x00,0x57,0xC0,0x75,0x40,0x65,0x40,0xE5,0x40,0x25,0x40,0x65,0x40,0x65,0x40,0x2D,0xE0,0x29,0xA0,0x39,0xF0,0x70,0x10}},
  {0x72D7, {0x00,0x00,0x96,0x00,0x54,0x00,0x67,0xE0,0x68,0x20,0xAF,0xA0,0x24,0xA0,0x74,0xA0,0xB7,0xA0,0x34,0x20,0x20,0x20,0xE1,0xE0}},
  {0x72E0, {0x00,0x00,0x57,0xE0,0x64,0x20,0x64,0x20,0xE7,0xE0,0x37,0xE0,0x35,0x20,0x75,0xA0,0x94,0xC0,0x14,0xC0,0x37,0x60,0xE6,0x30}},
  {0x72EC, {0x00,0x00,0x51,0x00,0x71,0x00,0x67,0xE0,0xE5,0x20,0x35,0x20,0x35,0x20,0x57,0xE0,0x95,0x00,0x11,0x20,0x31,0xE0,0xEE,0x10}},
  {0x72F2, {0x00,0x00,0xBE,0x40,0x66,0x40,0x65,0x60,0xA5,0x60,0x2F,0x60,0x3D,0x50,0x66,0x50,0xA6,0x50,0x24,0x40,0x24,0xC0,0xF9,0x80}},
  {0x72FB, {0x00,0x00,0x91,0x00,0x62,0x40,0x64,0x60,0xEF,0xF0,0x24,0x40,0x3A,0x30,0x67,0xE0,0xA6,0x40,0x3B,0x80,0x23,0xC0,0xEE,0x70}},
  {0x731C, {0x01,0x80,0x5F,0xF0,0x61,0x80,0x67,0xE0,0xE1,0x80,0x3F,0xF0,0x74,0x20,0xD7,0xE0,0x14,0x20,0x17,0xE0,0x34,0x20,0xE4,0xE0}},
  {0x731D, {0x00,0x00,0x11,0x00,0x61,0x80,0x6F,0xF0,0xE4,0x40,0x26,0x40,0x3F,0xE0,0x78,0x90,0x91,0x00,0x1F,0xF0,0x21,0x00,0x61,0x00}},
  {0x7327, {0x00,0x00,0x97,0xE0,0x64,0x20,0x67,0xA0,0xA4,0xA0,0x2F,0xE0,0x38,0x20,0x7B,0xE0,0x9A,0x60,0x1B,0xE0,0x2A,0x20,0xE8,0x60}},
  {0x732B, {0x00,0x00,0x82,0x40,0x6F,0xF0,0x62,0x40,0xE0,0x00,0x2F,0xE0,0x39,0x20,0x79,0x20,0x9F,0xE0,0x19,0x20,0x2F,0xE0,0xE8,0x20}},
  {0x734A, {0x00,0x00,0x91,0x80,0x61,0x40,0x6F,0xF0,0xA8,0x20,0x2F,0xE0,0x68,0x20,0x6F,0xE0,0xB8,0x00,0x3F,0xE0,0x3C,0x20,0xF7,0xE0}},
  {0x7361, {0x00,0x00,0x9E,0xE0,0x68,0x20,0x6E,0xE0,0xE8,0x20,0x2F,0xE0,0x24,0x00,0x6F,0xE0,0xB8,0x60,0x2B,0x60,0x2A,0x20,0xE0,0xE0}},
  {0x7373, {0x00,0x00,0x97,0xE0,0x61,0x00,0x6F,0xF0,0xE1,0x00,0x27,0xE0,0x30,0x00,0x7F,0xF0,0xD1,0x00,0x1F,0xE0,0x2A,0xA0,0xE8,0x60}},
  {0x7387, {0x00,0x00,0x04,0x00,0xFF,0xF0,0x44,0x20,0x49,0x60,0x3E,0x40,0x35,0x40,0x6F,0x60,0xD8,0xB0,0x02,0x00,0xFF,0xF0,0x02,0x00}},
  {0x7389, {0x00,0x00,0x7F,0xE0,0x06,0x00,0x06,0x00,0x06,0x00,0x7F,0xE0,0x06,0x00,0x06,0x80,0x06,0xC0,0x06,0x40,0x06,0x00,0xFF,0xF0}},
  {0x738B, {0x00,0x00,0x7F,0xE0,0x06,0x00,0x06,0x00,0x06,0x00,0x06,0x00,0x7F,0xE0,0x06,0x00,0x06,0x00,0x06,0x00,0x06,0x00,0xFF,0xF0}},
  {0x738D, {0x00,0x00,0x10,0x00,0x30,0x00,0x3F,0xE0,0x62,0x00,0x42,0x00,0x02,0x00,0x3F,0xE0,0x02,0x00,0x02,0x00,0x02,0x00,0xFF,0xF0}},
  {0x738F, {0x00,0x00,0xF9,0x00,0x21,0x00,0x27,0xE0,0x21,0x20,0xFB,0x20,0x22,0x20,0x22,0x20,0x2A,0x20,0xF6,0x20,0x0C,0x20,0x09,0xE0}},
  {0x73A7, {0x00,0x00,0xF9,0x00,0x23,0x00,0x22,0x40,0x24,0x20,0xFF,0xF0,0x22,0x90,0x22,0x80,0x22,0x80,0x74,0x90,0x0C,0xD0,0x18,0x60}},
  {0x73B0, {0x00,0x00,0xFF,0xE0,0x24,0x20,0x25,0x20,0x25,0x20,0xFD,0x20,0x25,0x20,0x25,0xA0,0x25,0x80,0x3A,0x90,0xE4,0x90,0x08,0xE0}},
  {0x73E0, {0x00,0x00,0x00,0x00,0xF5,0x00,0x27,0xE0,0x29,0x00,0xF1,0x00,0x2F,0xE0,0x23,0x80,0x23,0x40,0x75,0x20,0xE9,0x10,0x09,0x00}},
  {0x73E9, {0x00,0x00,0xF2,0xF0,0x24,0x00,0x28,0x00,0x22,0x00,0xF7,0xF0,0x2C,0x40,0x2C,0x40,0x24,0x40,0x74,0x40,0xC4,0x40,0x05,0xC0}},
  {0x73ED, {0x00,0x00,0xF3,0xF0,0x2A,0x40,0x2A,0x40,0x2A,0x40,0xFA,0x40,0x2B,0xE0,0x2A,0x40,0x26,0x40,0x24,0x40,0xFC,0x40,0x09,0xF0}},
  {0x7406, {0x00,0x00,0xFF,0xE0,0x25,0x20,0x27,0xE0,0x25,0x20,0xFF,0xE0,0x21,0x00,0x21,0x00,0x2F,0xE0,0x31,0x00,0xE1,0x00,0x0F,0xF0}},
  {0x7434, {0x00,0x00,0x7F,0xE0,0x10,0x80,0x79,0xE0,0x10,0x80,0x7F,0xE0,0x09,0x00,0x34,0x80,0xC2,0x30,0x3F,0x80,0x03,0x00,0x00,0x00}},
  {0x7437, {0x00,0x00,0xF6,0x40,0x2F,0xF0,0x21,0x00,0x21,0x00,0xF7,0xE0,0x21,0x00,0x2F,0xF0,0x23,0x80,0xF2,0x90,0x04,0x90,0x08,0xE0}},
  {0x7448, {0x00,0x00,0xF7,0xE0,0x66,0x40,0x61,0x80,0x6F,0xF0,0xF6,0xA0,0x6B,0xA0,0x61,0x00,0x6F,0xF0,0xF7,0x40,0x0D,0x30,0x01,0x00}},
  {0x744C, {0x00,0x00,0xFF,0xF0,0x21,0x00,0x2F,0xF0,0x2A,0x90,0xFA,0x90,0x28,0x60,0x21,0x00,0x3F,0xF0,0xE1,0x80,0x06,0x60,0x08,0x30}},
  {0x7456, {0x00,0x00,0xFE,0xE0,0x48,0xA0,0x49,0x20,0x4F,0x30,0xF9,0x00,0x4F,0xE0,0x48,0xA0,0x78,0xE0,0xDC,0xC0,0x09,0xE0,0x0B,0x10}},
  {0x745E, {0x00,0x00,0x01,0x00,0xFD,0x20,0x27,0xE0,0x20,0x00,0xFF,0xF0,0x21,0x00,0x2F,0xE0,0x2A,0xA0,0x7A,0xA0,0xCA,0xA0,0x08,0x60}},
  {0x748A, {0x00,0x00,0xF2,0x40,0x2F,0xF0,0x22,0x40,0x23,0xC0,0xF1,0x00,0x2F,0xF0,0x29,0x50,0x2B,0xF0,0x7F,0xF0,0x09,0x10,0x08,0x60}},
  {0x7492, {0x00,0x00,0xFF,0xE0,0x22,0xC0,0x26,0x60,0x27,0xE0,0x28,0x10,0xF7,0xE0,0x24,0x20,0x27,0xE0,0x34,0x40,0xC2,0x40,0x0F,0xF0}},
  {0x7494, {0x00,0x00,0xF2,0x40,0x2F,0xF0,0x29,0x50,0x2B,0xD0,0xFF,0xF0,0x28,0x00,0x27,0xE0,0x24,0x20,0x77,0xE0,0xE4,0x20,0x07,0xE0}},
  {0x74A7, {0x00,0x00,0x7C,0x80,0x47,0xE0,0x7D,0x00,0xAD,0x40,0x3F,0xF0,0x00,0x80,0x7F,0xE0,0x06,0x00,0x7F,0xE0,0x06,0x80,0xFF,0xF0}},
  {0x74AD, {0x00,0x00,0x0B,0xF0,0xFA,0x90,0x41,0xE0,0x40,0x80,0xFB,0xE0,0x4A,0xA0,0x4B,0xE0,0x68,0x80,0xEF,0xF0,0x1C,0x80,0x17,0xF0}},
  {0x74C0, {0x00,0x00,0xFF,0xE0,0x21,0x00,0x2F,0xF0,0x21,0x00,0xF7,0xE0,0x20,0x00,0x2F,0xF0,0x21,0x00,0x6F,0xE0,0xCA,0xA0,0x0A,0x60}},
  {0x74DC, {0x00,0x00,0x01,0xE0,0x3E,0x80,0x24,0x80,0x24,0x80,0x24,0xC0,0x24,0x40,0x24,0x40,0x65,0x40,0x45,0x60,0x47,0xA0,0x84,0x90}},
  {0x74E3, {0x00,0x00,0x23,0x40,0xFF,0xF0,0x59,0x90,0x49,0x60,0xF9,0xF0,0x29,0x00,0x2D,0x00,0x7D,0xF0,0x4F,0x00,0x57,0x80,0x50,0xC0}},
  {0x74E6, {0x00,0x00,0xFF,0xF0,0x10,0x00,0x30,0x00,0x3F,0x80,0x20,0x80,0x28,0x80,0x24,0x80,0x22,0x90,0x20,0x90,0x7F,0x90,0x70,0xE0}},
  {0x74E7, {0x00,0x00,0xFC,0x80,0x40,0x80,0x40,0x80,0x78,0x80,0x4B,0xF0,0x68,0x80,0x58,0x80,0x58,0x80,0x48,0x90,0x78,0x10,0xC7,0xE0}},
  {0x74EB, {0x00,0x00,0x09,0x00,0x30,0xC0,0x7F,0xF0,0x08,0x40,0x73,0x80,0x7F,0xE0,0x20,0x00,0x3F,0xC0,0x26,0x80,0x22,0x90,0x78,0x70}},
  {0x74EE, {0x00,0x00,0x01,0x00,0x1C,0xC0,0x79,0x30,0x1F,0x80,0x00,0x00,0xFF,0xF0,0x30,0x00,0x3F,0x80,0x26,0x90,0x22,0x90,0x7E,0xE0}},
  {0x74F0, {0x00,0x00,0xFD,0x40,0x41,0x40,0x42,0x20,0x7E,0x20,0x4B,0xE0,0x69,0x20,0x59,0x20,0x5A,0x50,0x4F,0xD0,0x78,0x10,0xCF,0xE0}},
  {0x74F1, {0x00,0x00,0xF9,0xC0,0x43,0x00,0x41,0xE0,0x7B,0x00,0x49,0x00,0x69,0xE0,0x5F,0x00,0x59,0x20,0x49,0xF0,0x78,0x10,0xCF,0xE0}},
  {0x74FC, {0x00,0x00,0xFF,0xE0,0x42,0xA0,0x43,0xE0,0x7A,0xA0,0x4B,0xE0,0x68,0x80,0x5B,0xE0,0x48,0x80,0x4F,0xF0,0x78,0x10,0xCF,0xE0}},
  {0x7500, {0x00,0x00,0x7F,0xF0,0x11,0x00,0xFD,0x00,0x55,0xE0,0x55,0x20,0xFF,0x20,0x55,0xE0,0xFF,0x20,0x11,0x30,0x1F,0xF0,0xF3,0x30}},
  {0x7505, {0x00,0x00,0xFF,0xE0,0x44,0x00,0x47,0xE0,0x7F,0xE0,0x4F,0xA0,0x6D,0xE0,0x5D,0xE0,0x4C,0x90,0x4F,0xF0,0x78,0x10,0xCF,0xE0}},
  {0x7511, {0x00,0x00,0x4B,0xE0,0x7D,0x00,0x5D,0x00,0x7D,0xE0,0x7D,0x20,0x01,0xA0,0x7D,0xE0,0x44,0x60,0x7E,0x30,0x47,0xB0,0x7E,0x20}},
  {0x7518, {0x00,0x00,0x20,0x40,0x20,0x40,0xFF,0xF0,0x20,0x40,0x20,0x40,0x3F,0xC0,0x20,0x40,0x20,0x40,0x20,0x40,0x3F,0xC0,0x20,0x40}},
  {0x751A, {0x00,0x00,0x20,0x40,0x7F,0xE0,0x20,0x40,0x3F,0xC0,0x20,0x40,0x3F,0xC0,0x20,0x40,0xFF,0xF0,0x44,0x80,0x58,0x40,0x7F,0xE0}},
  {0x751F, {0x00,0x00,0x02,0x00,0x32,0x00,0x22,0x00,0x7F,0xE0,0x42,0x00,0x82,0x00,0x7F,0xE0,0x02,0x00,0x02,0x00,0x02,0x00,0xFF,0xF0}},
  {0x7524, {0x00,0x00,0x7D,0x40,0x31,0x40,0x61,0xE0,0xE6,0x40,0x3C,0x40,0x79,0xE0,0x9C,0x40,0x34,0x40,0x57,0xF0,0x93,0x00,0x70,0xF0}},
  {0x7528, {0x00,0x00,0x7F,0xE0,0x62,0x20,0x62,0x20,0x7F,0xE0,0x62,0x20,0x62,0x20,0x7F,0xE0,0x42,0x20,0x42,0x20,0x42,0x20,0x82,0xE0}},
  {0x7529, {0x00,0x00,0x7F,0xE0,0x46,0x20,0x46,0x20,0x7F,0xE0,0x46,0x20,0x46,0x20,0x7F,0xE0,0x46,0x60,0x47,0xC0,0x46,0x10,0x83,0xE0}},
  {0x7531, {0x00,0x00,0x06,0x00,0x06,0x00,0x7F,0xE0,0x46,0x20,0x46,0x20,0x7F,0xE0,0x46,0x20,0x46,0x20,0x46,0x20,0x7F,0xE0,0x40,0x20}},
  {0x7532, {0x00,0x00,0x7F,0xE0,0x46,0x20,0x46,0x20,0x7F,0xE0,0x46,0x20,0x46,0x20,0x7F,0xE0,0x46,0x20,0x06,0x00,0x06,0x00,0x06,0x00}},
  {0x7533, {0x00,0x00,0x06,0x00,0x06,0x00,0x7F,0xE0,0x46,0x20,0x46,0x20,0x7F,0xE0,0x46,0x20,0x46,0x20,0x7F,0xE0,0x46,0x20,0x06,0x00}},
  {0x7537, {0x00,0x00,0x7F,0xE0,0x46,0x20,0x7F,0xE0,0x46,0x20,0x7F,0xE0,0x44,0x20,0x04,0x00,0x7F,0xE0,0x08,0x20,0x18,0x20,0x63,0xC0}},
  {0x753B, {0x00,0x00,0xFF,0xF0,0x00,0x00,0x5F,0xA0,0x56,0xA0,0x5F,0xA0,0x56,0xA0,0x5F,0xA0,0x40,0x20,0x40,0x20,0x7F,0xE0,0x00,0x00}},
  {0x7545, {0x00,0x00,0x27,0xE0,0x78,0xC0,0x69,0x80,0x6A,0x00,0x7F,0xE0,0x6A,0xA0,0x6A,0xA0,0x7C,0xA0,0x69,0x20,0x23,0x20,0x22,0xE0}},
  {0x754C, {0x00,0x00,0x7F,0xE0,0x46,0x20,0x7F,0xE0,0x46,0x20,0x7F,0xE0,0x09,0x00,0x30,0xC0,0xF0,0xF0,0x10,0x80,0x30,0x80,0x60,0x80}},
  {0x7559, {0x00,0x00,0x7B,0xE0,0x41,0x20,0x4B,0x20,0x7E,0xE0,0x00,0x00,0x7F,0xE0,0x66,0x20,0x7F,0xE0,0x66,0x20,0x7F,0xE0,0x00,0x00}},
  {0x755B, {0x00,0x00,0x79,0x80,0x6B,0xC0,0x6E,0x60,0x6C,0xB0,0x79,0x00,0x6E,0x40,0x69,0xA0,0x6A,0x60,0x78,0xC0,0x43,0x80,0x06,0x00}},
  {0x755F, {0x00,0x00,0x7F,0xE0,0x46,0x20,0x7F,0xE0,0x46,0x20,0x7F,0xE0,0x11,0x80,0x78,0x60,0x3F,0xC0,0x79,0x80,0x0F,0x00,0x70,0xF0}},
  {0x7565, {0x00,0x00,0x01,0x00,0x7B,0xE0,0x6E,0x60,0x6D,0xC0,0x79,0xC0,0x6E,0x30,0x6B,0xE0,0x6A,0x20,0x7A,0x20,0x03,0xE0,0x00,0x00}},
  {0x756A, {0x00,0x00,0x7F,0xC0,0x26,0x40,0x16,0x80,0x7F,0xE0,0x1F,0x80,0x60,0x60,0x3F,0xC0,0x26,0x40,0x3F,0xC0,0x26,0x40,0x3F,0xC0}},
  {0x7577, {0x00,0x00,0x7F,0xF0,0x69,0x20,0x6E,0xE0,0x6E,0x60,0x7C,0xF0,0x68,0x80,0x6F,0xF0,0x6E,0xA0,0x72,0x60,0x05,0x60,0x09,0x90}},
  {0x7586, {0x00,0x00,0x77,0xE0,0x10,0x00,0x77,0xE0,0x85,0x20,0x75,0x20,0x57,0xE0,0xFF,0xF0,0x55,0x20,0xF7,0xE0,0x15,0x20,0x7F,0xF0}},
  {0x758F, {0x00,0x00,0x01,0x00,0xF8,0x80,0x17,0xF0,0x72,0x40,0x64,0x60,0x7F,0xE0,0x61,0x00,0x65,0x40,0x75,0x50,0xC5,0x50,0x09,0x60}},
  {0x7591, {0x00,0x00,0x48,0x00,0x73,0xE0,0x45,0x60,0x78,0xC0,0x47,0xF0,0x78,0xA0,0x92,0x80,0xFE,0xF0,0x32,0x80,0x2F,0x80,0x44,0xF0}},
  {0x7592, {0x00,0x00,0x02,0x00,0x3F,0xF0,0xA0,0x00,0x60,0x00,0x60,0x00,0x20,0x00,0x60,0x00,0xA0,0x00,0x20,0x00,0x60,0x00,0x40,0x00}},
  {0x7597, {0x00,0x00,0x02,0x00,0x3F,0xF0,0xA0,0x00,0x6F,0xE0,0x20,0x40,0x60,0x80,0xA1,0x00,0x21,0x00,0x61,0x00,0x41,0x00,0x47,0x00}},
  {0x759F, {0x00,0x00,0x02,0x00,0x3F,0xF0,0xA0,0x00,0xE0,0x00,0x6F,0xE0,0x28,0x00,0x68,0x00,0xFF,0xF0,0x48,0x00,0x88,0x00,0x0F,0xE0}},
  {0x75B2, {0x00,0x00,0x02,0x00,0x3F,0xF0,0xA1,0x00,0xEF,0xF0,0x69,0x20,0x29,0x00,0x6F,0xE0,0xEC,0x40,0x5B,0x80,0x53,0xC0,0xAC,0x60}},
  {0x75BC, {0x00,0x00,0x02,0x00,0x3F,0xF0,0xA4,0x00,0xEF,0xE0,0x7E,0xC0,0x27,0x80,0x7C,0xF0,0xE7,0x00,0x41,0x80,0x4E,0x00,0x41,0xC0}},
  {0x75BE, {0x00,0x00,0x02,0x00,0x3F,0xF0,0xA4,0x00,0xEF,0xE0,0x69,0x00,0x21,0x00,0x61,0x00,0xBF,0xE0,0x43,0x00,0x44,0xC0,0x98,0x30}},
  {0x75C5, {0x00,0x00,0x02,0x00,0x3F,0xF0,0xA0,0x00,0xFF,0xF0,0x61,0x00,0x3F,0xE0,0x79,0x20,0xFB,0xA0,0x5A,0x60,0x5C,0x20,0x98,0xE0}},
  {0x75C7, {0x00,0x00,0x03,0x00,0x3F,0xF0,0xA0,0x00,0x6F,0xE0,0x21,0x00,0x61,0x00,0xA9,0xE0,0x29,0x00,0x69,0x00,0x49,0x00,0x49,0x00}},
  {0x75CB, {0x00,0x00,0x02,0x00,0x3F,0xF0,0x20,0x00,0xA1,0x00,0x6F,0xE0,0x29,0x20,0x69,0x20,0xAF,0xE0,0x49,0x20,0x43,0xE0,0x9E,0x10}},
  {0x75D2, {0x00,0x00,0x02,0x00,0x3F,0xF0,0xA4,0x40,0x64,0xC0,0x24,0x80,0x7F,0xE0,0xAF,0xE0,0x21,0x00,0x5F,0xF0,0x41,0x00,0x81,0x00}},
  {0x75D5, {0x00,0x00,0x02,0x00,0x3F,0xF0,0xA0,0x00,0xEF,0xE0,0x68,0x20,0x28,0x20,0x6F,0xE0,0xEF,0xE0,0x4B,0x60,0x4B,0xC0,0x48,0x70}},
  {0x75DB, {0x00,0x00,0x02,0x00,0x3F,0xF0,0xA0,0x00,0xEF,0xE0,0x63,0xC0,0x2F,0xE0,0x69,0x20,0xAF,0xE0,0x69,0x20,0x4F,0xE0,0x89,0xE0}},
  {0x75EA, {0x00,0x00,0x02,0x00,0x3F,0xF0,0x24,0x00,0x6F,0xC0,0x38,0x80,0x7F,0xE0,0xE9,0x20,0x7F,0xF0,0x42,0x80,0x4C,0x40,0x18,0x30}},
  {0x75F4, {0x00,0x00,0x02,0x00,0x3F,0xF0,0xA8,0x00,0xFE,0xE0,0x74,0xA0,0x24,0xA0,0xFF,0xA0,0x24,0xA0,0x4E,0xA0,0x5B,0xE0,0x50,0xA0}},
  {0x7604, {0x00,0x00,0x02,0x00,0x3F,0xF0,0x24,0x80,0x7F,0xE0,0x64,0x80,0x3F,0xF0,0xEF,0xE0,0x28,0x20,0x4F,0xE0,0x48,0x20,0x8F,0xE0}},
  {0x7619, {0x00,0x00,0x02,0x00,0xBF,0xF0,0xFF,0xE0,0x67,0xC0,0x23,0x80,0x65,0xC0,0xFF,0xE0,0x69,0x20,0x4F,0xE0,0x41,0x60,0x9F,0xF0}},
  {0x761F, {0x00,0x00,0x02,0x00,0x3F,0xF0,0xAF,0xC0,0xE8,0x40,0x6F,0xC0,0x28,0x40,0x6F,0xC0,0xE0,0x00,0x5F,0xE0,0x52,0xA0,0x3F,0xF0}},
  {0x7625, {0x00,0x00,0x02,0x00,0x3F,0xF0,0xA4,0x40,0xE4,0x80,0x7F,0xE0,0x22,0x00,0x7F,0xF0,0xEC,0x00,0x5F,0xE0,0x71,0x00,0x4F,0xF0}},
  {0x762A, {0x00,0x00,0x02,0x00,0xBF,0xF0,0xE8,0x20,0x6F,0xE0,0x28,0x20,0x6F,0xE0,0xA6,0x80,0x78,0x60,0x4F,0x80,0x48,0x20,0x07,0xC0}},
  {0x762B, {0x00,0x00,0x02,0x00,0x3F,0xF0,0xA1,0x00,0xFF,0x40,0x7B,0xF0,0x3E,0x40,0x6B,0xE0,0xEA,0x40,0x5B,0xE0,0x56,0x40,0x63,0xF0}},
  {0x762F, {0x00,0x00,0x02,0x00,0x3F,0xF0,0x29,0x00,0xE9,0xE0,0x7F,0x00,0x33,0xE0,0xFE,0x80,0xF7,0xF0,0x54,0xC0,0x55,0x20,0x2E,0x10}},
  {0x763E, {0x00,0x00,0x02,0x00,0x3F,0xF0,0xA1,0x00,0xFF,0xC0,0x76,0x40,0x3B,0xE0,0x78,0x20,0xD7,0xE0,0x5F,0xC0,0x57,0xE0,0x95,0xD0}},
  {0x7666, {0x00,0x00,0x01,0x00,0x3F,0xF0,0x2F,0xE0,0xAD,0xA0,0x6F,0xE0,0x21,0x00,0xFF,0xE0,0x31,0xA0,0x5F,0xE0,0x41,0x00,0x9F,0xF0}},
  {0x767B, {0x00,0x00,0x7E,0x40,0x09,0x80,0x51,0xE0,0x3F,0xC0,0x60,0x30,0xBF,0xC0,0x20,0x40,0x3F,0xC0,0x10,0x80,0x09,0x00,0xFF,0xF0}},
  {0x767D, {0x00,0x00,0x04,0x00,0x0C,0x00,0x7F,0xE0,0x40,0x20,0x40,0x20,0x7F,0xE0,0x40,0x20,0x40,0x20,0x40,0x20,0x7F,0xE0,0x40,0x20}},
  {0x767E, {0x00,0x00,0xFF,0xF0,0x04,0x00,0x04,0x00,0x7F,0xE0,0x60,0x60,0x60,0x60,0x7F,0xE0,0x60,0x60,0x60,0x60,0x7F,0xE0,0x60,0x60}},
  {0x7682, {0x00,0x00,0x04,0x00,0x3F,0xC0,0x20,0x40,0x3F,0xC0,0x20,0x40,0x3F,0x80,0x2C,0x00,0x0C,0xF0,0xFF,0xE0,0x0C,0x20,0x07,0xC0}},
  {0x7684, {0x00,0x00,0x21,0x00,0x21,0x00,0x7B,0xE0,0x4A,0x20,0x4E,0x20,0x79,0x20,0x49,0xA0,0x48,0xA0,0x48,0x20,0x78,0x20,0x49,0xE0}},
  {0x7686, {0x00,0x00,0x42,0x60,0x7B,0x80,0x42,0x10,0x5A,0x30,0x61,0xE0,0x04,0x00,0x3F,0xC0,0x20,0x40,0x3F,0xC0,0x20,0x40,0x1F,0x80}},
  {0x76AE, {0x00,0x00,0x02,0x00,0x7F,0xE0,0x62,0x20,0x62,0x00,0x7F,0xE0,0x58,0x40,0x48,0xC0,0x45,0x80,0x47,0x00,0x4C,0xC0,0xB0,0x30}},
  {0x76B4, {0x00,0x00,0x20,0x80,0x33,0xF0,0x4A,0x90,0xFE,0x80,0x1B,0xE0,0x6F,0x20,0x7B,0x20,0xBA,0xC0,0x34,0xC0,0x6D,0xE0,0xC6,0x30}},
  {0x76C6, {0x00,0x00,0x09,0x00,0x30,0x80,0xFF,0xF0,0x08,0x40,0x10,0x40,0x63,0x80,0x00,0x00,0x3F,0xC0,0x29,0x40,0x29,0x40,0xFF,0xF0}},
  {0x76CE, {0x00,0x00,0x02,0x00,0x3F,0xC0,0x24,0x40,0x24,0x40,0xFF,0xF0,0x0D,0x80,0x70,0x70,0x3F,0xE0,0x29,0x20,0x29,0x20,0xFF,0xF0}},
  {0x76D7, {0x00,0x00,0x44,0x00,0x27,0xE0,0x09,0x20,0x23,0x80,0x66,0xC0,0x58,0x30,0x00,0x00,0x3F,0xC0,0x29,0x40,0x29,0x40,0xFF,0xF0}},
  {0x76D8, {0x00,0x00,0x04,0x00,0x3F,0xC0,0x24,0x40,0x22,0x40,0xFF,0xF0,0x24,0x40,0x62,0x40,0x7F,0xC0,0x29,0x40,0x29,0x40,0xFF,0xF0}},
  {0x76DB, {0x00,0x00,0x02,0x40,0x3F,0xE0,0x21,0x00,0x7D,0x60,0x45,0x90,0x5F,0xE0,0x40,0x00,0x7F,0xE0,0x69,0x20,0x69,0x20,0xFF,0xF0}},
  {0x76EE, {0x00,0x00,0x3F,0xC0,0x20,0x40,0x20,0x40,0x3F,0xC0,0x20,0x40,0x20,0x40,0x3F,0xC0,0x20,0x40,0x20,0x40,0x3F,0xC0,0x20,0x40}},
  {0x76F4, {0x04,0x00,0xFF,0xF0,0x04,0x00,0x3F,0xC0,0x20,0x40,0x3F,0xC0,0x20,0x40,0x3F,0xC0,0x20,0x40,0x3F,0xC0,0x20,0x40,0xFF,0xF0}},
  {0x76F8, {0x00,0x00,0x27,0xE0,0x24,0x20,0xFC,0x20,0x27,0xE0,0x74,0x20,0xEC,0x20,0xA7,0xE0,0x24,0x20,0x24,0x20,0x27,0xE0,0x24,0x20}},
  {0x76FE, {0x01,0xE0,0x7F,0x00,0x42,0x00,0x7F,0xF0,0x42,0x00,0x5F,0xE0,0x50,0x20,0x5F,0xE0,0x50,0x20,0x5F,0xE0,0x90,0x20,0x0F,0xC0}},
  {0x7701, {0x00,0x00,0x06,0x00,0x16,0xC0,0x47,0xF0,0x1C,0x00,0xFF,0xE0,0x20,0x20,0x3F,0xE0,0x20,0x20,0x3F,0xE0,0x20,0x20,0x1F,0xC0}},
  {0x7709, {0x00,0x00,0x7F,0xE0,0x42,0x20,0x7F,0xE0,0x40,0x00,0x5F,0xE0,0x50,0x20,0x5F,0xE0,0x50,0x20,0x5F,0xE0,0xD0,0x20,0x9F,0xC0}},
  {0x770B, {0x00,0x00,0x7F,0xE0,0x04,0x00,0x7F,0xE0,0x08,0x00,0xFF,0xF0,0x10,0x40,0x3F,0xC0,0x30,0x40,0x5F,0xC0,0x90,0x40,0x1F,0xC0}},
  {0x771F, {0x04,0x00,0xFF,0xE0,0x04,0x00,0x3F,0xC0,0x20,0x40,0x3F,0xC0,0x20,0x40,0x3F,0xC0,0x20,0x40,0xFF,0xF0,0x19,0xC0,0x60,0x60}},
  {0x7726, {0x00,0x00,0x72,0x80,0x5A,0x90,0x5A,0xA0,0x7B,0xE0,0x5A,0xC0,0x5A,0x80,0x7A,0x80,0x5A,0x80,0x5A,0x90,0x7F,0xD0,0x0C,0x60}},
  {0x7732, {0x00,0x00,0x7F,0xF0,0x54,0x20,0x54,0x20,0x77,0xE0,0x54,0x20,0x54,0x20,0x77,0xE0,0x54,0x20,0x56,0xF0,0x7F,0x60,0x00,0x20}},
  {0x7737, {0x00,0x00,0x26,0x40,0x14,0x80,0x7F,0xE0,0x0C,0x00,0xFF,0xF0,0x30,0xC0,0xFF,0xF0,0x20,0x40,0x3F,0xC0,0x20,0x40,0x1F,0x80}},
  {0x7738, {0x00,0x00,0x71,0x00,0x52,0x40,0x57,0xE0,0x70,0x10,0x54,0x80,0x77,0xE0,0x5C,0x80,0x50,0x80,0x7F,0xF0,0x50,0x80,0x00,0x80}},
  {0x773C, {0x00,0x00,0x77,0xE0,0x54,0x20,0x54,0x20,0x77,0xE0,0x54,0x20,0x54,0x20,0x77,0xE0,0x54,0xB0,0x54,0xC0,0x77,0xC0,0x56,0x30}},
  {0x7740, {0x00,0x00,0x18,0x80,0x7F,0xE0,0x08,0x00,0x7F,0xC0,0x08,0x00,0xFF,0xF0,0x30,0x40,0xFF,0xC0,0x10,0x40,0x1F,0xC0,0x00,0x00}},
  {0x7754, {0x00,0x00,0x71,0x80,0x53,0xC0,0x56,0x60,0x7F,0xF0,0x50,0x00,0x57,0xE0,0x76,0xA0,0x57,0xE0,0x56,0xA0,0x76,0xA0,0x04,0x60}},
  {0x7756, {0x00,0x00,0x71,0x80,0x57,0xE0,0x51,0x80,0x7F,0xF0,0x56,0x40,0x5F,0x30,0x73,0xE0,0x56,0x40,0x59,0x80,0x73,0xC0,0x0C,0x30}},
  {0x775A, {0x00,0x00,0x77,0xF0,0x54,0x80,0x57,0xE0,0x74,0x80,0x54,0x80,0x57,0xF0,0x74,0x80,0x5F,0xE0,0x58,0x80,0x78,0x80,0x4F,0xF0}},
  {0x7761, {0x00,0x00,0x00,0xE0,0x7F,0x80,0x51,0x00,0x7F,0xE0,0x55,0x40,0x5F,0xF0,0x75,0x40,0x55,0x40,0x5F,0xE0,0x71,0x00,0x5F,0xE0}},
  {0x7766, {0x00,0x00,0x70,0x80,0x57,0xE0,0x50,0x80,0x7F,0xF0,0x52,0x40,0x54,0x30,0x70,0x80,0x57,0xE0,0x50,0x80,0x70,0x80,0x5F,0xF0}},
  {0x776C, {0x00,0x00,0x70,0xE0,0x5F,0x00,0x55,0x20,0x74,0xE0,0x51,0x80,0x5F,0xF0,0x73,0x80,0x53,0xC0,0x55,0xA0,0x59,0x90,0x71,0x80}},
  {0x7774, {0x00,0x00,0x7F,0xF0,0x58,0x10,0x73,0xC0,0x57,0xE0,0x55,0x20,0x77,0xE0,0x55,0x20,0x57,0xE0,0x71,0x00,0x5F,0xF0,0x01,0x00}},
  {0x777D, {0x00,0x00,0x7F,0xA0,0x5A,0xC0,0x56,0x60,0x74,0x60,0x5F,0xF0,0x51,0x00,0x7F,0xE0,0x51,0x00,0x53,0x80,0x76,0x40,0x08,0x20}},
  {0x7785, {0x00,0x00,0x72,0x40,0x54,0x40,0x55,0x50,0x7F,0x60,0x54,0xE0,0x56,0x60,0x7E,0xC0,0x5D,0xC0,0x54,0xA0,0x75,0x20,0x15,0x10}},
  {0x7791, {0x00,0x00,0x7F,0xF0,0x58,0x10,0x57,0xE0,0x74,0x20,0x57,0xE0,0x54,0x20,0x74,0x20,0x57,0xE0,0x50,0x80,0x7F,0xF0,0x4E,0x60}},
  {0x779A, {0x00,0x00,0x71,0x00,0x5F,0xF0,0x5F,0xC0,0x71,0x00,0x57,0xE0,0x55,0x20,0x77,0xE0,0x55,0x20,0x57,0xE0,0x76,0x60,0x0C,0x30}},
  {0x77A4, {0x00,0x00,0x7E,0xE0,0x58,0xA0,0x5E,0xE0,0x78,0xA0,0x5E,0xE0,0x5B,0xE0,0x79,0x20,0x5B,0xE0,0x59,0x20,0x7F,0xE0,0x08,0x60}},
  {0x77A5, {0x00,0x00,0x54,0x80,0x15,0xF0,0x7F,0x20,0x7C,0xC0,0x54,0xC0,0x57,0x20,0x3F,0xC0,0x20,0x40,0x3F,0xC0,0x20,0x40,0x1F,0x80}},
  {0x77AC, {0x00,0x00,0x01,0xE0,0x6E,0x00,0x65,0x20,0x65,0x40,0x7F,0xF0,0x60,0x40,0x67,0xF0,0x7B,0xC0,0x67,0xF0,0x44,0x40,0x48,0x40}},
  {0x77B4, {0x00,0x00,0x74,0x00,0x57,0xF0,0x5E,0xA0,0x76,0xA0,0x5F,0xF0,0x56,0xA0,0x76,0xA0,0x5F,0xF0,0x50,0xA0,0x7A,0xA0,0x0A,0x10}},
  {0x77BD, {0x00,0x00,0x10,0x80,0xFF,0xE0,0x44,0x80,0x7D,0xE0,0x08,0xC0,0x2B,0xF0,0xFF,0xC0,0x20,0x40,0x3F,0xC0,0x20,0x40,0x1F,0x80}},
  {0x77DB, {0x00,0x00,0x7F,0xE0,0x00,0xC0,0x19,0x00,0x06,0x00,0xFF,0xF0,0x06,0x20,0x0A,0x20,0x12,0x00,0x62,0x00,0xC2,0x00,0x0E,0x00}},
  {0x77DC, {0x00,0x00,0x78,0x80,0x09,0xC0,0x31,0x40,0x32,0xA0,0xFC,0x90,0x38,0x00,0x7B,0xE0,0xF0,0x20,0xB0,0x40,0x30,0xC0,0x60,0x80}},
  {0x77DF, {0x00,0x00,0xFC,0x80,0x12,0xA0,0x70,0x80,0x27,0xE0,0xFC,0x20,0x3F,0xE0,0x74,0x20,0x64,0x20,0xA7,0xE0,0x24,0x20,0x64,0xE0}},
  {0x77E5, {0x00,0x00,0x43,0xE0,0x7E,0x20,0x92,0x20,0x12,0x20,0xFE,0x20,0x32,0x20,0x32,0x20,0x2A,0x20,0x6E,0x20,0x47,0xE0,0x82,0x20}},
  {0x77ED, {0x00,0x00,0x47,0xF0,0x40,0x00,0x77,0xE0,0xA4,0x20,0x24,0x20,0xFC,0x20,0x27,0xE0,0x32,0x60,0x72,0x40,0x4A,0x40,0x8F,0xF0}},
  {0x77F0, {0x00,0x00,0x42,0x40,0x7F,0xF0,0xAE,0x70,0xAB,0xD0,0x2F,0xF0,0xF8,0x00,0x27,0xE0,0x74,0x20,0x57,0xE0,0xC4,0x20,0x87,0xE0}},
  {0x77F3, {0x00,0x00,0x7F,0xF0,0x08,0x00,0x08,0x00,0x10,0x00,0x3F,0xE0,0x30,0x20,0x50,0x20,0x90,0x20,0x10,0x20,0x1F,0xE0,0x10,0x20}},
  {0x7801, {0x00,0x00,0xFF,0xE0,0x20,0x60,0x22,0x40,0x42,0x40,0x7A,0x40,0xCB,0xE0,0xC8,0x20,0x4F,0xE0,0x48,0x20,0x78,0x20,0x48,0xE0}},
  {0x780D, {0x00,0x00,0x03,0x00,0xFA,0x00,0x23,0xF0,0x46,0x20,0x7D,0x20,0xC9,0xA0,0xC9,0x80,0x49,0x80,0x4B,0xC0,0x7E,0x60,0x48,0x30}},
  {0x7816, {0x00,0x00,0x01,0x00,0xFF,0xE0,0x23,0x00,0x47,0xF0,0x72,0x00,0x52,0x00,0xD3,0xE0,0x50,0x60,0x52,0xC0,0x71,0x80,0x50,0x40}},
  {0x7825, {0x00,0x00,0x00,0xE0,0xFF,0x80,0x24,0x80,0x04,0x80,0x74,0x80,0x57,0xF0,0xD4,0x80,0xD4,0x80,0x55,0x50,0x76,0x50,0x45,0xB0}},
  {0x782E, {0x00,0x00,0x23,0xE0,0xFE,0x20,0x49,0x40,0x78,0xC0,0x3F,0x70,0x40,0x00,0xFF,0xF0,0x10,0x00,0x3F,0xC0,0xD0,0x40,0x1F,0xC0}},
  {0x7834, {0x00,0x00,0x00,0x80,0xFF,0xF0,0x24,0x90,0x44,0x80,0x77,0xE0,0xD7,0x20,0xD5,0x20,0x5D,0x40,0x78,0xC0,0x49,0xC0,0x0E,0x30}},
  {0x7841, {0x00,0x00,0xFF,0xE0,0x20,0x40,0x60,0x80,0x41,0xC0,0x7E,0x30,0xD0,0x00,0xD7,0xE0,0x50,0x80,0x50,0x80,0x70,0x80,0x07,0xF0}},
  {0x7855, {0x00,0x00,0xFF,0xF0,0x21,0x00,0x67,0xE0,0x44,0x20,0x74,0xA0,0xD4,0xA0,0xD4,0xA0,0x54,0xA0,0x51,0xC0,0x73,0x60,0x44,0x10}},
  {0x786E, {0x00,0x00,0x02,0x00,0xFF,0xC0,0x24,0xC0,0x4F,0xE0,0x74,0xA0,0x57,0xE0,0xD4,0xA0,0x54,0xA0,0x57,0xE0,0x7C,0xA0,0x48,0xE0}},
  {0x7878, {0x00,0x00,0xF4,0x80,0x24,0x90,0x47,0xF0,0x40,0x00,0x77,0xF0,0xD4,0x00,0xD7,0xE0,0x54,0x80,0x5F,0xF0,0x78,0x80,0x48,0x80}},
  {0x787B, {0x00,0x00,0x7F,0xE0,0x51,0x20,0x7C,0xC0,0x44,0xC0,0x7D,0xE0,0x53,0x00,0xFF,0xF0,0x10,0x00,0x3F,0xC0,0xF0,0x40,0x1F,0xC0}},
  {0x787E, {0x00,0x00,0xFF,0xE0,0x21,0x00,0x4F,0xE0,0x45,0x00,0x75,0x00,0xDF,0xF0,0xD5,0x00,0x55,0x00,0x5F,0xE0,0x51,0x00,0x77,0xE0}},
  {0x787F, {0x00,0x00,0x00,0x80,0x7F,0xF0,0x24,0x30,0x47,0x40,0x76,0x20,0xD0,0x00,0xD7,0xE0,0x50,0x80,0x50,0x80,0x70,0x80,0x07,0xF0}},
  {0x7887, {0x00,0x00,0x00,0x80,0xFF,0xF0,0x24,0x30,0x40,0x00,0x77,0xF0,0x54,0x80,0xD4,0x80,0x54,0xE0,0x5E,0x80,0x7B,0x80,0x01,0xF0}},
  {0x788C, {0x00,0x00,0xFF,0xE0,0x20,0x20,0x27,0xE0,0x40,0x60,0x7F,0xF0,0xD0,0x80,0xD6,0xA0,0x51,0xC0,0x56,0xE0,0x7D,0xB0,0x43,0x00}},
  {0x788D, {0x00,0x00,0x07,0xE0,0xFC,0x20,0x27,0xE0,0x44,0x20,0x77,0xE0,0xD0,0x00,0xD7,0xF0,0x50,0x40,0x7F,0xF0,0x52,0x40,0x01,0xC0}},
  {0x7890, {0x00,0x00,0x00,0x80,0xF7,0xE0,0x20,0x80,0x4F,0xF0,0x72,0x40,0xDF,0x30,0xD3,0xE0,0x56,0x40,0x59,0x80,0x73,0xC0,0x4C,0x30}},
  {0x789D, {0x00,0x00,0xFF,0xF0,0x21,0x00,0x4F,0xF0,0x48,0x10,0x78,0x10,0xD8,0x60,0xD1,0x80,0x5F,0xF0,0x51,0x80,0x76,0x60,0x4C,0x30}},
  {0x78A7, {0x00,0x00,0x01,0x00,0x7F,0xE0,0x22,0x20,0x7B,0xE0,0x26,0x20,0xFF,0xF0,0x10,0x00,0x3F,0xC0,0xD0,0x40,0x1F,0xC0,0x00,0x00}},
  {0x78B3, {0x00,0x00,0x05,0x20,0x7D,0x20,0x27,0xE0,0x42,0x00,0x7F,0xF0,0x54,0x80,0xD6,0xA0,0x5F,0xC0,0x59,0x80,0x73,0x40,0x14,0x30}},
  {0x78C9, {0x00,0x00,0xF7,0xE0,0x42,0x40,0x43,0xC0,0x76,0x60,0xD0,0x00,0xD7,0xF0,0x56,0x60,0x5F,0x90,0x7F,0xF0,0x07,0xC0,0x0D,0x30}},
  {0x78D9, {0x00,0x00,0x01,0x00,0xFF,0xF0,0x20,0x40,0x43,0x20,0x77,0x50,0xD2,0x60,0xD7,0xE0,0x53,0xA0,0x56,0xE0,0x7E,0x60,0x13,0x30}},
  {0x78E8, {0x00,0x00,0x02,0x00,0x7F,0xF0,0x48,0x00,0x5F,0xE0,0x5D,0xE0,0x48,0x00,0x7F,0xE0,0x48,0x00,0x7F,0xE0,0xE8,0x20,0x8F,0xE0}},
  {0x78F3, {0x00,0x00,0x72,0x40,0x2F,0xE0,0x4D,0x60,0x4B,0x60,0x7F,0xE0,0xD8,0x00,0x57,0xE0,0x54,0x20,0x57,0xE0,0x74,0x20,0x47,0xE0}},
  {0x78F7, {0x00,0x00,0x05,0x20,0xF3,0x40,0x4F,0xF0,0x43,0xC0,0x7D,0x30,0xD4,0x40,0xD7,0xF0,0x5B,0xC0,0x5E,0xF0,0x74,0x40,0x48,0x40}},
  {0x7908, {0x00,0x00,0xF1,0x20,0x45,0x40,0x47,0xF0,0x41,0x80,0x7F,0xE0,0xD5,0x40,0xD6,0xE0,0x57,0x40,0x75,0xC0,0x4C,0x00,0x03,0xF0}},
  {0x7924, {0x00,0x00,0x02,0x40,0xFF,0xF0,0x04,0x80,0x47,0xF0,0x7F,0x20,0xD6,0x60,0xD7,0xE0,0x58,0x10,0x57,0xE0,0x71,0xE0,0x4F,0x30}},
  {0x7938, {0x00,0x00,0x06,0xC0,0xFF,0xE0,0x42,0x40,0x4F,0xF0,0x77,0xF0,0xD4,0x20,0x57,0xE0,0x54,0x20,0x77,0xE0,0x46,0x60,0x0C,0x30}},
  {0x793A, {0x00,0x00,0x7F,0xE0,0x00,0x00,0x00,0x00,0x00,0x00,0xFF,0xF0,0x02,0x00,0x22,0xC0,0x22,0x40,0x42,0x20,0x82,0x10,0x1E,0x00}},
  {0x793C, {0x00,0x00,0x21,0x00,0x11,0x00,0x79,0x00,0x09,0x00,0x11,0x00,0x39,0x00,0x75,0x00,0x91,0x10,0x11,0x10,0x11,0x30,0x11,0xE0}},
  {0x793D, {0x00,0x00,0x27,0xC0,0x22,0x40,0xF2,0x40,0x12,0x40,0x22,0x60,0x72,0x20,0xEA,0x20,0x24,0x20,0x24,0x20,0x2C,0x20,0x29,0xE0}},
  {0x793E, {0x00,0x00,0x21,0x00,0x21,0x00,0xF1,0x00,0x17,0xE0,0x21,0x00,0x71,0x00,0xA9,0x00,0x21,0x00,0x21,0x00,0x21,0x00,0x2F,0xF0}},
  {0x7947, {0x00,0x00,0x20,0xE0,0x27,0x80,0xF4,0x80,0x14,0x80,0x27,0xF0,0x74,0x80,0xE4,0x80,0x24,0x80,0x24,0x50,0x27,0x70,0x24,0x20}},
  {0x7956, {0x00,0x00,0x27,0xE0,0x24,0x20,0xF4,0x20,0x37,0xE0,0x24,0x20,0x74,0x20,0xB4,0x20,0x27,0xE0,0x24,0x20,0x24,0x20,0x3F,0xF0}},
  {0x795E, {0x00,0x00,0x21,0x00,0x21,0x00,0xFF,0xE0,0x15,0x20,0x25,0x20,0x77,0xE0,0xFD,0x20,0xAD,0x20,0x27,0xE0,0x21,0x00,0x21,0x00}},
  {0x7961, {0x00,0x00,0x12,0x20,0x5F,0xC0,0x53,0x00,0x5F,0x30,0x79,0xE0,0x3F,0xC0,0x00,0x00,0x7F,0xE0,0x12,0x80,0x62,0x60,0xCC,0x30}},
  {0x7965, {0x00,0x00,0x26,0x60,0x22,0x40,0xFF,0xF0,0x31,0x80,0x27,0xE0,0x71,0x80,0xA1,0x80,0x2F,0xF0,0x21,0x80,0x21,0x80,0x21,0x80}},
  {0x7967, {0x00,0x00,0x22,0x80,0x22,0x80,0xFA,0xA0,0x36,0xE0,0x22,0x80,0x76,0xC0,0xAA,0xA0,0x22,0x80,0x26,0x90,0x24,0x90,0x28,0x60}},
  {0x7968, {0x00,0x00,0x7F,0xE0,0x09,0x00,0x7F,0xE0,0x49,0x20,0x7F,0xE0,0x00,0x00,0x7F,0xE0,0x00,0x00,0xFF,0xF0,0x32,0xC0,0xCC,0x20}},
  {0x796D, {0x00,0x00,0x12,0x00,0x3F,0xE0,0x65,0x60,0xD9,0xC0,0x30,0x80,0x2F,0x40,0xC0,0x30,0x3F,0xC0,0x02,0x00,0x36,0xC0,0x4C,0x20}},
  {0x7971, {0x00,0x00,0x22,0x40,0x22,0x40,0xF7,0xE0,0x14,0x20,0x24,0x20,0x7F,0xE0,0xA2,0x80,0x22,0x80,0x22,0x90,0x24,0x90,0x28,0x60}},
  {0x7978, {0x00,0x00,0x27,0xE0,0x24,0x20,0xF4,0x20,0x37,0xE0,0x21,0x00,0x7F,0xE0,0xB9,0x20,0x2B,0xA0,0x2E,0x60,0x28,0x20,0x28,0xE0}},
  {0x7981, {0x00,0x00,0x10,0x80,0x7F,0xE0,0x31,0xC0,0x7A,0xA0,0xD4,0x90,0x3F,0xC0,0x00,0x00,0xFF,0xF0,0x02,0x00,0x32,0xC0,0x4C,0x20}},
  {0x798F, {0x00,0x00,0x2F,0xE0,0x20,0x00,0xF7,0xE0,0x14,0x20,0x27,0xE0,0x70,0x00,0xBF,0xE0,0x29,0x20,0x2F,0xE0,0x29,0x20,0x07,0xC0}},
  {0x79BB, {0x00,0x00,0x04,0x00,0xFF,0xF0,0x19,0x80,0x6F,0x60,0x60,0x60,0x3F,0xE0,0x04,0x00,0x7F,0xE0,0x49,0x20,0x5F,0xA0,0x40,0xE0}},
  {0x79BD, {0x06,0x00,0x09,0x00,0x34,0xC0,0xFF,0xF0,0x19,0x00,0x7F,0xE0,0x60,0x60,0x3F,0xE0,0x04,0x00,0x7F,0xE0,0x49,0x20,0x5F,0xE0}},
  {0x79C0, {0x00,0x00,0x01,0xE0,0x7E,0x00,0x06,0x00,0x7F,0xE0,0x1F,0x80,0xE6,0x70,0x3F,0x80,0x09,0x00,0x11,0xE0,0x30,0x40,0x41,0xC0}},
  {0x79C1, {0x00,0x00,0x18,0x80,0xF0,0x80,0x21,0x80,0xFD,0x00,0x21,0x40,0x33,0x40,0x6B,0x40,0xEA,0x20,0xA6,0x20,0x26,0xF0,0x20,0x10}},
  {0x79C9, {0x00,0x00,0x03,0xE0,0x7F,0x00,0x06,0x00,0x7F,0xE0,0xFF,0xF0,0xFF,0xF0,0x06,0x60,0x7F,0xE0,0x0F,0x00,0x36,0xC0,0x46,0x70}},
  {0x79CB, {0x00,0x00,0x39,0x00,0xE1,0x00,0x21,0x20,0x25,0x20,0xFD,0x40,0x27,0xC0,0x61,0x80,0xAB,0x80,0xA2,0x40,0x24,0x60,0x28,0x30}},
  {0x79CD, {0x00,0x00,0x38,0x80,0xE0,0x80,0x27,0xE0,0xFC,0xA0,0x24,0xA0,0x74,0xA0,0x6F,0xE0,0xE0,0x80,0xA0,0x80,0x20,0x80,0x20,0x80}},
  {0x79D1, {0x00,0x00,0x38,0x40,0xE2,0x40,0x21,0x40,0xF9,0x40,0x24,0x40,0x72,0x40,0x68,0x40,0xE1,0xF0,0xAE,0x40,0x20,0x40,0x20,0x40}},
  {0x79D2, {0x00,0x00,0x39,0x80,0xE1,0x80,0x23,0xE0,0xFD,0xA0,0x65,0x90,0x75,0x80,0x69,0x80,0xA0,0x20,0xA0,0x40,0x21,0x80,0x2E,0x00}},
  {0x79E6, {0x00,0x00,0x06,0x00,0x7F,0xE0,0x04,0x00,0x7F,0xE0,0x10,0x80,0x7F,0x40,0xC6,0x30,0x3F,0xC0,0x0E,0x00,0x17,0x80,0x66,0x60}},
  {0x79EF, {0x00,0x00,0x3F,0xE0,0xE4,0x20,0x24,0x20,0xFC,0x20,0x24,0x20,0x77,0xE0,0x68,0x00,0xA0,0x00,0xA2,0x40,0x24,0x20,0x28,0x10}},
  {0x79F0, {0x00,0x00,0xFA,0x00,0x22,0x00,0x27,0xF0,0xFC,0x20,0x21,0xA0,0x71,0x80,0x6F,0xC0,0xE5,0xA0,0xA9,0xB0,0x21,0x80,0x23,0x00}},
  {0x79FB, {0x00,0x00,0x39,0x00,0xE3,0xE0,0x24,0x20,0xFD,0xC0,0x21,0x80,0x77,0x00,0x6B,0xF0,0xA6,0x20,0xAC,0x40,0x21,0x80,0x2E,0x00}},
  {0x7A02, {0x00,0x00,0x31,0x00,0xE7,0xE0,0x24,0x20,0xFF,0xE0,0x64,0x20,0x77,0xE0,0x75,0x00,0xA5,0xA0,0xA4,0xC0,0x27,0x40,0x24,0x30}},
  {0x7A0B, {0x00,0x00,0x3F,0xE0,0xE4,0x20,0x24,0x20,0xFF,0xE0,0x30,0x00,0x7F,0xE0,0x69,0x80,0xA7,0xE0,0xA1,0x80,0x21,0x80,0x0F,0xF0}},
  {0x7A0E, {0x00,0x00,0xE6,0x40,0x22,0x40,0x27,0xE0,0xFC,0x20,0x24,0x20,0x7F,0xE0,0x62,0x80,0xA2,0x80,0x22,0x90,0x24,0x90,0x28,0xE0}},
  {0x7A15, {0x00,0x00,0xE1,0x00,0x2F,0xF0,0x20,0x00,0xF7,0xE0,0x64,0x20,0x77,0xE0,0x7F,0xE0,0xA0,0x80,0xAF,0xF0,0x21,0x00,0x27,0x00}},
  {0x7A24, {0x00,0x00,0xE1,0x00,0x2F,0xF0,0x20,0x00,0xF7,0xE0,0x64,0x20,0x74,0x20,0x7F,0xE0,0xA4,0x80,0x24,0xA0,0x29,0xB0,0x23,0x00}},
  {0x7A33, {0x00,0x00,0x32,0x00,0xE7,0xC0,0x28,0x80,0xF7,0xE0,0x30,0x20,0x77,0xE0,0x60,0x20,0xAE,0xC0,0xAE,0xA0,0x2E,0x50,0x33,0xC0}},
  {0x7A3B, {0x00,0x00,0x30,0xE0,0xE7,0x80,0x25,0x20,0xF5,0x60,0x63,0x00,0x74,0xE0,0xFC,0x20,0xA7,0xE0,0x24,0x20,0x27,0xE0,0x24,0x20}},
  {0x7A3C, {0x00,0x00,0x31,0x00,0xEF,0xF0,0x28,0x10,0xFF,0xF0,0x63,0x20,0x77,0x60,0x7F,0xC0,0xED,0xA0,0xA3,0xA0,0x26,0xA0,0x2B,0x90}},
  {0x7A3F, {0x00,0x00,0x31,0x00,0xEF,0xE0,0x24,0x20,0xF7,0xE0,0x70,0x00,0x7F,0xE0,0x6A,0x60,0xAA,0x60,0xAB,0xE0,0x28,0x20,0x28,0xE0}},
  {0x7A51, {0x00,0x00,0x31,0x00,0xE7,0xE0,0x25,0x20,0xF3,0x40,0x6F,0xF0,0x70,0x00,0x7F,0xE0,0xAA,0x60,0xAB,0xE0,0x28,0x20,0x07,0xE0}},
  {0x7A73, {0x00,0x00,0x34,0xC0,0xEF,0xE0,0x20,0x40,0xFF,0xF0,0x67,0xF0,0x78,0x20,0x7F,0xE0,0xA0,0x20,0x27,0xE0,0x26,0xE0,0x2C,0x30}},
  {0x7A74, {0x00,0x00,0x04,0x00,0x02,0x00,0x7F,0xE0,0x40,0x20,0x00,0x00,0x09,0x00,0x19,0x00,0x10,0x80,0x30,0xC0,0x60,0x60,0xC0,0x30}},
  {0x7A76, {0x00,0x00,0x04,0x00,0x7F,0xE0,0x40,0x20,0x19,0x00,0x30,0xC0,0x48,0x20,0x7F,0x80,0x08,0x80,0x18,0x90,0x30,0x90,0x40,0xE0}},
  {0x7A77, {0x00,0x00,0x06,0x00,0x7F,0xE0,0x49,0xA0,0x30,0xE0,0x64,0x30,0xCC,0x00,0x7F,0xE0,0x08,0x60,0x18,0x60,0x30,0x40,0x43,0xC0}},
  {0x7A7A, {0x00,0x00,0x06,0x00,0x7F,0xE0,0x49,0x20,0x10,0xC0,0x60,0x60,0xC0,0x30,0x3F,0xC0,0x06,0x00,0x06,0x00,0x06,0x00,0x7F,0xE0}},
  {0x7A7F, {0x00,0x00,0x06,0x00,0xFF,0xF0,0xC0,0x30,0x19,0x80,0x60,0x60,0x7F,0xF0,0x21,0x00,0x7F,0xF0,0x05,0x00,0x19,0x00,0xE7,0x00}},
  {0x7A80, {0x00,0x00,0x06,0x00,0xFF,0xF0,0xD9,0xB0,0x60,0x60,0x04,0x00,0x7F,0xF0,0x04,0x00,0x64,0x40,0x3F,0xD0,0x06,0x30,0x03,0xE0}},
  {0x7A81, {0x00,0x00,0x06,0x00,0x7F,0xE0,0x40,0x20,0x19,0x80,0x65,0x20,0x04,0x80,0xFF,0xF0,0x06,0x00,0x09,0x00,0x30,0xC0,0x60,0x30}},
  {0x7A8D, {0x00,0x00,0x04,0x00,0x7F,0xE0,0x40,0x20,0x19,0x80,0x67,0xF0,0x7A,0x00,0x22,0x00,0x23,0xE0,0x20,0x20,0x38,0x60,0xC3,0xC0}},
  {0x7A97, {0x00,0x00,0x06,0x00,0x7F,0xF0,0x59,0xB0,0xE4,0x30,0x7F,0xE0,0x4C,0x20,0x5F,0xA0,0x77,0x20,0x47,0x20,0x58,0xA0,0x7F,0xE0}},
  {0x7A9C, {0x04,0x00,0xFF,0xF0,0xFF,0xF0,0x06,0x00,0x3F,0xC0,0x26,0x40,0x3F,0xC0,0x06,0x00,0x7F,0xE0,0x46,0x20,0x7F,0xE0,0x00,0x00}},
  {0x7A9D, {0x00,0x00,0x06,0x00,0x7F,0xE0,0x59,0xE0,0xE0,0x30,0x3F,0xC0,0x20,0x40,0x3F,0xC0,0x06,0x00,0x7F,0xE0,0x4E,0x20,0x59,0xE0}},
  {0x7AA0, {0x00,0x00,0x04,0x00,0xFF,0xF0,0xD0,0xB0,0x7F,0xE0,0x26,0x40,0x3F,0xC0,0x26,0x40,0x7F,0xE0,0x1F,0x80,0x37,0xC0,0x46,0x60}},
  {0x7ABD, {0x00,0x00,0x06,0x00,0xFF,0xF0,0xF9,0xF0,0x7D,0x00,0x7D,0xF0,0x42,0xA0,0x7C,0x80,0x10,0xC0,0xFD,0x40,0x3B,0x20,0x46,0x30}},
  {0x7ABE, {0x00,0x00,0x06,0x00,0xFF,0xF0,0xF1,0xF0,0x7D,0x00,0x13,0xF0,0x7C,0xA0,0x00,0x80,0xFE,0xC0,0x55,0x40,0x57,0x20,0x32,0x10}},
  {0x7ACB, {0x00,0x00,0x04,0x00,0x06,0x00,0x7F,0xE0,0x00,0x00,0x20,0x40,0x30,0xC0,0x10,0x80,0x18,0x80,0x09,0x00,0x01,0x00,0xFF,0xF0}},
  {0x7AD6, {0x00,0x00,0x10,0x00,0x57,0xE0,0x52,0x40,0x53,0xC0,0x53,0x80,0x1C,0x60,0x02,0x00,0x7F,0xE0,0x10,0x80,0x09,0x80,0xFF,0xF0}},
  {0x7ADE, {0x00,0x00,0x04,0x00,0x7F,0xE0,0x10,0x80,0xFF,0xF0,0x00,0x00,0x3F,0xC0,0x20,0x40,0x3F,0xC0,0x09,0x10,0x11,0x10,0xE1,0xE0}},
  {0x7AE0, {0x00,0x00,0x04,0x00,0x7F,0xE0,0x10,0x80,0xFF,0xF0,0x20,0x40,0x3F,0xC0,0x20,0x40,0x3F,0xC0,0x06,0x00,0xFF,0xF0,0x00,0x00}},
  {0x7AEF, {0x00,0x00,0x41,0x00,0x25,0x20,0xF7,0xE0,0x00,0x00,0x9F,0xF0,0x51,0x00,0x5F,0xE0,0x5A,0xA0,0x6A,0xA0,0x3A,0xA0,0xF8,0x60}},
  {0x7AF2, {0x00,0x00,0x22,0x40,0x27,0xF0,0xFC,0xB0,0x16,0xD0,0x57,0xF0,0x54,0x00,0x57,0xE0,0x24,0x20,0x3F,0xE0,0xE4,0x20,0x07,0xE0}},
  {0x7AF5, {0x00,0x00,0x0F,0xF0,0x20,0x00,0xF7,0xE0,0x05,0xA0,0x57,0xF0,0x50,0x00,0x4F,0xE0,0x6A,0xA0,0x3F,0xE0,0xE9,0x20,0x08,0x60}},
  {0x7AF9, {0x00,0x00,0x21,0x00,0x21,0x00,0x7F,0xF0,0x62,0x40,0xA4,0x40,0x20,0x40,0x20,0x40,0x20,0x40,0x20,0x40,0x20,0x40,0x21,0xC0}},
  {0x7AFF, {0x00,0x00,0x21,0x00,0x3D,0xF0,0x52,0x80,0x8C,0x40,0x7F,0xE0,0x06,0x00,0x06,0x00,0xFF,0xF0,0x06,0x00,0x06,0x00,0x06,0x00}},
  {0x7B07, {0x00,0x00,0x21,0x00,0x7F,0xF0,0xD2,0x40,0x04,0x40,0x02,0x00,0xFF,0xF0,0x04,0x00,0x07,0x00,0x04,0xC0,0x04,0x00,0x04,0x00}},
  {0x7B0B, {0x00,0x00,0x21,0x00,0x7F,0xF0,0x52,0x80,0x94,0x40,0x7F,0xC0,0x08,0x40,0xFF,0xF0,0x08,0x40,0x7F,0xC0,0x10,0x00,0x60,0x00}},
  {0x7B10, {0x00,0x00,0x21,0x00,0x7F,0xF0,0xD2,0x40,0x04,0x00,0xFF,0xE0,0x00,0x00,0x1F,0x80,0x10,0x80,0x10,0x90,0x20,0x90,0xC0,0xE0}},
  {0x7B11, {0x00,0x00,0x21,0x00,0x7F,0xF0,0xD2,0x80,0x12,0x40,0x01,0xE0,0x7E,0x00,0x04,0x00,0xFF,0xF0,0x0E,0x00,0x19,0x80,0xE0,0x60}},
  {0x7B12, {0x00,0x00,0x21,0x00,0x7F,0xF0,0x52,0x40,0x06,0x00,0x09,0x00,0x76,0xE0,0xC2,0x00,0x3F,0xC0,0x00,0x80,0x01,0x00,0x02,0x00}},
  {0x7B14, {0x00,0x00,0x21,0x00,0x7F,0xF0,0x52,0xC0,0x9F,0xE0,0x7C,0x00,0x07,0xC0,0x7C,0x00,0x07,0xF0,0xFC,0x00,0x04,0x20,0x07,0xE0}},
  {0x7B20, {0x00,0x00,0x21,0x00,0x3F,0xF0,0x52,0xC0,0x94,0x40,0x04,0x00,0x7F,0xE0,0x10,0x80,0x10,0x80,0x11,0x00,0x19,0x00,0xFF,0xF0}},
  {0x7B26, {0x00,0x00,0x21,0x00,0x3F,0xF0,0x52,0x80,0x8A,0x40,0x10,0x40,0x20,0x40,0x6F,0xF0,0xA4,0x40,0x26,0x40,0x20,0x40,0x21,0xC0}},
  {0x7B48, {0x00,0x00,0x21,0x00,0x7D,0xF0,0x52,0x40,0x00,0x40,0x7F,0xE0,0x06,0x00,0xFF,0xF0,0x06,0x00,0x3F,0xC0,0x20,0x40,0x3F,0xC0}},
  {0x7B49, {0x00,0x00,0x21,0x00,0x7F,0xF0,0xD2,0x80,0x14,0x00,0x7F,0xE0,0x04,0x00,0xFF,0xF0,0x00,0x80,0x7F,0xE0,0x18,0x80,0x07,0x80}},
  {0x7B4F, {0x00,0x00,0x21,0x00,0x7F,0xF0,0xD2,0x40,0x32,0x80,0x22,0x80,0x7F,0xE0,0x62,0x60,0xA3,0x80,0x23,0x20,0x2C,0xA0,0x20,0x60}},
  {0x7B51, {0x00,0x00,0x21,0x00,0x7F,0xF0,0x52,0x80,0x94,0x40,0x7F,0xC0,0x24,0x40,0x26,0x40,0x25,0x40,0x3C,0xD0,0xC8,0x50,0x08,0x60}},
  {0x7B52, {0x00,0x00,0x21,0x00,0x3F,0xF0,0x52,0x40,0xFF,0xE0,0x40,0x20,0x5F,0xA0,0x40,0x20,0x5F,0xA0,0x50,0xA0,0x5F,0x20,0x50,0xC0}},
  {0x7B55, {0x00,0x00,0x21,0x00,0x7D,0xF0,0x52,0x40,0x90,0x40,0x27,0xE0,0x40,0x00,0x37,0xF0,0x60,0xC0,0x20,0xC0,0x20,0xC0,0x23,0x80}},
  {0x7B56, {0x00,0x00,0x21,0x00,0x7F,0xF0,0xD2,0x80,0x16,0x40,0x7F,0xF0,0x06,0x00,0x7F,0xE0,0x46,0x20,0x4F,0xC0,0x3F,0xC0,0x46,0x70}},
  {0x7B5B, {0x00,0x00,0x21,0x00,0x7D,0xF0,0xD2,0x80,0x0A,0x40,0x40,0x00,0x57,0xF0,0x50,0x80,0x57,0xE0,0x14,0xA0,0x24,0xE0,0x60,0x80}},
  {0x7B6D, {0x00,0x00,0x21,0x00,0x7F,0xF0,0xD2,0x40,0x7F,0xE0,0x3F,0xC0,0x06,0x00,0x7F,0xE0,0x10,0x80,0xFF,0xF0,0x30,0x80,0x60,0x80}},
  {0x7B79, {0x00,0x00,0x21,0x00,0x7F,0xF0,0xD2,0x80,0x14,0x40,0x7F,0xE0,0x08,0x00,0xFF,0xF0,0x10,0x40,0x3F,0xF0,0x68,0x40,0xC7,0x80}},
  {0x7B7E, {0x00,0x00,0x21,0x00,0x7F,0xF0,0x52,0x80,0x96,0x40,0x19,0x00,0x30,0xC0,0xDF,0xB0,0x00,0x00,0x24,0x40,0x12,0x80,0x7F,0xE0}},
  {0x7B83, {0x00,0x00,0x21,0x00,0x7F,0xF0,0x10,0x40,0x7F,0xE0,0x45,0x20,0x7D,0x20,0x44,0xC0,0x7C,0xC0,0x7E,0xC0,0xFD,0x20,0x06,0x00}},
  {0x7B89, {0x00,0x00,0x21,0x00,0x7F,0xF0,0xD2,0x40,0x07,0xE0,0x24,0x20,0xF7,0xE0,0x21,0x00,0x7F,0xE0,0x22,0x20,0x26,0x20,0xEC,0xE0}},
  {0x7B95, {0x00,0x00,0x21,0x00,0xFF,0xF0,0x12,0x40,0x20,0x40,0x7F,0xE0,0x20,0x40,0x3F,0xC0,0x20,0x40,0xFF,0xF0,0x19,0x80,0x60,0x20}},
  {0x7B97, {0x21,0x00,0x7F,0xF0,0x92,0x40,0x3F,0xC0,0x20,0x40,0x3F,0xC0,0x20,0x40,0x3F,0xC0,0x20,0x40,0xFF,0x70,0x3F,0x80,0x60,0x80}},
  {0x7BA1, {0x00,0x00,0x21,0x00,0x7D,0xF0,0x96,0xC0,0x7F,0xE0,0x40,0x20,0x3F,0x80,0x20,0x00,0x3F,0x40,0x20,0x40,0x20,0x40,0x3F,0xC0}},
  {0x7BAD, {0x00,0x00,0x21,0x00,0x7F,0xF0,0xDA,0xC0,0x11,0x80,0xFF,0xF0,0x44,0x20,0x7D,0x20,0x45,0x20,0x7D,0x20,0x44,0x20,0x4C,0xC0}},
  {0x7BB0, {0x00,0x00,0x21,0x00,0x7F,0xF0,0xDA,0x40,0x7F,0xE0,0x7F,0x20,0x21,0xC0,0x3F,0xC0,0x03,0x00,0xFF,0xF0,0x02,0x00,0x1C,0x00}},
  {0x7BC7, {0x00,0x00,0x21,0x00,0x7F,0xF0,0xD0,0x80,0x7F,0xE0,0x60,0x20,0x7F,0xE0,0x74,0xA0,0x74,0xA0,0x7F,0xE0,0xB4,0xA0,0x30,0x60}},
  {0x7BD1, {0x00,0x00,0x21,0x00,0x7F,0xF0,0x5A,0x40,0x7F,0xC0,0x44,0x40,0xFF,0xF0,0x00,0x00,0x3F,0xC0,0x24,0x40,0x0F,0x00,0x78,0xE0}},
  {0x7BEE, {0x00,0x00,0x21,0x00,0x7F,0xF0,0xD2,0x40,0x4B,0x40,0x4B,0xE0,0x4E,0x80,0x08,0x40,0x3F,0xE0,0x29,0x60,0x29,0x60,0xFF,0xF0}},
  {0x7C01, {0x00,0x00,0x21,0x00,0x7F,0xF0,0xD2,0x40,0x21,0x00,0x25,0xE0,0xC5,0x00,0x3F,0xF0,0x65,0x00,0xE5,0xE0,0x2D,0x00,0x33,0xF0}},
  {0x7C07, {0x00,0x00,0x21,0x00,0x7F,0xF0,0xCA,0x80,0x22,0x40,0xFF,0xE0,0x47,0x00,0x7B,0xE0,0x4A,0x80,0x4C,0x80,0x5F,0xF0,0xB7,0x60}},
  {0x7C1B, {0x00,0x00,0x21,0x00,0x7F,0xF0,0xD2,0x40,0x48,0x60,0x7D,0xC0,0x49,0x00,0x79,0xF0,0x4A,0x40,0xFE,0x40,0x6A,0x40,0x44,0x40}},
  {0x7C28, {0x00,0x00,0x21,0x00,0x7F,0xF0,0xC2,0x40,0x7B,0xE0,0x4A,0x20,0x7F,0xE0,0x7D,0xE0,0x00,0x00,0xFF,0xF0,0x19,0x80,0x60,0x60}},
  {0x7C3B, {0x00,0x00,0x21,0x00,0x7F,0xF0,0x52,0x40,0x67,0xC0,0x05,0x40,0xEF,0xE0,0x2B,0xA0,0x2A,0xA0,0x2B,0xE0,0x78,0x00,0x9F,0xF0}},
  {0x7C3F, {0x21,0x00,0x7F,0xF0,0xD2,0xC0,0x5F,0xE0,0x21,0x00,0x8F,0xE0,0x49,0x20,0x0F,0xE0,0x49,0x20,0x7F,0xF0,0x44,0x40,0x41,0xC0}},
  {0x7C41, {0x00,0x00,0x21,0x00,0x7F,0xF0,0x82,0x40,0x11,0x00,0x7D,0xE0,0x12,0x40,0x7F,0xE0,0x52,0xA0,0x7A,0xA0,0x33,0xC0,0xFA,0x30}},
  {0x7C58, {0x00,0x00,0x21,0x00,0x7F,0xF0,0xC6,0x40,0x77,0xE0,0x51,0x00,0x7F,0xF0,0x57,0x60,0x73,0x40,0x57,0xE0,0x56,0x60,0xB3,0x20}},
  {0x7C6B, {0x00,0x00,0x21,0x00,0x7F,0xF0,0x52,0x00,0x7F,0xE0,0x2D,0x50,0x4A,0x60,0x3F,0xC0,0x20,0x40,0x3F,0xC0,0x19,0xC0,0x70,0x60}},
  {0x7C73, {0x00,0x00,0x06,0x00,0x66,0x60,0x36,0x40,0x16,0x80,0x06,0x00,0xFF,0xF0,0x0F,0x00,0x1E,0x80,0x26,0x40,0xC6,0x30,0x06,0x00}},
  {0x7C79, {0x00,0x00,0x21,0x00,0xA9,0x00,0x71,0x00,0x27,0xF0,0xFA,0x20,0x22,0x60,0x76,0x40,0x6B,0xC0,0xA1,0xC0,0x23,0x60,0x2C,0x30}},
  {0x7C7B, {0x00,0x00,0x26,0x40,0x16,0x80,0x06,0x00,0x7F,0xE0,0x3F,0x80,0xE6,0x70,0x04,0x00,0xFF,0xF0,0x0F,0x00,0x19,0xC0,0xE0,0x70}},
  {0x7C92, {0x00,0x00,0x21,0x00,0xA8,0x80,0x7F,0xE0,0x22,0x20,0xFA,0x20,0x22,0x40,0x72,0x40,0x7A,0x40,0xE2,0x40,0xA0,0x80,0x27,0xF0}},
  {0x7C97, {0x00,0x00,0x23,0xE0,0xAA,0x20,0x7A,0x20,0x23,0xE0,0xFE,0x20,0x22,0x20,0x72,0x20,0x7B,0xE0,0xE2,0x20,0xA2,0x20,0x2F,0xF0}},
  {0x7C98, {0x00,0x00,0x20,0x80,0xA8,0x80,0x68,0xF0,0x20,0x80,0xF8,0x80,0x23,0xE0,0x72,0x20,0xEE,0x20,0xA2,0x20,0x23,0xE0,0x00,0x00}},
  {0x7C9F, {0x00,0x00,0x00,0x00,0x7F,0xE0,0x09,0x00,0x7F,0xE0,0x49,0x20,0x7F,0xE0,0x16,0x80,0x06,0x00,0xFF,0xF0,0x1F,0x80,0xE6,0x60}},
  {0x7CA5, {0x00,0x00,0xEB,0xF0,0x2B,0x10,0x2F,0x10,0x62,0x70,0x3F,0xC0,0x86,0x80,0xE7,0xF0,0x2F,0x20,0x3A,0x20,0x32,0x20,0x62,0x60}},
  {0x7CAA, {0x00,0x00,0x26,0x40,0x16,0x80,0x7F,0xE0,0x1F,0x80,0x66,0x70,0x10,0x80,0x7F,0xE0,0x10,0x80,0xFF,0xF0,0x19,0x80,0x60,0x20}},
  {0x7CAE, {0x00,0x00,0x21,0x00,0xAF,0xE0,0x74,0x20,0x27,0xE0,0xFC,0x20,0x74,0x20,0x77,0xE0,0x65,0x20,0xA4,0xC0,0xA7,0x40,0x24,0x30}},
  {0x7CBE, {0x00,0x00,0x20,0x80,0xB7,0xF0,0x60,0x80,0x20,0x80,0xFF,0xF0,0x64,0x20,0x77,0xE0,0xEC,0x20,0xA7,0xE0,0x24,0x20,0x24,0xE0}},
  {0x7CCA, {0x00,0x00,0x24,0xE0,0xB4,0xA0,0xFE,0xA0,0x24,0xE0,0xF4,0xA0,0x7E,0xA0,0x7A,0xE0,0xAA,0xA0,0x2F,0xA0,0x29,0x20,0x21,0x60}},
  {0x7CD9, {0x00,0x00,0x20,0x80,0xB9,0x80,0x77,0xE0,0x22,0x80,0xF3,0xF0,0x60,0x00,0x7D,0xE0,0x75,0x20,0xA5,0xE0,0xAC,0x00,0x23,0xF0}},
  {0x7CDC, {0x00,0x00,0x02,0x00,0x7F,0xF0,0x48,0x40,0x7F,0xE0,0x5C,0xC0,0x7F,0x60,0x50,0x40,0x4A,0x80,0x7F,0xF0,0x4A,0xC0,0xB2,0x30}},
  {0x7CDF, {0x00,0x00,0x22,0x80,0xBF,0xF0,0xB2,0x80,0x3F,0xE0,0xFA,0x80,0x6F,0xE0,0x7F,0xE0,0xA4,0x20,0xA7,0xE0,0x24,0x20,0x27,0xE0}},
  {0x7CFB, {0x00,0x00,0x00,0xE0,0x7F,0x00,0x0C,0x00,0x30,0xC0,0x7F,0x80,0x0E,0x00,0x38,0xC0,0x7F,0xE0,0x02,0x00,0x32,0xC0,0xCC,0x20}},
  {0x7D0A, {0x00,0x00,0x04,0x00,0xFF,0xF0,0x19,0x80,0x1F,0x00,0xFC,0xF0,0x18,0x80,0x3F,0x00,0x18,0xC0,0x7F,0xE0,0x32,0xC0,0x4E,0x20}},
  {0x7D11, {0x00,0x00,0x27,0xF0,0x20,0x80,0x51,0x00,0x51,0x80,0xE3,0xC0,0x52,0xA0,0xFE,0xB0,0x04,0x90,0x68,0x80,0xA8,0x80,0x80,0x80}},
  {0x7D22, {0x00,0x00,0x06,0x00,0x7F,0xE0,0x06,0x00,0xFF,0xF0,0xD8,0x30,0x3F,0x00,0x1C,0xC0,0x3F,0xE0,0x02,0x00,0x36,0xC0,0xDC,0x30}},
  {0x7D27, {0x00,0x00,0x57,0xE0,0x52,0x40,0x53,0x80,0x54,0x60,0x18,0x80,0x3F,0x00,0x00,0xC0,0x3F,0xE0,0x02,0x00,0x32,0xC0,0x4C,0x20}},
  {0x7D2B, {0x00,0x00,0x11,0x60,0x5F,0x90,0x59,0x30,0xFD,0xE0,0x0C,0x80,0x3E,0x80,0x18,0x40,0x3F,0xE0,0x02,0x20,0x32,0xC0,0x4C,0x60}},
  {0x7D2F, {0x00,0x00,0x7F,0xE0,0x46,0x20,0x7F,0xE0,0x46,0x20,0x7F,0xE0,0x19,0x80,0x3E,0x00,0x18,0xE0,0x7E,0x00,0x32,0xC0,0xDC,0x30}},
  {0x7D6B, {0x00,0x00,0x0C,0x00,0x3F,0xC0,0x21,0x00,0x29,0x60,0x7F,0xE0,0x18,0x80,0x3F,0x80,0x18,0xC0,0x7F,0xE0,0x32,0xC0,0x4C,0x20}},
  {0x7DA7, {0x00,0x00,0x21,0x80,0x47,0xF0,0x50,0x00,0xF7,0xE0,0x24,0x20,0x57,0xE0,0xFF,0xE0,0x00,0xC0,0x3F,0xF0,0xA8,0x80,0x83,0x00}},
  {0x7DC5, {0x00,0x00,0x2F,0x00,0x49,0xF0,0x59,0x90,0xEF,0x80,0x69,0xA0,0x59,0x20,0xFF,0x60,0xF9,0x60,0x9F,0x60,0xB9,0xE0,0x81,0x90}},
  {0x7E41, {0x00,0x00,0x21,0x00,0x7D,0xF0,0x83,0x20,0xFE,0xC0,0x54,0xC0,0x7F,0x20,0x3F,0x80,0x1E,0xC0,0x3F,0xE0,0x12,0x80,0x4C,0x20}},
  {0x7E64, {0x00,0x00,0x09,0x00,0xFF,0xF0,0x3F,0xC0,0x3F,0xC0,0x20,0x40,0xFF,0xF0,0x3D,0x40,0xDC,0xB0,0x1F,0xC0,0x12,0xC0,0x6C,0x60}},
  {0x7E7A, {0x00,0x00,0x24,0x40,0x4E,0xF0,0x5A,0xA0,0xEF,0xA0,0x61,0x60,0x6F,0x40,0xF1,0x60,0x1F,0xB0,0x70,0xA0,0xBA,0xA0,0x88,0x10}},
  {0x7E82, {0x00,0x00,0x21,0x00,0x7F,0xE0,0x82,0x40,0x3F,0xC0,0x21,0x40,0x7F,0xE0,0x2C,0xC0,0xD8,0xB0,0x3E,0x40,0x32,0x00,0x4C,0x20}},
  {0x7E89, {0x00,0x00,0x22,0x40,0x4F,0xF0,0x42,0x40,0xFF,0xF0,0x37,0xE0,0x5C,0x20,0xD7,0xE0,0x34,0x20,0xBF,0xE0,0xA6,0x60,0x8C,0x30}},
  {0x7EA2, {0x00,0x00,0x20,0x00,0x27,0xE0,0x41,0x80,0x51,0x80,0xF1,0x80,0x21,0x80,0x79,0x80,0xC1,0x80,0x19,0x80,0x61,0x80,0xCF,0xF0}},
  {0x7EA6, {0x00,0x00,0x22,0x00,0x22,0x00,0x4F,0xE0,0x54,0x20,0xFC,0x20,0x22,0x20,0x79,0x20,0x71,0x20,0x00,0x20,0x38,0x20,0xC1,0xE0}},
  {0x7EA7, {0x00,0x00,0x2F,0xC0,0x64,0x40,0x54,0x80,0xF6,0xE0,0x26,0x20,0x46,0x40,0x75,0x40,0x05,0xC0,0x39,0xC0,0xCB,0x60,0x16,0x30}},
  {0x7EAA, {0x00,0x00,0x20,0x00,0x27,0xE0,0x40,0x20,0x58,0x20,0xF0,0x20,0x27,0xE0,0x44,0x00,0x74,0x00,0x04,0x10,0x34,0x30,0xC3,0xE0}},
  {0x7EAF, {0x00,0x00,0x21,0x00,0x21,0x00,0x4F,0xF0,0xD1,0x00,0xF5,0x20,0x25,0x20,0x47,0xE0,0xF1,0x00,0x01,0x10,0xF1,0x10,0x00,0xE0}},
  {0x7EB1, {0x00,0x00,0x21,0x80,0x21,0x80,0x57,0xE0,0x55,0xA0,0xED,0x90,0x41,0x80,0xF1,0xA0,0x00,0x60,0x00,0xC0,0xF3,0x00,0x0C,0x00}},
  {0x7EB2, {0x00,0x00,0x2F,0xE0,0x28,0x20,0x5E,0x60,0xDA,0xA0,0xE9,0xA0,0x09,0xA0,0x79,0xA0,0xCA,0xA0,0x0E,0x60,0x38,0x20,0xC8,0xE0}},
  {0x7EB5, {0x00,0x00,0x24,0x40,0x24,0x40,0x44,0x40,0x54,0x40,0xE4,0xC0,0x46,0xC0,0xF6,0xC0,0x0D,0xC0,0x09,0xA0,0x39,0x20,0x72,0x10}},
  {0x7EB6, {0x00,0x00,0x21,0x80,0x21,0x80,0x5A,0x40,0x54,0x60,0xF8,0x10,0x24,0x40,0x44,0x80,0xF7,0x20,0x06,0x20,0xF6,0x20,0x03,0xE0}},
  {0x7EB8, {0x00,0x00,0x20,0x70,0x67,0xC0,0x54,0x80,0xD4,0x80,0xE4,0x80,0x47,0xF0,0xF4,0x80,0x04,0x80,0x34,0xD0,0xC7,0x50,0x04,0x60}},
  {0x7EBD, {0x00,0x00,0x20,0x00,0x27,0xE0,0x42,0x20,0xD2,0x20,0xF2,0x20,0x2F,0xE0,0x72,0x20,0xC2,0x20,0x32,0x20,0xC6,0x20,0x0F,0xF0}},
  {0x7EBF, {0x00,0x00,0x23,0x40,0x23,0x00,0x53,0xE0,0xDF,0x00,0xE1,0x00,0x23,0xF0,0x4F,0x20,0x71,0x40,0xC1,0x80,0x33,0x90,0xCC,0x60}},
  {0x7EC3, {0x00,0x00,0x21,0x00,0x2F,0xE0,0x52,0x00,0xDF,0x80,0xE4,0x80,0x04,0x80,0x77,0xE0,0xC2,0xA0,0x34,0xA0,0xCC,0x90,0x03,0x80}},
  {0x7EC4, {0x00,0x00,0x20,0x00,0x27,0xE0,0x5C,0x20,0xD4,0x20,0xE7,0xE0,0x24,0x20,0x74,0x20,0x47,0xE0,0x34,0x20,0xC4,0x20,0x0F,0xF0}},
  {0x7EC6, {0x00,0x00,0x2F,0xE0,0x7D,0x20,0x5D,0x20,0xED,0x20,0x2F,0xE0,0x4D,0x20,0xFD,0x20,0x0D,0x20,0xFD,0x20,0x0F,0xE0,0x0C,0x20}},
  {0x7EC7, {0x00,0x00,0x20,0x00,0x27,0xE0,0x5C,0x20,0x54,0x20,0xE4,0x20,0x24,0x20,0x73,0xC0,0xC0,0x00,0x12,0x40,0x64,0x60,0x88,0x30}},
  {0x7EC8, {0x00,0x00,0x22,0x00,0x27,0xE0,0x56,0x60,0xD9,0xC0,0xE3,0x80,0x2C,0x60,0x73,0x30,0xC1,0x80,0x00,0x40,0x37,0x00,0xC0,0xE0}},
  {0x7ECF, {0x00,0x00,0x20,0x00,0x27,0xE0,0x40,0x40,0x51,0x80,0xF3,0xC0,0x2C,0x30,0x40,0x00,0xF7,0xE0,0x01,0x00,0xF1,0x00,0x0F,0xF0}},
  {0x7ED3, {0x00,0x00,0x21,0x80,0x21,0x80,0x4F,0xF0,0xD1,0x80,0xE7,0xE0,0x40,0x00,0x77,0xE0,0x04,0x20,0x34,0x20,0xC7,0xE0,0x04,0x20}},
  {0x7ED5, {0x00,0x00,0x22,0x00,0x62,0xE0,0x4F,0x00,0xD3,0x00,0xF1,0xC0,0x2F,0xE0,0x70,0x00,0x4F,0xF0,0x16,0x80,0x64,0x90,0x88,0xE0}},
  {0x7ED7, {0x00,0x00,0x23,0xF0,0x44,0x00,0x5A,0x00,0xF2,0x00,0x25,0xF0,0x4C,0x40,0x7C,0x40,0xC4,0x40,0x04,0x40,0x34,0x40,0xC5,0xC0}},
  {0x7ED9, {0x00,0x00,0x21,0x00,0x23,0x80,0x52,0xC0,0xD4,0x60,0xEF,0xF0,0x40,0x00,0xF7,0xE0,0x04,0x20,0xF4,0x20,0x07,0xE0,0x04,0x20}},
  {0x7EDC, {0x00,0x00,0x22,0x00,0x43,0xE0,0x56,0x40,0xF9,0xC0,0x23,0xC0,0x4C,0x30,0x77,0xE0,0xC4,0x20,0x34,0x20,0xC7,0xE0,0x00,0x00}},
  {0x7EDD, {0x00,0x00,0x22,0x00,0x67,0xC0,0x5C,0x80,0xDF,0xE0,0xE5,0x20,0x05,0x20,0x77,0xE0,0xC4,0x20,0xFC,0x00,0x04,0x10,0x07,0xE0}},
  {0x7EDF, {0x00,0x00,0x21,0x00,0x21,0x00,0x4F,0xF0,0xD2,0x40,0xF4,0x60,0x2F,0xE0,0x42,0xA0,0xF2,0x80,0x34,0x90,0xC4,0x90,0x18,0xE0}},
  {0x7EEA, {0x00,0x00,0x21,0x00,0x61,0x20,0x47,0xC0,0xD1,0xC0,0xFF,0xF0,0x23,0x00,0x47,0xE0,0xFC,0x20,0x0F,0xE0,0x34,0x20,0xE3,0xC0}},
  {0x7EED, {0x00,0x00,0x21,0x00,0x47,0xE0,0x51,0x00,0xFF,0xF0,0x24,0x20,0x46,0xA0,0xF0,0x80,0x0F,0xF0,0x01,0xC0,0x32,0x60,0xCC,0x10}},
  {0x7EF0, {0x00,0x00,0x21,0x00,0x41,0xF0,0x5F,0xE0,0xF4,0x20,0x27,0xE0,0x64,0x20,0x57,0xE0,0x61,0x00,0x0F,0xF0,0xF1,0x00,0x01,0x00}},
  {0x7EF2, {0x00,0x00,0x27,0xE0,0x64,0x20,0x57,0xE0,0xD4,0x20,0xE7,0xE0,0x48,0x80,0x78,0xA0,0xCF,0xC0,0x08,0x90,0x3E,0x90,0xCC,0xE0}},
  {0x7F01, {0x00,0x00,0x24,0xA0,0x6D,0x60,0x5D,0x60,0xD4,0xA0,0xE0,0x00,0x2F,0xE0,0x49,0x20,0xFF,0xE0,0x09,0x20,0x3F,0xE0,0xC8,0x20}},
  {0x7F04, {0x00,0x00,0x20,0xE0,0x40,0xA0,0x5F,0xF0,0xE8,0x80,0x6F,0xA0,0x48,0xE0,0xE8,0x60,0x0F,0x40,0x7F,0x50,0xD0,0xD0,0x11,0x30}},
  {0x7F15, {0x00,0x00,0x21,0x00,0x45,0x20,0x43,0x40,0x9F,0xE0,0xF3,0xC0,0x29,0x20,0x43,0x00,0x7F,0xF0,0xC6,0xC0,0x33,0x80,0xCE,0x60}},
  {0x7F18, {0x00,0x00,0x24,0x00,0x67,0xC0,0x54,0x40,0xD7,0xC0,0xE0,0x40,0x0F,0xF0,0x77,0x60,0x43,0xC0,0x0D,0xA0,0x32,0x90,0xCF,0x80}},
  {0x7F1D, {0x00,0x00,0x29,0x00,0x6B,0xE0,0x4F,0x40,0xF1,0xC0,0xFF,0xF0,0x48,0x80,0xFB,0xE0,0x08,0x80,0x0F,0xF0,0x3C,0x80,0xD3,0xF0}},
  {0x7F20, {0x00,0x00,0x21,0x80,0x4F,0xF0,0x5A,0xA0,0xEB,0xE0,0x2A,0xA0,0x4A,0xA0,0xFB,0xE0,0x08,0x80,0xFB,0xE0,0x18,0x80,0x17,0xF0}},
  {0x7F34, {0x00,0x00,0x24,0x00,0x4E,0x80,0x5A,0xF0,0xBE,0xA0,0xEB,0xA0,0x5F,0xA0,0xE8,0xE0,0x0E,0x40,0x7A,0xE0,0x12,0xB0,0x17,0x00}},
  {0x7F35, {0x00,0x00,0x2C,0x40,0x2E,0xE0,0x44,0x40,0xDF,0xF0,0xEA,0xB0,0x2B,0x20,0x4F,0xE0,0xF9,0x20,0x09,0x20,0x0F,0xC0,0xFC,0x30}},
  {0x7F36, {0x00,0x00,0x20,0x00,0x3F,0xE0,0x46,0x00,0x06,0x00,0xFF,0xF0,0x06,0x00,0x46,0x20,0x46,0x20,0x46,0x20,0x7F,0xE0,0x00,0x20}},
  {0x7F39, {0x00,0x00,0x20,0x00,0x3F,0xE0,0x46,0x00,0x46,0x00,0xFF,0xF0,0x06,0x00,0x46,0x20,0x7F,0xE0,0x00,0x20,0x49,0x20,0x49,0x10}},
  {0x7F3A, {0x00,0x00,0x40,0x80,0x78,0x80,0x93,0xE0,0x10,0xA0,0xFC,0xA0,0x10,0xA0,0x5F,0xF0,0x5D,0x80,0x5D,0x40,0x7E,0x60,0x06,0x30}},
  {0x7F3B, {0x00,0x00,0x43,0xF0,0x79,0x00,0x63,0x00,0xA3,0xC0,0x22,0x40,0xFF,0x40,0x22,0xC0,0x6A,0x40,0x6A,0x50,0x7B,0xD0,0x63,0x70}},
  {0x7F51, {0x00,0x00,0x7F,0xE0,0x40,0x20,0x64,0x60,0x5A,0xA0,0x5B,0xA0,0x59,0xA0,0x59,0xA0,0x76,0xA0,0x62,0x60,0x40,0x20,0x40,0xE0}},
  {0x7F57, {0x00,0x00,0x7F,0xE0,0x49,0x20,0x49,0x20,0x7F,0xE0,0x08,0x00,0x1F,0xE0,0x70,0x40,0xC8,0x80,0x07,0x00,0x0C,0x00,0x70,0x00}},
  {0x7F62, {0x00,0x00,0x7F,0xE0,0x49,0x20,0x49,0x20,0x7F,0xE0,0x06,0x00,0x3F,0xC0,0x06,0x00,0xFF,0xF0,0x09,0x80,0x30,0xC0,0x7F,0xE0}},
  {0x7F6A, {0x00,0x00,0x7F,0xE0,0x49,0x20,0x7F,0xE0,0x09,0x00,0x09,0x00,0x79,0xE0,0x09,0x00,0x79,0xE0,0x09,0x00,0xF9,0xF0,0x09,0x00}},
  {0x7F6E, {0x00,0x00,0x7F,0xE0,0x49,0x20,0x7F,0xE0,0x04,0x00,0x7F,0xE0,0x20,0x40,0x3F,0xC0,0x20,0x40,0x3F,0xC0,0x20,0x40,0xFF,0xF0}},
  {0x7F72, {0x00,0x00,0x7F,0xE0,0x49,0x20,0x7F,0xE0,0x04,0x00,0x3F,0x40,0x05,0x80,0xFE,0x70,0x00,0x40,0xFF,0xC0,0x20,0x40,0x1F,0x80}},
  {0x7F81, {0x00,0x00,0x7F,0xE0,0x49,0x20,0x7F,0xE0,0x40,0x00,0xFF,0xE0,0x41,0x20,0x7D,0xE0,0x54,0x20,0xFF,0xE0,0x10,0x20,0x11,0xE0}},
  {0x7F8A, {0x00,0x00,0x10,0x80,0x19,0x80,0x7F,0xE0,0x06,0x00,0x7F,0xE0,0x06,0x00,0x06,0x00,0xFF,0xF0,0x06,0x00,0x06,0x00,0x06,0x00}},
  {0x7F8E, {0x00,0x00,0x10,0x80,0x09,0x00,0x7F,0xF0,0x06,0x00,0x7F,0xE0,0x06,0x00,0xFF,0xF0,0x06,0x00,0xFF,0xF0,0x0F,0x80,0x70,0xF0}},
  {0x7F98, {0x00,0x00,0x72,0x20,0x52,0x40,0x5F,0xF0,0x70,0x80,0x57,0xE0,0x50,0x80,0x70,0x80,0x5F,0xF0,0x50,0x80,0x90,0x80,0xB0,0x80}},
  {0x7F9E, {0x00,0x00,0x10,0x80,0x7F,0xE0,0x0C,0x00,0x7F,0xE0,0x08,0x00,0xFF,0xF0,0x04,0x40,0xDF,0xC0,0x04,0x40,0x04,0x40,0x7F,0xF0}},
  {0x7FA4, {0x00,0x00,0xF9,0x20,0x29,0x40,0xFF,0xF0,0x28,0x80,0xFB,0xF0,0x40,0x80,0x7C,0x80,0xC7,0xF0,0xC4,0x80,0x7C,0x80,0x44,0x80}},
  {0x7FBA, {0x00,0x00,0x57,0xE0,0x50,0x80,0xFF,0xF0,0x20,0x80,0x77,0xE0,0x20,0x00,0xFF,0xF0,0x21,0x00,0x47,0xF0,0x45,0x50,0x84,0x60}},
  {0x7FC1, {0x00,0x00,0x01,0x00,0x1C,0xC0,0x79,0x30,0x1F,0x80,0x00,0x00,0x7F,0xE0,0x4B,0x20,0x29,0x20,0x39,0xE0,0x6F,0x20,0x39,0xC0}},
  {0x7FD8, {0x00,0x00,0x47,0xE0,0x79,0x20,0xE9,0xA0,0x37,0x60,0x75,0x20,0xDB,0x60,0xFD,0xA0,0x51,0xE0,0x53,0x00,0x50,0x10,0x8F,0xE0}},
  {0x7FE9, {0x00,0x00,0x13,0xE0,0x7C,0xA0,0x44,0xA0,0x46,0xE0,0x7F,0xE0,0x41,0xE0,0x7F,0xA0,0x7E,0xE0,0x78,0xA0,0xBC,0xA0,0xA5,0x60}},
  {0x7FF8, {0x00,0x00,0x13,0xE0,0x7C,0xA0,0x48,0xA0,0xFE,0xE0,0x7E,0xE0,0x05,0xA0,0x7D,0xE0,0x06,0xA0,0x7C,0xA0,0x00,0xA0,0xCD,0xE0}},
  {0x7FFB, {0x08,0x00,0x73,0xE0,0x54,0x20,0x5A,0xE0,0xFF,0x60,0x38,0x20,0x59,0x20,0xFF,0xE0,0x54,0xA0,0x7C,0x20,0x55,0x20,0x7F,0x60}},
  {0x7FFC, {0x00,0x00,0x7F,0xE0,0x45,0x20,0x7C,0xE0,0x07,0x20,0x7F,0xE0,0x40,0x20,0x7F,0xE0,0x40,0x20,0xFF,0xF0,0x00,0x00,0x70,0x60}},
  {0x8001, {0x00,0x00,0x04,0x00,0x04,0x00,0x3F,0xE0,0x04,0xC0,0xFF,0xF0,0x0E,0x00,0x38,0xC0,0xD3,0x80,0x1C,0x20,0x10,0x60,0x0F,0xC0}},
  {0x8003, {0x00,0x00,0x0C,0x00,0x7F,0x40,0x0D,0x80,0xFF,0xF0,0x0C,0x00,0x1F,0xE0,0x68,0x00,0xCF,0xC0,0x00,0x80,0x00,0x80,0x07,0x80}},
  {0x8005, {0x00,0x00,0x04,0x00,0x3F,0xE0,0x04,0xC0,0xFF,0xF0,0x0C,0x00,0x3F,0xC0,0xF0,0x40,0x1F,0xC0,0x10,0x40,0x1F,0xC0,0x00,0x00}},
  {0x800C, {0x00,0x00,0xFF,0xF0,0x04,0x00,0x04,0x00,0x7F,0xE0,0x49,0x20,0x49,0x20,0x49,0x20,0x49,0x20,0x49,0x20,0x49,0x20,0x40,0xE0}},
  {0x800D, {0x00,0x00,0x7F,0xF0,0x04,0x00,0x7F,0xE0,0x49,0x20,0x49,0xE0,0x08,0x00,0xFF,0xF0,0x11,0x80,0x1F,0x00,0x1F,0x80,0x70,0x60}},
  {0x8010, {0x00,0x00,0xFE,0x20,0x10,0x20,0x11,0xF0,0x7E,0x20,0x6B,0x20,0x6A,0xA0,0x6A,0xA0,0x6A,0x20,0x6A,0x20,0x6A,0x20,0x46,0xC0}},
  {0x8015, {0x00,0x00,0x22,0x40,0xFA,0x40,0x27,0xF0,0x7A,0x40,0x22,0x40,0xFA,0x40,0x27,0xF0,0x62,0x40,0xFA,0x40,0xA4,0x40,0x2C,0x40}},
  {0x8028, {0x00,0x00,0x27,0xE0,0xFC,0x00,0x27,0xF0,0x76,0xA0,0x27,0x60,0xF9,0x30,0x68,0x20,0x7F,0xF0,0xAA,0x20,0xA9,0x60,0x30,0xC0}},
  {0x8033, {0x00,0x00,0xFF,0xF0,0x20,0x40,0x20,0x40,0x3F,0xC0,0x20,0x40,0x20,0x40,0x3F,0xC0,0x20,0x40,0x27,0xF0,0xF8,0xC0,0x00,0x40}},
  {0x803B, {0x00,0x00,0xF8,0xC0,0x48,0xC0,0x7A,0xC0,0x4A,0xE0,0x4A,0xC0,0x7A,0xC0,0x4A,0xC0,0x4A,0xC0,0x7A,0xC0,0xCA,0xC0,0x0F,0xF0}},
  {0x804A, {0x00,0x00,0xFB,0xE0,0x56,0xA0,0x54,0xA0,0x75,0xA0,0x55,0xA0,0x75,0xA0,0x57,0xA0,0x57,0xA0,0xFA,0xE0,0x16,0x80,0x14,0x80}},
  {0x804B, {0x00,0x00,0x08,0x80,0x7F,0xF0,0x1A,0x00,0x3F,0xD0,0xC1,0x10,0x7F,0xF0,0x20,0x40,0x3F,0xC0,0x20,0xF0,0x3F,0xC0,0xE0,0x40}},
  {0x8051, {0x00,0x00,0xFF,0xF0,0x4A,0x20,0x4A,0x20,0x7B,0xE0,0x4A,0x20,0x4A,0x20,0x7B,0xE0,0x4A,0x20,0x5A,0xF0,0x7F,0xA0,0x08,0x20}},
  {0x8054, {0x00,0x00,0xFE,0x40,0x4A,0x40,0x4F,0xE0,0x78,0x80,0x49,0x80,0x7F,0xF0,0x49,0x80,0x49,0x80,0x5F,0x40,0xFA,0x20,0x0C,0x30}},
  {0x8083, {0x00,0x00,0x04,0x00,0x7F,0xE0,0x04,0x60,0xFF,0xF0,0x04,0x60,0x7F,0xE0,0x24,0x40,0x2D,0x40,0x55,0xC0,0x54,0xC0,0x84,0x40}},
  {0x8089, {0x00,0x00,0x02,0x00,0x06,0x00,0x7F,0xE0,0x46,0x20,0x4F,0x20,0x56,0xA0,0x46,0x20,0x4F,0x20,0x50,0xA0,0x40,0x20,0x40,0xE0}},
  {0x808B, {0x00,0x00,0x79,0x00,0x49,0x00,0x4F,0xE0,0x79,0x20,0x49,0x20,0x49,0x20,0x79,0x20,0x49,0x20,0x4A,0x20,0xCA,0x20,0xB5,0xE0}},
  {0x808C, {0x00,0x00,0x73,0xC0,0x52,0x40,0x52,0x40,0x72,0x40,0x52,0x40,0x52,0x40,0x72,0x40,0x52,0x50,0x56,0x50,0xDC,0x50,0xB4,0x60}},
  {0x8096, {0x00,0x00,0x66,0x40,0x36,0x80,0x7F,0xE0,0x60,0x60,0x7F,0xE0,0x60,0x60,0x7F,0xE0,0x60,0x60,0x60,0x60,0x60,0x60,0x61,0xC0}},
  {0x809A, {0x00,0x00,0x78,0x80,0x48,0x80,0x48,0x80,0x7F,0xF0,0x48,0x80,0x48,0x80,0x78,0x80,0x48,0x80,0x48,0x80,0xC8,0x80,0xB7,0xF0}},
  {0x809D, {0x00,0x00,0x7F,0xF0,0x48,0x80,0x48,0x80,0x78,0x80,0x4F,0xF0,0x48,0x80,0x78,0x80,0x48,0x80,0x48,0x80,0xC8,0x80,0xB0,0x80}},
  {0x80A0, {0x00,0x00,0x77,0xE0,0x50,0xC0,0x51,0x80,0x76,0x00,0x57,0xF0,0x52,0xB0,0x72,0xB0,0x54,0xA0,0x5D,0x20,0x93,0x20,0xB4,0xE0}},
  {0x80A1, {0x00,0x00,0x7B,0xC0,0x4A,0x40,0x4A,0x40,0x7C,0x70,0x48,0x00,0x4F,0xE0,0x7A,0x60,0x4B,0x40,0x49,0x80,0xDB,0xC0,0xB6,0x30}},
  {0x80A2, {0x00,0x00,0x70,0x80,0x57,0xF0,0x50,0x80,0x77,0xE0,0x52,0x20,0x52,0x60,0x73,0x40,0x51,0x80,0x51,0x80,0x52,0x60,0xB4,0x30}},
  {0x80A5, {0x00,0x00,0x77,0xE0,0x55,0xA0,0x55,0xA0,0x75,0xA0,0x57,0xE0,0x54,0x00,0x74,0x00,0x54,0x10,0x54,0x10,0x94,0x30,0xB7,0xE0}},
  {0x80AB, {0x00,0x00,0x70,0x80,0x5F,0xF0,0x50,0x80,0x74,0xA0,0x54,0xA0,0x54,0xA0,0x77,0xE0,0x50,0x80,0x50,0x90,0xD0,0x90,0xB0,0xE0}},
  {0x80AE, {0x00,0x00,0x71,0x00,0x57,0xE0,0x50,0x00,0x73,0xC0,0x52,0x40,0x52,0x40,0x72,0x40,0x52,0x50,0x52,0x50,0xDC,0x50,0xB4,0x60}},
  {0x80AF, {0x00,0x00,0x02,0x00,0x23,0xE0,0x22,0x00,0xFF,0xF0,0x20,0x40,0x3F,0xC0,0x20,0x40,0x3F,0xC0,0x20,0x40,0x20,0x40,0x21,0xC0}},
  {0x80B1, {0x00,0x00,0x71,0x00,0x5F,0xF0,0x53,0x00,0x72,0xC0,0x52,0x80,0x54,0x80,0x7D,0x40,0x59,0x60,0x52,0x20,0xD3,0xE0,0xB6,0x10}},
  {0x80B2, {0x06,0x00,0xFF,0xF0,0x30,0x80,0x7F,0xE0,0x00,0x20,0x3F,0xC0,0x20,0x40,0x3F,0xC0,0x20,0x40,0x3F,0xC0,0x20,0x40,0x21,0xC0}},
  {0x80BB, {0x00,0x00,0x04,0x00,0x07,0xE0,0x04,0x00,0x7F,0xE0,0x3F,0xE0,0x20,0x40,0x3F,0xC0,0x20,0x40,0x3F,0xC0,0x20,0x40,0x21,0xC0}},
  {0x80C3, {0x00,0x00,0x7F,0xE0,0x46,0x20,0x7F,0xE0,0x46,0x20,0x3F,0xC0,0x20,0x40,0x3F,0xC0,0x20,0x40,0x3F,0xC0,0x20,0x40,0x21,0xC0}},
  {0x80C4, {0x00,0x00,0x06,0x00,0x7F,0xE0,0x46,0x20,0x7F,0xE0,0x46,0x20,0x3F,0xC0,0x20,0x40,0x3F,0xC0,0x20,0x40,0x3F,0xC0,0x21,0xC0}},
  {0x80C6, {0x00,0x00,0x77,0xE0,0x54,0x20,0x54,0x20,0x77,0xE0,0x54,0x20,0x54,0x20,0x74,0x20,0x57,0xE0,0x54,0x20,0xD0,0x00,0xB7,0xF0}},
  {0x80CC, {0x09,0x00,0x79,0xE0,0x09,0x00,0x39,0xE0,0xC0,0x00,0x3F,0xC0,0x20,0x40,0x3F,0xC0,0x20,0x40,0x3F,0xC0,0x20,0x40,0x23,0xC0}},
  {0x80DC, {0x00,0x00,0x76,0x80,0x54,0x80,0x57,0xF0,0x74,0x80,0x5C,0x80,0x50,0x80,0x77,0xE0,0x50,0x80,0x50,0x80,0xD0,0x80,0xB7,0xF0}},
  {0x80E1, {0x00,0x00,0x23,0xE0,0x22,0x20,0xFE,0x20,0x23,0xE0,0x22,0x20,0x7A,0x20,0x4B,0xE0,0x4A,0x20,0x4E,0x20,0x7C,0x20,0x08,0xE0}},
  {0x80E5, {0x00,0x00,0x7F,0xE0,0x26,0x20,0x27,0xC0,0x56,0x00,0x3F,0xF0,0x20,0x40,0x3F,0xC0,0x20,0x40,0x3F,0xC0,0x20,0x40,0x21,0xC0}},
  {0x80E9, {0x00,0x00,0x71,0x00,0x51,0xE0,0x51,0x00,0x71,0x00,0x5F,0xF0,0x51,0x80,0x71,0xC0,0x51,0x60,0x51,0x30,0xD1,0x00,0xB1,0x00}},
  {0x80EB, {0x00,0x00,0x77,0xE0,0x50,0x40,0x50,0x80,0x73,0x60,0x5C,0x30,0x50,0x00,0x77,0xE0,0x50,0x80,0x50,0x80,0x90,0x80,0xBF,0xF0}},
  {0x80EF, {0x00,0x00,0x71,0x00,0x5F,0xE0,0x52,0x40,0x76,0x20,0x5F,0xD0,0x50,0x00,0x7F,0xE0,0x56,0x00,0x57,0xE0,0xD0,0x60,0xB3,0xC0}},
  {0x80F6, {0x00,0x00,0x71,0x00,0x5F,0xF0,0x50,0x00,0x72,0x60,0x5C,0x20,0x52,0x40,0x72,0x40,0x51,0x80,0x51,0x80,0x93,0xC0,0xBC,0x20}},
  {0x80F8, {0x00,0x00,0x74,0x00,0x57,0xF0,0x58,0x30,0x72,0xA0,0x57,0x60,0x57,0x60,0x77,0xE0,0x54,0x60,0x57,0xA0,0x90,0x20,0xB1,0xE0}},
  {0x80FD, {0x00,0x00,0x21,0x60,0x49,0xC0,0xFD,0x10,0x07,0x30,0x7D,0xE0,0x44,0x00,0x7D,0x20,0x45,0xC0,0x7D,0x10,0x45,0x30,0x59,0xE0}},
  {0x8109, {0x00,0x00,0x73,0x00,0x50,0x80,0x57,0x80,0x71,0xA0,0x5F,0xE0,0x53,0xC0,0x77,0xC0,0x55,0xC0,0x55,0xA0,0xD9,0x90,0xB3,0x00}},
  {0x810C, {0x00,0x00,0x72,0x00,0x57,0xF0,0x54,0x80,0x78,0x80,0x57,0xF0,0x54,0x80,0x74,0x80,0x5F,0xF0,0x50,0x80,0xD0,0x80,0xB0,0x80}},
  {0x810F, {0x00,0x00,0x70,0x80,0x50,0x80,0x57,0xF0,0x74,0x00,0x54,0x80,0x57,0xE0,0x74,0x80,0x54,0x80,0x54,0x80,0xDC,0x80,0xB8,0x80}},
  {0x8111, {0x00,0x00,0x70,0x80,0x57,0xF0,0x50,0x00,0x72,0x40,0x55,0xA0,0x55,0xA0,0x75,0xA0,0x56,0x60,0x54,0x20,0xD7,0xE0,0xB0,0x20}},
  {0x811A, {0x00,0x00,0x76,0xE0,0x56,0xA0,0x5F,0xA0,0x76,0xA0,0x56,0xA0,0x5F,0xA0,0x54,0xA0,0x76,0xA0,0x5F,0xE0,0xDF,0x80,0xA0,0x80}},
  {0x812E, {0x00,0x00,0x7F,0xF0,0x51,0x00,0x54,0xA0,0x76,0x20,0x51,0x00,0x5F,0xF0,0x72,0x40,0x56,0x40,0x51,0xC0,0xD3,0x60,0xBC,0x10}},
  {0x8131, {0x00,0x00,0x72,0x40,0x52,0xC0,0x57,0xE0,0x74,0x20,0x54,0x20,0x57,0xE0,0x76,0xA0,0x52,0x80,0x52,0x90,0xD4,0x90,0xBC,0x60}},
  {0x8132, {0x00,0x00,0x77,0xE0,0x54,0x20,0x74,0x20,0x57,0xE0,0x54,0x00,0x54,0x80,0x77,0xE0,0x5D,0xC0,0x5A,0xA0,0x5C,0x90,0xF9,0x80}},
  {0x8138, {0x00,0x00,0x71,0x80,0x53,0xC0,0x56,0x60,0x7C,0x30,0x57,0xC0,0x51,0x20,0x75,0x20,0x55,0xE0,0x52,0xC0,0x90,0x40,0xBF,0xF0}},
  {0x813D, {0x00,0x00,0x72,0x80,0x52,0x40,0x57,0xF0,0x7C,0x80,0x57,0xF0,0x54,0x80,0x77,0xF0,0x54,0x80,0x54,0x80,0xD7,0xF0,0xB4,0x00}},
  {0x813E, {0x00,0x00,0x71,0x00,0x57,0xE0,0x54,0xA0,0x77,0xE0,0x55,0x20,0x57,0xE0,0x72,0x80,0x56,0x80,0x5F,0xF0,0x50,0x80,0xB0,0x80}},
  {0x8144, {0x00,0x00,0x77,0xE0,0x50,0x80,0x57,0xF0,0x70,0xA0,0x50,0xA0,0x5F,0xF0,0x70,0xA0,0x57,0xF0,0x50,0x80,0xD0,0x80,0xB7,0xE0}},
  {0x8146, {0x00,0x00,0x71,0x80,0x57,0xE0,0x55,0xA0,0x75,0xA0,0x57,0xE0,0x55,0xA0,0x75,0xA0,0x5F,0xF0,0x52,0x40,0xD4,0x20,0xB8,0x10}},
  {0x8147, {0x00,0x00,0x77,0xE0,0x50,0x80,0x57,0xF0,0x73,0xC0,0x54,0xB0,0x51,0x00,0x7F,0xF0,0x52,0x40,0x53,0xC0,0xD3,0xC0,0xBE,0x30}},
  {0x8160, {0x00,0x00,0x71,0x00,0x5F,0xE0,0x51,0x00,0x7F,0xF0,0x56,0x40,0x5B,0xB0,0x71,0x00,0x51,0x00,0x57,0xE0,0x93,0xC0,0xAC,0x20}},
  {0x8168, {0x00,0x00,0x75,0x80,0x55,0xA0,0x57,0xE0,0x70,0x00,0x5F,0xF0,0x51,0x00,0x77,0xF0,0x55,0x50,0x55,0x50,0xD5,0x70,0xB4,0x60}},
  {0x817E, {0x00,0x00,0x75,0x60,0x57,0xE0,0x51,0x00,0x7F,0xF0,0x56,0x40,0x5F,0xF0,0x76,0x40,0x53,0xE0,0x50,0x20,0x5F,0xE0,0xB0,0xC0}},
  {0x818F, {0x00,0x00,0x04,0x00,0x7F,0xE0,0x00,0x00,0x3F,0xC0,0x20,0x00,0x7F,0xF0,0x60,0x70,0x3F,0xC0,0x20,0x40,0x3F,0xC0,0x21,0xC0}},
  {0x8197, {0x00,0x00,0x75,0x00,0x55,0x20,0x57,0xE0,0x77,0xF0,0x5C,0x80,0x5F,0xE0,0x74,0x80,0x57,0xE0,0x54,0x80,0xD7,0xF0,0xF4,0x00}},
  {0x8198, {0x00,0x00,0x7F,0xF0,0x52,0x80,0x5F,0xE0,0x7A,0x80,0x5F,0xE0,0x50,0x00,0x77,0xE0,0x50,0x00,0x5F,0xF0,0x99,0xB0,0xB3,0x00}},
  {0x819B, {0x00,0x00,0x75,0x20,0x53,0x40,0x5F,0xF0,0x78,0x10,0x57,0xE0,0x54,0x20,0x77,0xE0,0x51,0x00,0x57,0xE0,0xD1,0x00,0xEF,0xF0}},
  {0x81AA, {0x00,0x00,0x71,0x00,0x57,0xF0,0x52,0x40,0x7F,0xF0,0x58,0x90,0x57,0xE0,0x74,0xA0,0x54,0xA0,0x57,0xE0,0xD4,0x20,0xB7,0xE0}},
  {0x81B6, {0x00,0x00,0x7F,0xE0,0x59,0xA0,0x5F,0xE0,0x79,0xA0,0x5F,0xE0,0x59,0x20,0x7B,0xE0,0x59,0x20,0x5F,0xE0,0x98,0x20,0xB8,0x60}},
  {0x81BA, {0x00,0x00,0x02,0x00,0x7F,0xF0,0x46,0x80,0x5F,0xE0,0x77,0xE0,0x57,0xE0,0x54,0x80,0x5F,0xE0,0x50,0x20,0xDF,0xE0,0x91,0xC0}},
  {0x81BC, {0x00,0x00,0x7B,0xE0,0x5A,0x20,0x57,0xA0,0x72,0xA0,0x5B,0xE0,0x5A,0x00,0x7B,0xC0,0x5B,0x40,0x5B,0xE0,0x9E,0x00,0xF3,0xF0}},
  {0x81C2, {0x00,0x80,0x7F,0xE0,0x45,0x20,0x7B,0xF0,0x40,0x80,0xBF,0xE0,0x24,0x80,0x3F,0xC0,0x20,0x40,0x3F,0xC0,0x20,0x40,0x21,0xC0}},
  {0x81D3, {0x00,0x00,0x72,0x00,0x5F,0xF0,0x52,0x60,0x7F,0xF0,0x5F,0xC0,0x5D,0x60,0x7F,0xE0,0x5C,0xE0,0x5B,0xD0,0x99,0x70,0xB3,0xB0}},
  {0x81D7, {0x00,0x00,0x71,0x00,0x5F,0xF0,0x5A,0x10,0x7F,0xF0,0x57,0xE0,0x54,0x20,0x77,0xE0,0x54,0x20,0x57,0xE0,0x92,0x90,0xBC,0xF0}},
  {0x81E1, {0x00,0x00,0x09,0x40,0xFF,0x40,0x7F,0xF0,0x57,0x40,0x7D,0xE0,0x11,0x40,0xFF,0xF0,0x7F,0xE0,0x2F,0xA0,0x2F,0x20,0x20,0xC0}},
  {0x81E3, {0x00,0x00,0x7F,0xF0,0x42,0x00,0x42,0x00,0x7F,0xE0,0x40,0x20,0x40,0x20,0x7F,0xE0,0x42,0x20,0x42,0x00,0x42,0x00,0x7F,0xF0}},
  {0x81E7, {0x00,0x00,0x00,0xA0,0x7F,0xF0,0x60,0x80,0x6F,0x90,0x2A,0x20,0x2F,0x60,0xE9,0x60,0x6F,0x50,0x6A,0x50,0xAF,0xD0,0x21,0xA0}},
  {0x81EA, {0x00,0x00,0x04,0x00,0x7F,0xE0,0x40,0x20,0x7F,0xE0,0x40,0x20,0x40,0x20,0x7F,0xE0,0x40,0x20,0x40,0x20,0x7F,0xE0,0x40,0x20}},
  {0x81ED, {0x00,0x00,0x04,0x00,0x3F,0xE0,0x20,0x60,0x3F,0xE0,0x20,0x60,0x3F,0xE0,0x04,0x80,0xFF,0xF0,0x0F,0x00,0x19,0xC0,0xE0,0x70}},
  {0x81F3, {0x00,0x00,0x7F,0xF0,0x08,0x00,0x10,0x80,0x30,0xC0,0x7F,0xE0,0x06,0x20,0x06,0x00,0x7F,0xE0,0x06,0x00,0x06,0x00,0xFF,0xF0}},
  {0x81F4, {0x00,0x00,0xFD,0x00,0x21,0x00,0x6B,0xF0,0x4A,0x20,0xFD,0x60,0x11,0x40,0xFD,0x40,0x10,0xC0,0x30,0x80,0xFF,0x60,0x06,0x30}},
  {0x81FC, {0x00,0x00,0x1C,0x00,0x63,0xE0,0x40,0x20,0x40,0x20,0x40,0x20,0x7F,0xE0,0x40,0x20,0x40,0x20,0x40,0x20,0x7F,0xE0,0x40,0x20}},
  {0x8206, {0x00,0x00,0x74,0x00,0x44,0xE0,0x4F,0x20,0x7A,0xE0,0x4F,0x20,0x62,0x60,0x4F,0x20,0x42,0x20,0xFF,0xF0,0x00,0x00,0x70,0xE0}},
  {0x820D, {0x00,0x00,0x06,0x00,0x09,0x00,0x30,0xC0,0xFF,0xB0,0x06,0x00,0x7F,0xE0,0x06,0x00,0x3F,0xC0,0x20,0x40,0x3F,0xC0,0x00,0x00}},
  {0x8212, {0x00,0x00,0x33,0xE0,0x28,0x60,0x45,0xC0,0xF8,0x80,0x13,0xF0,0xFC,0x90,0x10,0x90,0x78,0x80,0x48,0x80,0x78,0x80,0x4B,0x80}},
  {0x821C, {0x00,0x00,0x7F,0xE0,0x24,0x40,0x12,0xC0,0x7F,0xE0,0x60,0xA0,0x3F,0xE0,0x4A,0x80,0xAA,0x80,0x13,0xF0,0x20,0x80,0x40,0x80}},
  {0x821E, {0x00,0x00,0x20,0x00,0x7F,0xE0,0x69,0x40,0x7F,0xE0,0x29,0x40,0xFF,0xF0,0x20,0xC0,0x63,0xF0,0xFE,0xC0,0x1A,0xC0,0x63,0xF0}},
  {0x821F, {0x00,0x00,0x04,0x00,0x3F,0xC0,0x20,0x40,0x24,0x40,0x22,0x40,0xFF,0xF0,0x20,0x40,0x24,0x40,0x22,0x40,0x40,0x40,0x41,0xC0}},
  {0x822A, {0x00,0x00,0x21,0x00,0x78,0x80,0x6F,0xF0,0x78,0x00,0x4B,0xC0,0xFA,0x40,0x6A,0x40,0x6A,0x50,0x5A,0x50,0x8E,0x50,0xB4,0x60}},
  {0x822C, {0x00,0x00,0x23,0xC0,0x7A,0x40,0x6A,0x40,0x5C,0x30,0x48,0x00,0xFF,0xE0,0x6A,0x60,0x59,0x40,0x49,0x80,0xC9,0xC0,0xBE,0x30}},
  {0x8231, {0x00,0x00,0x21,0x80,0x79,0xC0,0x4A,0x60,0x6C,0x30,0x4B,0xE0,0xFA,0x20,0x4A,0x40,0x6B,0xC0,0x5A,0x10,0x4A,0x30,0xBB,0xE0}},
  {0x8235, {0x00,0x00,0x20,0x80,0x7F,0xF0,0x6E,0x10,0x58,0x00,0x4A,0x00,0xFA,0x60,0x6B,0xC0,0x7A,0x00,0x5A,0x10,0xCB,0x30,0x99,0xE0}},
  {0x8239, {0x00,0x00,0x23,0xC0,0x7A,0x40,0x4A,0x40,0x4C,0x40,0x48,0x30,0xF8,0x00,0x6B,0xE0,0x6A,0x20,0x5A,0x20,0xCB,0xE0,0xBA,0x20}},
  {0x823F, {0x00,0x00,0x21,0x00,0x7F,0xF0,0x42,0x40,0x7F,0xF0,0x58,0x00,0xFF,0xE0,0x72,0x00,0x73,0xE0,0x50,0x20,0xD0,0x20,0xB1,0xC0}},
  {0x8258, {0x00,0x00,0x23,0x80,0x74,0xE0,0x74,0xA0,0x77,0xE0,0x74,0xA0,0xF7,0xE0,0x70,0x80,0x77,0xE0,0x72,0x40,0x11,0x80,0xBF,0x70}},
  {0x826E, {0x00,0x00,0x7F,0xC0,0x60,0x40,0x60,0x40,0x7F,0xC0,0x7F,0xC0,0x64,0x40,0x64,0x60,0x63,0xC0,0x61,0x00,0x7C,0xC0,0x70,0x30}},
  {0x826F, {0x00,0x00,0x04,0x00,0x7F,0xC0,0x60,0x40,0x7F,0xC0,0x60,0x40,0x7F,0xC0,0x64,0x20,0x66,0xC0,0x63,0x80,0x6D,0xC0,0x70,0x70}},
  {0x8270, {0x00,0x00,0x07,0xE0,0xF4,0x20,0x14,0x20,0x57,0xE0,0x54,0x20,0x37,0xE0,0x35,0x20,0x34,0xE0,0x5C,0xC0,0xC7,0x70,0x04,0x00}},
  {0x8272, {0x10,0x00,0x1F,0x80,0x21,0x00,0x43,0x00,0xFF,0xE0,0x66,0x60,0x66,0x60,0x7F,0xE0,0x60,0x60,0x60,0x00,0x60,0x30,0x3F,0xE0}},
  {0x8273, {0x00,0x00,0x22,0x00,0x27,0xC0,0xFC,0xC0,0x2F,0xE0,0xF4,0xA0,0x24,0xA0,0x27,0xE0,0xFC,0x20,0x24,0x00,0x24,0x10,0x27,0xE0}},
  {0x8282, {0x00,0x00,0x19,0x80,0xFF,0xF0,0x19,0x80,0x00,0x00,0x7F,0xE0,0x08,0x60,0x08,0x40,0x08,0x40,0x08,0x40,0x0B,0xC0,0x00,0x00}},
  {0x8286, {0x00,0x00,0x10,0x80,0xFF,0xF0,0x10,0x80,0x00,0x00,0x7F,0xC0,0x34,0x40,0x12,0x80,0x09,0x00,0x06,0x00,0x1F,0xC0,0xE0,0x60}},
  {0x8292, {0x00,0x00,0x10,0x80,0xFF,0xF0,0x14,0x80,0x06,0x00,0x02,0x00,0xFF,0xF0,0x20,0x00,0x20,0x00,0x20,0x00,0x20,0x00,0x3F,0xE0}},
  {0x829C, {0x00,0x00,0x19,0x80,0xFF,0xF0,0x19,0x80,0x7F,0xE0,0x04,0x00,0x04,0x00,0xFF,0xF0,0x0A,0x00,0x1A,0x10,0x32,0x10,0xC1,0xE0}},
  {0x82A5, {0x00,0x00,0x10,0x80,0xFF,0xF0,0x10,0x80,0x06,0x00,0x09,0x00,0x30,0xC0,0xD1,0xB0,0x11,0x80,0x11,0x80,0x31,0x80,0x61,0x80}},
  {0x82B1, {0x00,0x00,0x19,0x80,0xFF,0xF0,0x19,0x80,0x00,0x00,0x12,0x20,0x32,0xC0,0x63,0x80,0xA7,0x00,0x2A,0x10,0x23,0x30,0x21,0xE0}},
  {0x82B3, {0x00,0x00,0x10,0x80,0xFF,0xF0,0x14,0x80,0x02,0x00,0x7F,0xE0,0x18,0x00,0x1F,0xC0,0x10,0x40,0x10,0x40,0x20,0xC0,0xC3,0x80}},
  {0x82BF, {0x00,0x00,0x09,0x80,0xFF,0xF0,0x10,0x00,0x2F,0xC0,0x22,0x40,0x66,0x40,0xA4,0x60,0x24,0x20,0x24,0x20,0x28,0x20,0x30,0xE0}},
  {0x82C7, {0x00,0x00,0x10,0x80,0xFF,0xF0,0x14,0x80,0x7F,0xE0,0x04,0x00,0x3F,0xC0,0x04,0x00,0x7F,0xE0,0x04,0x20,0x05,0xC0,0x04,0x00}},
  {0x82CD, {0x00,0x00,0x10,0x80,0xFF,0xF0,0x1E,0x80,0x0F,0x00,0x30,0xC0,0xFF,0xF0,0x20,0x80,0x20,0x80,0x27,0xA0,0x30,0x20,0x1F,0xC0}},
  {0x82CF, {0x00,0x00,0x10,0x80,0xFF,0xF0,0x10,0x80,0x04,0x00,0x7F,0xC0,0x08,0xC0,0x68,0xE0,0x48,0xE0,0x90,0x90,0x20,0x80,0x47,0x80}},
  {0x82DB, {0x00,0x00,0x18,0x80,0xFF,0xF0,0x18,0x80,0xFF,0xF0,0x00,0x40,0x3E,0x40,0x22,0x40,0x22,0x40,0x3E,0x40,0x20,0x40,0x03,0xC0}},
  {0x82DF, {0x00,0x00,0x09,0x00,0xFF,0xF0,0x38,0x00,0x3F,0xE0,0x40,0x20,0xBE,0x20,0x22,0x20,0x22,0x20,0x3E,0x20,0x20,0x60,0x03,0xC0}},
  {0x82E4, {0x00,0x00,0x10,0x80,0xFF,0xF0,0x10,0x80,0x7F,0xE0,0x06,0x00,0x0F,0x00,0x12,0xC0,0x22,0x60,0xC2,0x30,0x02,0x00,0xFF,0xF0}},
  {0x82E5, {0x00,0x00,0x10,0x80,0xFF,0xF0,0x10,0x80,0x04,0x00,0xFF,0xF0,0x18,0x00,0x3F,0xC0,0xF0,0x40,0x10,0x40,0x1F,0xC0,0x10,0x40}},
  {0x82E6, {0x00,0x00,0x10,0x80,0xFF,0xF0,0x10,0x80,0x06,0x00,0xFF,0xF0,0x06,0x00,0x3F,0xC0,0x20,0x40,0x20,0x40,0x3F,0xC0,0x20,0x40}},
  {0x82F1, {0x00,0x00,0x10,0x80,0xFF,0xF0,0x10,0x80,0x06,0x00,0x3F,0xC0,0x26,0x40,0x26,0x40,0xFF,0xF0,0x0E,0x00,0x19,0x80,0x60,0x70}},
  {0x8311, {0x00,0x00,0x18,0x80,0xFF,0xF0,0x1C,0x80,0x3F,0xC0,0x28,0x40,0x24,0x40,0x3F,0xE0,0x00,0x20,0xFF,0xA0,0x00,0x20,0x03,0xC0}},
  {0x8314, {0x00,0x00,0x10,0x80,0x7F,0xE0,0x00,0x00,0x00,0x00,0xFF,0xF0,0xC0,0x30,0x06,0x00,0x7F,0xE0,0x06,0x00,0x06,0x00,0xFF,0xF0}},
  {0x831B, {0x00,0x00,0x10,0x80,0xFF,0xF0,0x10,0x80,0x7F,0xC0,0x60,0x40,0x7F,0xC0,0x60,0x40,0x60,0x40,0x7F,0xC0,0x7F,0xE0,0x70,0xF0}},
  {0x831D, {0x00,0x00,0x10,0x80,0xFF,0xF0,0x00,0x80,0x7F,0xE0,0x42,0x00,0x5F,0xE0,0x50,0x60,0x50,0x60,0x5F,0xE0,0x42,0x00,0x7F,0xE0}},
  {0x832C, {0x00,0x00,0x18,0x80,0xFF,0xF0,0x18,0x80,0x08,0x00,0x7F,0xF0,0x11,0x00,0x21,0x00,0x6F,0xE0,0xA1,0x00,0x21,0x00,0x3F,0xF0}},
  {0x8336, {0x00,0x00,0x10,0x80,0xFF,0xF0,0x16,0x80,0x0F,0x00,0x30,0xC0,0xE2,0x70,0x3F,0xC0,0x12,0x80,0x32,0xC0,0x66,0x60,0x5C,0x20}},
  {0x8339, {0x00,0x00,0x18,0x80,0xFF,0xF0,0x18,0x80,0x20,0x00,0x7F,0xE0,0x6E,0x20,0x4A,0x20,0x6A,0x20,0x3A,0x20,0x2B,0xE0,0xC2,0x20}},
  {0x8349, {0x00,0x00,0x09,0x00,0xFF,0xF0,0x09,0x00,0x3F,0xC0,0x20,0x40,0x3F,0xC0,0x20,0x40,0x3F,0xC0,0x06,0x00,0xFF,0xF0,0x06,0x00}},
  {0x8352, {0x00,0x00,0x10,0x80,0xFF,0xF0,0x14,0x80,0x06,0x00,0x7F,0xE0,0x20,0x00,0x3F,0xC0,0x16,0x80,0x26,0x90,0x26,0x90,0x46,0x60}},
  {0x835B, {0x00,0x00,0x09,0x00,0xFF,0xF0,0x10,0x60,0x7F,0xC0,0x18,0x90,0x07,0x30,0x7F,0xE0,0x00,0x00,0x7F,0xE0,0x11,0x10,0x61,0xE0}},
  {0x8361, {0x00,0x00,0x19,0x80,0xFF,0xF0,0x19,0x80,0x2F,0xC0,0x21,0x80,0xC6,0x00,0x4F,0xE0,0x24,0xA0,0x2D,0xA0,0x59,0x20,0x42,0xE0}},
  {0x8363, {0x00,0x00,0x09,0x00,0x7F,0xE0,0x09,0x00,0x7F,0xE0,0x46,0x20,0x06,0x00,0x7F,0xE0,0x0F,0x00,0x16,0x80,0x26,0x40,0xC6,0x30}},
  {0x836C, {0x00,0x00,0x10,0x80,0xFF,0xF0,0x10,0x80,0x7F,0xE0,0x1B,0x20,0x0A,0x20,0x22,0x00,0xFF,0xF0,0x07,0x00,0x18,0xC0,0xE0,0x20}},
  {0x836F, {0x00,0x00,0x09,0x00,0xFF,0xF0,0x09,0x00,0x22,0x00,0x5B,0xE0,0x74,0x20,0x23,0x20,0x79,0x20,0x00,0x20,0x78,0x20,0x41,0xC0}},
  {0x8382, {0x00,0x00,0x10,0x80,0xFF,0xF0,0x00,0x80,0x7C,0x20,0x44,0xA0,0x7C,0xA0,0x20,0xA0,0x7E,0xA0,0x26,0xA0,0x64,0x20,0xDC,0xE0}},
  {0x839E, {0x00,0x00,0x10,0x80,0xFF,0xF0,0x16,0x80,0x7F,0xE0,0x40,0x20,0x5F,0xA0,0x00,0x00,0xFF,0xF0,0x09,0x10,0x11,0x10,0x61,0xE0}},
  {0x83A0, {0x00,0x00,0x09,0x00,0x7F,0xE0,0x00,0x00,0x7F,0xC0,0x06,0x00,0x7F,0xE0,0x1F,0x80,0x7F,0xE0,0x19,0xE0,0x30,0x40,0x61,0xC0}},
  {0x83AB, {0x09,0x00,0x7F,0xE0,0x09,0x00,0x3F,0xC0,0x20,0x40,0x3F,0xC0,0x20,0x40,0x3F,0xC0,0x04,0x00,0xFF,0xF0,0x09,0x80,0x60,0xF0}},
  {0x83B7, {0x00,0x00,0x18,0x80,0xFF,0xF0,0x18,0x80,0x50,0x40,0x71,0x20,0xF1,0x00,0x37,0xF0,0x71,0x80,0xD1,0x80,0x12,0x40,0x7C,0x20}},
  {0x83B8, {0x00,0x00,0x18,0x80,0xFF,0xF0,0x18,0x80,0x51,0x60,0x31,0x00,0xF7,0xF0,0x32,0x80,0x72,0x80,0xD2,0x90,0x14,0xB0,0x78,0xE0}},
  {0x83C6, {0x00,0x00,0x10,0x80,0xFF,0xF0,0x00,0x00,0xFF,0xE0,0x49,0x20,0x79,0x20,0x49,0x20,0x78,0xC0,0x48,0xC0,0xFE,0xE0,0x0B,0x20}},
  {0x83DC, {0x00,0x00,0x19,0x80,0xFF,0xF0,0x19,0x80,0x7F,0xE0,0x24,0x40,0x20,0x80,0xFF,0xF0,0x1F,0x00,0x34,0xC0,0xC4,0x30,0x04,0x00}},
  {0x83F9, {0x00,0x00,0x10,0x80,0xFF,0xF0,0x10,0x80,0x6F,0xC0,0x08,0x40,0x8F,0xC0,0x48,0x40,0x0F,0xC0,0x28,0x40,0x48,0x40,0x5F,0xF0}},
  {0x83FD, {0x00,0x00,0x09,0x80,0xFF,0xF0,0x09,0x80,0x10,0x00,0x1F,0xE0,0x11,0x20,0xFD,0x60,0x55,0xC0,0x54,0xC0,0x91,0xC0,0x36,0x30}},
  {0x841C, {0x00,0x00,0x10,0x80,0xFF,0xF0,0x10,0x80,0x21,0x00,0x79,0xF0,0x69,0x00,0x6B,0xE0,0x6A,0x20,0x3A,0x20,0x23,0xE0,0x00,0x00}},
  {0x8425, {0x00,0x00,0x09,0x00,0xFF,0xF0,0x09,0x00,0x7F,0xE0,0x60,0x60,0x3F,0xC0,0x00,0x00,0x3F,0xC0,0x20,0x40,0x3F,0xC0,0x00,0x00}},
  {0x8428, {0x00,0x00,0x09,0x00,0xFF,0xF0,0x00,0x00,0x78,0x80,0x57,0xE0,0x52,0x40,0x57,0xF0,0x5C,0x00,0x74,0x00,0x4C,0x00,0x48,0x00}},
  {0x843D, {0x00,0x00,0x10,0x80,0xFF,0xF0,0x5C,0x80,0x27,0xE0,0x8E,0xC0,0x53,0x80,0x1C,0x70,0x2F,0xC0,0x48,0x40,0x4F,0xC0,0x00,0x00}},
  {0x843F, {0x00,0x00,0x10,0x80,0xFF,0xF0,0x40,0x00,0x6F,0xE0,0x01,0x00,0xDF,0xF0,0x01,0x00,0x2F,0xE0,0x68,0x20,0x48,0x20,0x8F,0xE0}},
  {0x8450, {0x00,0x00,0x10,0x80,0xFF,0xF0,0x09,0x00,0x30,0xC0,0xFF,0xF0,0x08,0x40,0x33,0x80,0x60,0x00,0x7F,0xE0,0x69,0x20,0xFF,0xF0}},
  {0x8457, {0x00,0x00,0x11,0x80,0xFF,0xF0,0x11,0x80,0x04,0x20,0x3F,0xC0,0x04,0x80,0xFF,0xF0,0x00,0x40,0xFF,0xC0,0x30,0x40,0x1F,0x80}},
  {0x8463, {0x00,0x00,0x09,0x00,0xFF,0xF0,0x09,0x80,0xFF,0xF0,0x62,0x20,0x7F,0xE0,0x62,0x20,0x62,0x20,0x3F,0xC0,0x02,0x00,0x7F,0xE0}},
  {0x8469, {0x00,0x00,0x09,0x00,0xFF,0xF0,0x20,0x00,0x27,0xE0,0x7E,0xA0,0x4E,0xA0,0x7F,0xE0,0x4E,0x00,0x4E,0x10,0x7E,0x10,0x4B,0xE0}},
  {0x846C, {0x00,0x00,0x09,0x00,0xFF,0xF0,0x21,0x00,0x7F,0xE0,0x65,0x00,0x19,0x30,0x31,0xE0,0x58,0x80,0xFF,0xF0,0x10,0x80,0x60,0x80}},
  {0x8482, {0x00,0x00,0x10,0x80,0xFF,0xF0,0x14,0x80,0x7F,0xE0,0x10,0x80,0x7F,0xE0,0x46,0x20,0x3F,0xC0,0x26,0x40,0x26,0xC0,0x06,0x00}},
  {0x8499, {0x00,0x00,0x09,0x00,0xFF,0xF0,0x00,0x00,0x7F,0xE0,0x40,0x20,0x7F,0xE0,0x3C,0x60,0xFF,0x80,0x72,0xC0,0xC2,0x60,0x0E,0x30}},
  {0x849C, {0x00,0x00,0x10,0x80,0xFF,0xF0,0x10,0x80,0x7F,0xE0,0x00,0x00,0xFF,0xF0,0x51,0xE0,0x5A,0xA0,0x56,0xA0,0x92,0x90,0x71,0x80}},
  {0x84B8, {0x00,0x00,0x09,0x00,0xFF,0xF0,0x00,0x00,0x3F,0xC0,0x03,0x20,0x7A,0xE0,0x3E,0x40,0xC0,0x30,0x3F,0xC0,0x40,0x00,0x49,0x20}},
  {0x84BD, {0x00,0x00,0x09,0x00,0xFF,0xF0,0x09,0x00,0x3F,0xC0,0x24,0x40,0x3F,0xC0,0x26,0x40,0x39,0xC0,0x3F,0xC0,0x54,0xB0,0x9F,0x80}},
  {0x84CD, {0x00,0x00,0x11,0x00,0x7F,0xF0,0x1D,0x20,0x3F,0xC0,0x05,0x80,0x7F,0xE0,0x1C,0x20,0xD0,0x20,0x3F,0xC0,0x20,0x40,0x3F,0xC0}},
  {0x84D8, {0x00,0x00,0x10,0x80,0xFF,0xF0,0x04,0x00,0xFF,0xF0,0x10,0x80,0x79,0x20,0x3F,0xC0,0x0E,0x40,0x31,0xC0,0xD6,0xE0,0x18,0x00}},
  {0x8500, {0x00,0x00,0x10,0x80,0xFF,0xF0,0x10,0x00,0x7F,0xE0,0x05,0xA0,0x2D,0xE0,0xFF,0xE0,0x01,0xA0,0x7F,0xB0,0x47,0xE0,0x7D,0x80}},
  {0x8513, {0x00,0x00,0x09,0x00,0xFF,0xF0,0x09,0x00,0x3F,0xC0,0x20,0x40,0x7F,0xE0,0x49,0x20,0x7F,0xE0,0x19,0x80,0x0F,0x00,0x70,0xE0}},
  {0x8563, {0x00,0x00,0x11,0x80,0xFF,0xF0,0x01,0x80,0x7F,0xE0,0x24,0x40,0x7F,0xE0,0x20,0xA0,0x7F,0xF0,0xEA,0x80,0x33,0xF0,0x60,0x80}},
  {0x856B, {0x00,0x00,0x10,0x80,0xFF,0xF0,0x7F,0xE0,0x18,0x80,0xFF,0xF0,0x22,0x40,0x3F,0xC0,0x22,0x40,0x7F,0xE0,0x02,0x00,0xFF,0xF0}},
  {0x8584, {0x00,0x00,0x09,0x00,0xFF,0xF0,0x49,0x00,0x21,0x40,0x9F,0xE0,0x41,0x20,0x0F,0xE0,0x01,0x20,0x5F,0xF0,0x4C,0x40,0x45,0xC0}},
  {0x85A1, {0x00,0x00,0x09,0x00,0xFF,0xF0,0x00,0x00,0x1F,0x80,0x50,0xA0,0x4F,0xA0,0x79,0xE0,0x09,0x00,0xF9,0xE0,0x29,0x20,0x49,0x20}},
  {0x85AA, {0x00,0x00,0x09,0x00,0xFF,0xF0,0x18,0x00,0x7D,0xE0,0x49,0x00,0xFF,0xF0,0x11,0x40,0xFE,0x40,0x5A,0x40,0xD6,0x40,0x74,0x40}},
  {0x85CF, {0x00,0x00,0x09,0x00,0xFF,0xF0,0x09,0x20,0x40,0xA0,0x7F,0xF0,0x6A,0x20,0x2F,0x60,0xE9,0x40,0x6F,0x50,0x6A,0xD0,0xAF,0x20}},
  {0x85E4, {0x00,0x00,0x09,0x00,0xFF,0xF0,0x00,0x00,0x73,0x40,0x57,0xE0,0x71,0x00,0x5F,0xF0,0x76,0x60,0x53,0xC0,0x57,0xE0,0xB3,0x00}},
  {0x85FB, {0x00,0x00,0x10,0x80,0xFF,0xF0,0x10,0x80,0x6F,0xC0,0x08,0x40,0x9F,0xE0,0x51,0x20,0x1F,0xF0,0x47,0x80,0x4D,0x40,0x51,0x30}},
  {0x864C, {0x00,0x00,0x09,0x00,0xFF,0xF0,0x15,0x00,0x7D,0xF0,0x7F,0xC0,0x4A,0x40,0x7B,0xE0,0x4A,0x20,0x7B,0xE0,0x0A,0x10,0x07,0xE0}},
  {0x864E, {0x00,0x00,0x04,0x00,0x07,0xE0,0x04,0x00,0x7F,0xF0,0x44,0xF0,0x4F,0x00,0x77,0xE0,0x40,0x00,0x4F,0x90,0xC8,0x90,0xB0,0xE0}},
  {0x8650, {0x00,0x00,0x07,0xE0,0x04,0x00,0x7F,0xF0,0x44,0x10,0x7D,0x90,0x44,0x00,0x4F,0xE0,0x48,0x00,0x7F,0xF0,0x48,0x00,0x8F,0xE0}},
  {0x865A, {0x00,0x00,0x04,0x00,0x07,0xE0,0x04,0x00,0x7F,0xF0,0x45,0xD0,0x4E,0x00,0x77,0xE0,0x40,0x00,0x55,0x20,0xD5,0xC0,0xBF,0xF0}},
  {0x865E, {0x00,0x00,0x07,0xE0,0x04,0x00,0x7F,0xF0,0x44,0x30,0x7E,0x00,0x44,0x20,0x5F,0xE0,0x50,0x20,0xBF,0xF0,0x0C,0x80,0x30,0x70}},
  {0x866B, {0x00,0x00,0x06,0x00,0x06,0x00,0x7F,0xE0,0x46,0x20,0x46,0x20,0x46,0x20,0x7F,0xE0,0x46,0x00,0x06,0x40,0x06,0x60,0xFF,0xB0}},
  {0x867A, {0x00,0x00,0xFD,0x00,0x51,0x00,0x57,0xE0,0x55,0x20,0x57,0xE0,0x55,0x00,0x51,0x40,0x57,0xE0,0x50,0x30,0x50,0x30,0x8F,0xE0}},
  {0x86C2, {0x00,0x00,0x21,0x40,0x21,0x40,0x7F,0xF0,0x6A,0x00,0x6B,0xE0,0x6A,0x20,0x7F,0x40,0x25,0xC0,0x2C,0x80,0xFB,0x60,0x06,0x30}},
  {0x86C7, {0x00,0x00,0x20,0x80,0x20,0x80,0x7F,0xF0,0x28,0x10,0x28,0x00,0x2A,0x20,0x7A,0xC0,0x23,0x90,0x2A,0x10,0x3A,0x30,0xFB,0xE0}},
  {0x86C8, {0x00,0x00,0x20,0x80,0x22,0x80,0x7F,0xE0,0x6C,0x80,0x68,0x80,0x7F,0xF0,0x21,0x80,0x29,0x40,0x3B,0x40,0xC6,0x20,0x04,0x10}},
  {0x86E4, {0x00,0x00,0x20,0x80,0x21,0x40,0x7A,0x20,0x2C,0x10,0x2B,0xE0,0x28,0x00,0x7B,0xE0,0x22,0x20,0x2A,0x20,0x3B,0xE0,0xFA,0x20}},
  {0x8700, {0x00,0x00,0x7F,0xE0,0x49,0x20,0x7F,0xE0,0x20,0x00,0x7F,0xE0,0x44,0x20,0xFF,0xA0,0x44,0xA0,0x7F,0xA0,0x05,0xA0,0xFF,0xC0}},
  {0x870A, {0x00,0x00,0x23,0x20,0x26,0x60,0xF2,0x60,0xBF,0xE0,0xB2,0x60,0xB7,0x60,0xF7,0xE0,0x26,0x60,0x3A,0x20,0x32,0x20,0xEA,0x60}},
  {0x8721, {0x00,0x00,0x22,0x40,0x27,0xE0,0x7A,0x40,0x2F,0xF0,0x28,0x00,0x2F,0xE0,0x7C,0x20,0x27,0xE0,0x2C,0x20,0xFF,0xE0,0x08,0x00}},
  {0x872E, {0x00,0x00,0x20,0xA0,0x20,0x80,0x77,0xF0,0x30,0x80,0x37,0xA0,0x35,0xA0,0x76,0xE0,0x30,0x40,0x33,0xD0,0xFD,0xD0,0x01,0x30}},
  {0x878D, {0x00,0x00,0x00,0x00,0x7C,0x40,0x00,0x40,0x7D,0xE0,0x45,0x60,0x7D,0x60,0x6D,0x60,0x6D,0xE0,0x7C,0x60,0x54,0x60,0x54,0x70}},
  {0x87A3, {0x00,0x00,0x75,0x20,0x55,0x40,0x57,0xE0,0x7F,0xF0,0x54,0x60,0x5F,0xF0,0x75,0x20,0x57,0xE0,0x55,0x20,0xD1,0xE0,0xB7,0x00}},
  {0x87C0, {0x00,0x00,0x20,0x80,0x27,0xF0,0x7D,0x60,0x75,0xA0,0x73,0x20,0x75,0x60,0x23,0xD0,0x30,0x80,0x3F,0xF0,0xF8,0x80,0x00,0x80}},
  {0x87D8, {0x00,0x00,0x22,0xA0,0x24,0xE0,0x7D,0xC0,0x34,0x60,0x37,0xE0,0x34,0x20,0x77,0xE0,0x34,0x20,0x37,0xE0,0xF6,0x60,0x0C,0x30}},
  {0x87DE, {0x00,0x00,0x54,0x80,0x55,0xF0,0x7F,0xA0,0x7C,0xC0,0x17,0x00,0x3F,0xC0,0x22,0x40,0x3F,0xC0,0x02,0x40,0x07,0xE0,0x78,0x20}},
  {0x8808, {0x00,0x00,0x78,0xA0,0x48,0xA0,0x7F,0xF0,0x4F,0xE0,0x7A,0xC0,0x55,0xD0,0x48,0x20,0x3F,0xC0,0x04,0x60,0x07,0xE0,0x78,0x10}},
  {0x8822, {0x00,0x00,0x04,0x00,0x7F,0xE0,0x08,0x00,0x7F,0xE0,0x3E,0xF0,0xFF,0xC0,0x20,0x40,0x7F,0xE0,0x56,0xA0,0x56,0xA0,0xFF,0xF0}},
  {0x8840, {0x00,0x00,0x04,0x00,0x0C,0x00,0x7F,0xE0,0x69,0x60,0x69,0x60,0x69,0x60,0x69,0x60,0x69,0x60,0x69,0x60,0x69,0x60,0xFF,0xF0}},
  {0x8844, {0x00,0x00,0x23,0xE0,0x7D,0xA0,0x35,0x20,0x35,0x20,0x35,0x20,0x37,0xE0,0x35,0x20,0x3D,0x20,0x3D,0x20,0x71,0x20,0xC3,0xF0}},
  {0x8849, {0x00,0x00,0x21,0x00,0x7D,0xE0,0x37,0x20,0x35,0xC0,0x35,0xC0,0x36,0x30,0x37,0xE0,0x36,0x20,0x36,0x20,0x7E,0x20,0xE3,0xE0}},
  {0x884C, {0x00,0x00,0x17,0xE0,0x60,0x00,0xC0,0x00,0x10,0x00,0x3F,0xF0,0x60,0xC0,0xA0,0xC0,0x20,0xC0,0x20,0xC0,0x20,0xC0,0x23,0x80}},
  {0x8857, {0x00,0x00,0x24,0x00,0x24,0xF0,0x4F,0x00,0xB4,0x00,0x3F,0xF0,0x64,0x20,0xE4,0x20,0x2F,0x20,0x24,0x20,0x27,0x60,0x3C,0xC0}},
  {0x8860, {0x00,0x00,0x24,0x70,0x3F,0x00,0x7F,0x00,0x29,0x00,0x4F,0xF0,0xC9,0x20,0xCF,0x20,0x49,0x20,0x5F,0xA0,0x4B,0x20,0x50,0xE0}},
  {0x8863, {0x00,0x00,0x04,0x00,0x02,0x00,0xFF,0xF0,0x06,0x00,0x0A,0x20,0x12,0x40,0x71,0x80,0xD1,0x80,0x10,0xC0,0x1E,0x60,0x18,0x30}},
  {0x8865, {0x00,0x00,0x21,0x00,0x31,0x00,0xF9,0x00,0x11,0x80,0x35,0xC0,0x69,0x20,0x79,0x30,0xB9,0x00,0x25,0x00,0x21,0x00,0x21,0x00}},
  {0x8868, {0x00,0x00,0x06,0x00,0x7F,0xE0,0x06,0x00,0x7F,0xE0,0x06,0x00,0xFF,0xF0,0x0A,0x20,0x1A,0xC0,0x31,0x80,0xDE,0xC0,0x18,0x30}},
  {0x8869, {0x00,0x00,0x2F,0xE0,0x24,0x20,0xF5,0x20,0x36,0xA0,0x2A,0x40,0x72,0x40,0xB1,0x80,0x29,0x80,0x23,0xC0,0x26,0x60,0x28,0x30}},
  {0x886B, {0x00,0x00,0x20,0x20,0x20,0xC0,0xF3,0x00,0x10,0x20,0x20,0x60,0x79,0x80,0xB2,0x00,0x28,0x30,0x20,0xC0,0x23,0x80,0x2C,0x00}},
  {0x8870, {0x00,0x00,0x06,0x00,0x7F,0xE0,0x00,0x00,0x3F,0xC0,0x20,0x40,0xFF,0xF0,0x20,0x40,0x3F,0xC0,0x1A,0x40,0xF7,0x80,0x18,0x60}},
  {0x8885, {0x00,0x00,0x04,0x00,0x3F,0xC0,0x24,0x40,0x25,0xC0,0x3F,0xE0,0x04,0x20,0xFF,0xF0,0x1A,0x00,0x31,0xC0,0xD6,0xC0,0x18,0x70}},
  {0x8896, {0x00,0x00,0x21,0x00,0x21,0x00,0xF7,0xE0,0x25,0x20,0x3D,0x20,0x77,0xE0,0xBD,0x20,0x25,0x20,0x25,0x20,0x27,0xE0,0x24,0x20}},
  {0x88C3, {0x00,0x00,0x21,0x00,0x21,0xE0,0xF1,0x00,0x11,0x00,0x27,0xF0,0x68,0x00,0xFF,0xF0,0x39,0x00,0x21,0xC0,0x21,0x20,0x21,0x00}},
  {0x88C5, {0x00,0x00,0x10,0x80,0x50,0x80,0x3F,0xF0,0x30,0x80,0x57,0xE0,0x14,0x00,0xFF,0xF0,0x0A,0x20,0x32,0xC0,0xD7,0x80,0x18,0xC0}},
  {0x88C9, {0x00,0x00,0x27,0xE0,0x24,0x20,0xF4,0x20,0x37,0xE0,0x3F,0xE0,0x75,0x00,0xF4,0xA0,0xB4,0xC0,0x24,0x40,0x27,0x60,0x26,0x30}},
  {0x88D8, {0x00,0x00,0x06,0x80,0xFF,0xF0,0x66,0x60,0x16,0x80,0x7F,0x80,0x02,0x60,0xFF,0xF0,0x0A,0x40,0x31,0x80,0xDE,0x80,0x18,0x70}},
  {0x88D9, {0x00,0x00,0x27,0xE0,0x22,0x20,0xFF,0xF0,0x22,0x20,0x37,0xE0,0x76,0x00,0xB7,0xE0,0x2E,0x20,0x2A,0x20,0x23,0xE0,0x00,0x00}},
  {0x88E4, {0x00,0x00,0x40,0x80,0x2F,0xF0,0xF9,0x00,0x2F,0xF0,0x7B,0x80,0x7A,0x80,0xBB,0xE0,0x28,0x80,0x2F,0xF0,0x28,0x80,0x30,0x80}},
  {0x88E6, {0x00,0x00,0x06,0x00,0xFF,0xF0,0x7B,0xE0,0x41,0xC0,0x7F,0xE0,0x43,0xA0,0x7C,0x80,0x05,0x80,0x3A,0x40,0xD0,0xC0,0x1C,0x30}},
  {0x8903, {0x00,0x00,0x20,0x80,0x24,0xE0,0xF4,0x80,0x2F,0xF0,0x2F,0xE0,0x74,0x20,0xB7,0xE0,0x24,0x20,0x27,0xE0,0x24,0x20,0x24,0xE0}},
  {0x8912, {0x00,0x00,0x04,0x00,0x7F,0xE0,0x28,0x60,0x6F,0xE0,0x61,0x00,0xFF,0xE0,0x25,0xC0,0x38,0x20,0x0E,0x40,0x73,0x80,0x1E,0xF0}},
  {0x892C, {0x00,0x00,0x47,0xE0,0x27,0xC0,0xF6,0x60,0x2F,0xF0,0x2E,0xA0,0x76,0xE0,0xB1,0x00,0x2F,0xF0,0x23,0xC0,0x2D,0x60,0x21,0x00}},
  {0x8931, {0x00,0x00,0x04,0x00,0xFF,0xF0,0x49,0x20,0x7F,0xE0,0x66,0x20,0x17,0xE0,0x71,0x80,0x06,0x70,0x3B,0xC0,0xD6,0xC0,0x18,0x30}},
  {0x8942, {0x00,0x00,0x41,0x00,0x27,0xE0,0xFE,0x40,0x24,0xA0,0x2F,0xF0,0x71,0x80,0xFD,0x60,0x36,0x80,0x23,0x20,0x21,0xC0,0x2E,0x00}},
  {0x8952, {0x00,0x00,0x44,0x40,0x0D,0x40,0xE4,0x70,0x2F,0x80,0x5D,0xE0,0x6F,0x60,0xFF,0x60,0x4F,0x60,0x4D,0x60,0x4D,0x70,0x43,0x90}},
  {0x8953, {0x00,0x00,0x41,0x00,0x27,0xE0,0xF1,0x00,0x2F,0xF0,0x32,0x40,0x7F,0xF0,0xB0,0x00,0x2F,0xF0,0x22,0x90,0x24,0x90,0x28,0x60}},
  {0x897F, {0x00,0x00,0xFF,0xF0,0x09,0x00,0x09,0x00,0x7F,0xE0,0x49,0x20,0x59,0x20,0x71,0xE0,0x40,0x20,0x40,0x20,0x7F,0xE0,0x40,0x20}},
  {0x8981, {0x00,0x00,0x7F,0xE0,0x09,0x00,0x7F,0xE0,0x49,0x20,0x7F,0xE0,0x08,0x00,0xFF,0xF0,0x11,0x80,0x1F,0x00,0x0F,0x80,0x70,0x60}},
  {0x8983, {0x00,0x00,0xFF,0xF0,0x09,0x00,0x7F,0xE0,0x49,0x20,0x7F,0xE0,0x20,0x40,0x3F,0xC0,0x20,0x40,0xFF,0xF0,0x06,0x00,0x06,0x00}},
  {0x8985, {0x00,0x00,0x7D,0x00,0x21,0x00,0x7D,0xF0,0x26,0xD0,0x7D,0x40,0x21,0x60,0xFD,0x60,0x4A,0xA0,0x70,0xA0,0x39,0x20,0xC6,0xE0}},
  {0x89C1, {0x00,0x00,0x3F,0xC0,0x20,0x40,0x26,0x40,0x26,0x40,0x26,0x40,0x24,0x40,0x26,0x40,0x0E,0x10,0x1A,0x10,0x32,0x30,0x43,0xE0}},
  {0x89C2, {0x00,0x00,0x07,0xE0,0xF4,0x20,0x15,0xA0,0x55,0xA0,0x55,0xA0,0x35,0x20,0x35,0xA0,0x31,0x80,0x72,0x90,0x4C,0x90,0x88,0xE0}},
  {0x89C4, {0x00,0x00,0x27,0xE0,0x24,0x20,0xFD,0x20,0x25,0x20,0x25,0x20,0xFD,0x20,0x25,0xA0,0x31,0x80,0x4A,0x90,0x44,0x90,0x8C,0xE0}},
  {0x89C6, {0x00,0x00,0x27,0xE0,0x24,0x20,0xF5,0x20,0x35,0x20,0x25,0x20,0x75,0x20,0xBD,0xA0,0x25,0xA0,0x22,0x80,0x24,0x90,0x28,0xF0}},
  {0x89C8, {0x00,0x00,0x59,0x00,0x5B,0xF0,0x5F,0x00,0x5C,0xC0,0x00,0x20,0x3F,0xC0,0x20,0x40,0x26,0x40,0x26,0x50,0x1A,0x30,0x63,0xE0}},
  {0x89C9, {0x00,0x00,0x24,0x40,0x22,0xC0,0xFF,0xF0,0xC0,0x30,0x3F,0xC0,0x20,0x40,0x24,0x40,0x26,0x40,0x0E,0x10,0x1A,0x30,0xE3,0xE0}},
  {0x89D1, {0x00,0x00,0x11,0xE0,0x1F,0x20,0x11,0xA0,0x7F,0xA0,0x57,0xA0,0x57,0xA0,0x7F,0xE0,0x5D,0xE0,0x59,0x50,0xFD,0x50,0xFE,0x60}},
  {0x89D2, {0x10,0x00,0x1F,0x80,0x21,0x00,0x7F,0xE0,0xE2,0x20,0x22,0x20,0x3F,0xE0,0x22,0x20,0x62,0x20,0x7F,0xE0,0x42,0x20,0x42,0xE0}},
  {0x89E3, {0x00,0x00,0x23,0xE0,0x79,0x20,0x51,0x20,0xFE,0xE0,0x55,0xC0,0x7F,0xC0,0x57,0xF0,0x7E,0xC0,0x57,0xF0,0xCC,0xC0,0x98,0xC0}},
  {0x89E6, {0x00,0x00,0x20,0x80,0x78,0x80,0x53,0xE0,0xFE,0xA0,0x56,0xA0,0x7E,0xA0,0x57,0xE0,0x7E,0x80,0x54,0xA0,0xDC,0xE0,0x9B,0x10}},
  {0x8A00, {0x00,0x00,0x06,0x00,0xFF,0xF0,0x00,0x00,0x7F,0xE0,0x00,0x00,0x7F,0xE0,0x00,0x00,0x3F,0xC0,0x20,0x40,0x3F,0xC0,0x20,0x40}},
  {0x8A6A, {0x00,0x00,0x27,0xE0,0xFC,0x20,0x04,0x20,0x77,0xE0,0x04,0x20,0x77,0xE0,0x05,0xA0,0x74,0xE0,0x54,0xC0,0x77,0x60,0x46,0x10}},
  {0x8A89, {0x00,0x00,0x24,0x40,0x22,0x80,0xFF,0xF0,0x14,0x80,0x7F,0xE0,0xC0,0x30,0x3F,0xC0,0x00,0x00,0x3F,0xC0,0x20,0x40,0x1F,0x80}},
  {0x8A99, {0x00,0x00,0x27,0xF0,0xFA,0x80,0x70,0xA0,0x05,0x40,0x77,0xE0,0x02,0xA0,0x70,0x00,0x57,0xE0,0x50,0x80,0x70,0x80,0x5F,0xF0}},
  {0x8A9C, {0x00,0x00,0x21,0x00,0xFA,0x40,0x77,0xE0,0x02,0x00,0x74,0x60,0x03,0x10,0x73,0xE0,0x16,0x40,0x11,0xC0,0x73,0xC0,0x0C,0x30}},
  {0x8B5B, {0x00,0x00,0x20,0x40,0xFE,0xE0,0x00,0x40,0x7F,0xF0,0x06,0x60,0x78,0x90,0x07,0xE0,0x74,0x20,0x17,0xE0,0x14,0x20,0x77,0xE0}},
  {0x8B66, {0x00,0x00,0x29,0x80,0xFF,0xF0,0x44,0xA0,0xF4,0xC0,0x5D,0xA0,0x42,0x00,0x7F,0xF0,0x00,0x00,0x3F,0xC0,0x20,0x40,0x3F,0xC0}},
  {0x8B73, {0x00,0x00,0x27,0xE0,0xF1,0x00,0x0F,0xF0,0x71,0x00,0x07,0xE0,0x70,0x00,0x0F,0xF0,0x71,0x00,0x1F,0xE0,0x7A,0xA0,0x18,0x60}},
  {0x8BA1, {0x00,0x00,0x41,0x00,0x61,0x00,0x21,0x00,0x01,0x00,0xEF,0xF0,0x21,0x00,0x21,0x00,0x21,0x00,0x29,0x00,0x31,0x00,0x21,0x00}},
  {0x8BA9, {0x00,0x00,0x21,0x00,0x21,0x00,0x11,0x00,0x01,0x00,0xE1,0xE0,0x21,0x00,0x21,0x00,0x21,0x00,0x29,0x00,0x31,0x00,0x2F,0xF0}},
  {0x8BAD, {0x00,0x00,0x44,0x20,0x25,0xA0,0x25,0xA0,0x05,0xA0,0xE5,0xA0,0x65,0xA0,0x65,0xA0,0x75,0xA0,0x79,0xA0,0x49,0xA0,0x10,0x20}},
  {0x8BAE, {0x00,0x00,0x42,0x00,0x69,0x20,0x29,0x20,0x08,0x60,0xE4,0x40,0x24,0x40,0x22,0x80,0x23,0x80,0x73,0x80,0x7C,0xC0,0x18,0x30}},
  {0x8BB0, {0x00,0x00,0x4F,0xE0,0x60,0x20,0x20,0x20,0x00,0x20,0xE7,0xE0,0x24,0x00,0x24,0x00,0x24,0x10,0x3C,0x10,0x34,0x30,0x67,0xE0}},
  {0x8BB3, {0x00,0x00,0x41,0x00,0x61,0x00,0x3F,0xF0,0x01,0x00,0xEF,0xE0,0x21,0x00,0x3F,0xE0,0x21,0x20,0x31,0x20,0x31,0xE0,0x61,0x00}},
  {0x8BB7, {0x00,0x00,0x41,0x00,0x2F,0xE0,0x09,0x20,0xE9,0x20,0x29,0xA0,0x29,0xA0,0x2A,0x60,0x2C,0x60,0x38,0x20,0x38,0x20,0x48,0xE0}},
  {0x8BB8, {0x00,0x00,0x44,0x00,0x64,0x00,0x2F,0xE0,0x09,0x00,0xE9,0x00,0x21,0x00,0x2F,0xF0,0x21,0x00,0x29,0x00,0x31,0x00,0x61,0x00}},
  {0x8BB9, {0x00,0x00,0x45,0x00,0x65,0x00,0x2D,0x20,0x0D,0x20,0xDD,0xC0,0x5D,0x80,0x4D,0x80,0x4F,0x10,0x4D,0x10,0x7D,0xB0,0x6C,0xE0}},
  {0x8BBA, {0x00,0x00,0x41,0x00,0x63,0x80,0x26,0xC0,0x0C,0x60,0xE8,0x30,0x24,0x40,0x25,0x80,0x27,0x20,0x24,0x20,0x34,0x20,0x67,0xC0}},
  {0x8BBE, {0x00,0x00,0x47,0xC0,0x24,0x40,0x24,0x40,0x08,0x70,0xE0,0x00,0x2F,0xE0,0x24,0x40,0x22,0xC0,0x33,0x80,0x77,0xC0,0x18,0x30}},
  {0x8BBF, {0x00,0x00,0x41,0x00,0x61,0x00,0x2F,0xF0,0x02,0x00,0xE2,0x00,0x27,0xE0,0x26,0x20,0x24,0x20,0x34,0x20,0x6C,0x20,0x09,0xC0}},
  {0x8BC1, {0x00,0x00,0x4F,0xF0,0x61,0x80,0x21,0x80,0x01,0x80,0xE5,0x80,0x25,0xE0,0x25,0x80,0x35,0x80,0x75,0x80,0x65,0x80,0x1F,0xF0}},
  {0x8BC6, {0x00,0x00,0x6F,0xE0,0x3C,0x20,0x0C,0x20,0x0C,0x20,0xEC,0x20,0x2F,0xE0,0x2C,0x20,0x20,0x00,0x26,0x40,0x7C,0x60,0x78,0x30}},
  {0x8BC8, {0x00,0x00,0x46,0x00,0x64,0x00,0x2F,0xF0,0x09,0x00,0xE9,0x00,0x21,0xE0,0x21,0x00,0x21,0x00,0x29,0xF0,0x31,0x00,0x61,0x00}},
  {0x8BC9, {0x00,0x00,0x40,0xE0,0x27,0x80,0x24,0x00,0x04,0x00,0xE7,0xF0,0x64,0x80,0x77,0x80,0x7C,0xE0,0x68,0xF0,0x48,0x80,0x10,0x80}},
  {0x8BCD, {0x00,0x00,0x4F,0xE0,0x60,0x20,0x20,0x20,0x0F,0xE0,0xE0,0x20,0x6F,0xA0,0x68,0xA0,0x68,0xA0,0x6F,0xA0,0x78,0x20,0x60,0xE0}},
  {0x8BD7, {0x00,0x00,0x41,0x00,0x2F,0xE0,0x01,0x00,0x01,0x00,0xEF,0xF0,0x20,0x40,0x2F,0xF0,0x24,0x40,0x34,0x40,0x70,0x40,0x63,0xC0}},
  {0x8BD8, {0x00,0x00,0x41,0x00,0x7F,0xF0,0x21,0x00,0x01,0x00,0xEF,0xE0,0x20,0x00,0x2F,0xE0,0x28,0x20,0x38,0x20,0x7F,0xE0,0x48,0x20}},
  {0x8BDB, {0x00,0x00,0x41,0x00,0x65,0x00,0x2F,0xE0,0x09,0x00,0xE1,0x00,0x6F,0xF0,0x63,0x80,0x75,0x00,0x75,0x40,0x69,0x20,0x11,0x10}},
  {0x8BDD, {0x00,0x00,0x41,0xE0,0x6F,0x80,0x21,0x00,0x1F,0xF0,0xE1,0x00,0x21,0x00,0x2F,0xE0,0x2C,0x20,0x2C,0x20,0x3F,0xE0,0x6C,0x20}},
  {0x8BE5, {0x00,0x00,0x41,0x00,0x61,0x00,0x2F,0xF0,0x06,0x00,0xEC,0x40,0x6F,0x80,0x61,0x20,0x66,0x40,0x7D,0x80,0x67,0x40,0x4C,0x20}},
  {0x8BE6, {0x00,0x00,0x44,0x40,0x66,0xC0,0x2F,0xF0,0x01,0x00,0xE1,0x00,0x2F,0xE0,0x21,0x00,0x3F,0xF0,0x31,0x00,0x71,0x00,0x41,0x00}},
  {0x8BED, {0x00,0x00,0x4F,0xE0,0x62,0x00,0x2F,0xC0,0x06,0x40,0xFF,0xF0,0x60,0x00,0x6F,0xE0,0x68,0x20,0x78,0x20,0x7F,0xE0,0x48,0x20}},
  {0x8BEF, {0x00,0x00,0x4F,0xE0,0x28,0x20,0x0F,0xE0,0x00,0x00,0xEF,0xE0,0x61,0x00,0x7F,0xF0,0x63,0x80,0x72,0x80,0x7C,0x60,0x58,0x30}},
  {0x8BF2, {0x00,0x00,0x44,0x00,0x67,0xF0,0x28,0x00,0x1F,0xE0,0xE4,0x20,0x7F,0xF0,0x68,0x20,0x69,0x20,0x7F,0xF0,0x70,0x40,0x61,0xC0}},
  {0x8BF4, {0x00,0x00,0x44,0x40,0x66,0x80,0x2F,0xE0,0x08,0x20,0xE8,0x20,0x6F,0xE0,0x62,0x80,0x62,0x80,0x74,0x90,0x7C,0x90,0x58,0xE0}},
  {0x8BF6, {0x00,0x00,0x43,0x00,0x62,0x40,0x24,0x60,0x0F,0xE0,0xE4,0x10,0x2F,0xE0,0x29,0x00,0x2F,0xF0,0x33,0x80,0x36,0x40,0x58,0x30}},
  {0x8BF7, {0x00,0x00,0x41,0x00,0x6F,0xF0,0x21,0x00,0x0F,0xE0,0xE1,0x00,0x3F,0xF0,0x28,0x20,0x2F,0xE0,0x28,0x20,0x3F,0xE0,0x68,0x20}},
  {0x8BF9, {0x00,0x00,0x5F,0x00,0x4A,0xE0,0x0A,0xA0,0xCE,0xA0,0x4A,0xA0,0x4E,0xA0,0x4A,0xE0,0x4A,0x40,0x7F,0xC0,0x5A,0xA0,0x03,0x10}},
  {0x8BFA, {0x00,0x00,0x44,0x40,0x3F,0xF0,0x04,0x40,0x03,0x00,0xDF,0xF0,0x44,0x00,0x4F,0xE0,0x54,0x20,0x44,0x20,0x77,0xE0,0x64,0x20}},
  {0x8BFB, {0x00,0x00,0x41,0x00,0x6F,0xE0,0x21,0x00,0x1F,0xF0,0xE4,0x30,0x6A,0x80,0x64,0x80,0x7F,0xF0,0x61,0x80,0x76,0xC0,0x7C,0x20}},
  {0x8BFE, {0x00,0x00,0x4F,0xE0,0x69,0x20,0x2F,0xE0,0x09,0x20,0xCF,0xE0,0x41,0x00,0x5F,0xF0,0x43,0x80,0x55,0x40,0x79,0x60,0x51,0x10}},
  {0x8C03, {0x00,0x00,0x4F,0xE0,0x29,0x20,0x0B,0xE0,0xC9,0x20,0x4F,0xE0,0x48,0x20,0x4B,0xA0,0x7A,0xA0,0x7B,0xA0,0x12,0x20,0x10,0xE0}},
  {0x8C04, {0x00,0x00,0x42,0x00,0x67,0xE0,0x2C,0x40,0x08,0x80,0xEE,0xE0,0x28,0x20,0x2E,0xE0,0x38,0x20,0x78,0x20,0x6F,0xE0,0x00,0x00}},
  {0x8C08, {0x00,0x00,0x41,0x00,0x29,0x20,0x25,0x40,0x06,0xC0,0xEC,0x20,0x61,0x00,0x69,0x20,0x65,0xC0,0x73,0x80,0x76,0x60,0x58,0x30}},
  {0x8C0B, {0x00,0x00,0x44,0x40,0x6F,0xE0,0x24,0x40,0x07,0xC0,0xE4,0x40,0x27,0xC0,0x21,0x00,0x3F,0xF0,0x37,0x80,0x6D,0x60,0x19,0x30}},
  {0x8C13, {0x00,0x00,0x4F,0xE0,0x29,0x20,0x0F,0xE0,0xE9,0x20,0x6F,0xE0,0x68,0x20,0x6F,0xE0,0x68,0x20,0x7F,0xE0,0x68,0x20,0x08,0xE0}},
  {0x8C15, {0x00,0x00,0x43,0x80,0x66,0xC0,0x3F,0xF0,0x00,0x00,0xCE,0xA0,0x4A,0xA0,0x4E,0xA0,0x4A,0xA0,0x7E,0xA0,0x6A,0x20,0x4E,0xE0}},
  {0x8C2C, {0x00,0x00,0x4E,0xE0,0x6A,0xA0,0x2E,0xE0,0x0F,0xA0,0xC3,0x20,0x4C,0xC0,0x70,0x30,0x43,0x60,0x7C,0xC0,0x67,0x00,0x0C,0x00}},
  {0x8C2E, {0x00,0x00,0x4F,0xE0,0x64,0x40,0x0F,0xE0,0x0E,0xD0,0xEF,0xA0,0x71,0x00,0x6F,0xE0,0x68,0x20,0x7F,0xE0,0x68,0x20,0x67,0xC0}},
  {0x8C31, {0x00,0x00,0x44,0x40,0x6F,0xE0,0x0A,0xA0,0x0A,0xC0,0xDF,0xF0,0x40,0x00,0x4F,0xE0,0x48,0x20,0x7F,0xE0,0x68,0x20,0x0F,0xE0}},
  {0x8C37, {0x00,0x00,0x09,0x80,0x30,0xC0,0x46,0x20,0x0F,0x00,0x19,0x80,0x20,0xC0,0xFF,0xF0,0x20,0x40,0x20,0x40,0x3F,0xC0,0x20,0x40}},
  {0x8C46, {0x00,0x00,0x7F,0xE0,0x00,0x00,0x3F,0xC0,0x20,0x40,0x20,0x40,0x3F,0xC0,0x20,0x40,0x10,0x80,0x18,0x80,0x09,0x00,0xFF,0xF0}},
  {0x8C61, {0x00,0x00,0x08,0x00,0x1F,0x80,0x61,0x80,0xFF,0xE0,0x46,0x20,0x7F,0xE0,0x1C,0x00,0xEF,0xC0,0x36,0x80,0x1B,0x40,0xEE,0x30}},
  {0x8C64, {0x00,0x00,0xFF,0xE0,0x22,0x20,0x66,0x20,0xEF,0xE0,0x32,0x20,0xF3,0xE0,0x3E,0xA0,0x76,0xE0,0x92,0x40,0x17,0x60,0x66,0x10}},
  {0x8C6B, {0x00,0x00,0x7B,0xC0,0x14,0x80,0x67,0xE0,0x25,0x20,0xFF,0xE0,0x37,0x20,0x2B,0xC0,0x27,0xC0,0x29,0xA0,0x26,0x90,0xCB,0x80}},
  {0x8C89, {0x00,0x00,0x31,0x00,0xC3,0xE0,0x5E,0x60,0x75,0xC0,0xD1,0xC0,0x36,0x30,0x5B,0xE0,0x3A,0x20,0x4A,0x20,0x1B,0xE0,0x72,0x20}},
  {0x8CA3, {0x00,0x00,0x09,0x00,0x0F,0xE0,0xFF,0x10,0x01,0xE0,0x3F,0xC0,0x20,0x40,0x3F,0xC0,0x20,0x40,0x3F,0xC0,0x39,0xC0,0x60,0x60}},
  {0x8D1F, {0x00,0x00,0x18,0x00,0x3F,0x80,0x61,0x00,0xFF,0xE0,0x22,0x60,0x22,0x60,0x22,0x60,0x26,0x60,0x05,0x80,0x18,0xC0,0x60,0x20}},
  {0x8D22, {0x00,0x00,0x78,0x40,0x48,0x40,0x5F,0xF0,0x58,0x40,0x58,0xC0,0x58,0xC0,0x79,0x40,0x6A,0x40,0x34,0x40,0x68,0x40,0xC1,0xC0}},
  {0x8D23, {0x00,0x00,0x06,0x00,0x7F,0xE0,0x06,0x00,0x3F,0xC0,0x06,0x00,0xFF,0xF0,0x00,0x00,0x3F,0xC0,0x26,0x40,0x0F,0x80,0xF8,0xE0}},
  {0x8D24, {0x00,0x00,0x5F,0xE0,0x5A,0x40,0x59,0xC0,0x5F,0x70,0x00,0x00,0x3F,0xC0,0x20,0x40,0x26,0x40,0x26,0x40,0x0F,0xC0,0x70,0x60}},
  {0x8D25, {0x00,0x00,0x79,0x00,0x4B,0x00,0x7B,0x00,0x7F,0xF0,0x7E,0x60,0x69,0x40,0x69,0x40,0x31,0x40,0x29,0x80,0x43,0xC0,0x86,0x30}},
  {0x8D26, {0x00,0x00,0x7A,0x20,0x4A,0x40,0x6A,0x80,0x6A,0x00,0x6F,0xF0,0x6A,0x80,0x6A,0x40,0x32,0x40,0x3A,0x20,0x4B,0x90,0x83,0x00}},
  {0x8D27, {0x00,0x00,0x12,0x60,0x23,0x80,0xEE,0x10,0x21,0xE0,0x00,0x00,0x3F,0xC0,0x26,0x40,0x26,0x40,0x27,0x40,0x1D,0xC0,0x70,0x20}},
  {0x8D28, {0x00,0x00,0x00,0xE0,0x7F,0x00,0x43,0x00,0x7F,0xF0,0x43,0x00,0x5F,0xE0,0x53,0x20,0x53,0x20,0x53,0x20,0x46,0xC0,0xB8,0x30}},
  {0x8D2A, {0x00,0x00,0x07,0x00,0x19,0xC0,0xE6,0x30,0x3F,0x80,0x01,0x80,0x3F,0xC0,0x20,0x40,0x26,0x40,0x26,0x40,0x0F,0xC0,0x70,0x60}},
  {0x8D2B, {0x00,0x00,0x08,0x00,0x31,0x00,0x40,0x80,0x1F,0xF0,0x1B,0x80,0x60,0x00,0x3F,0xC0,0x20,0x40,0x24,0x40,0x07,0x00,0x78,0xE0}},
  {0x8D2C, {0x00,0x00,0x78,0x60,0x4F,0x80,0x69,0x00,0x68,0x80,0x6F,0xE0,0x68,0x60,0x68,0xC0,0x69,0x80,0x33,0x00,0x5F,0x00,0x81,0xF0}},
  {0x8D2F, {0x00,0x00,0x3F,0xC0,0x22,0x40,0x7F,0xF0,0x26,0x40,0x3F,0xC0,0x00,0x00,0x3F,0xC0,0x20,0x40,0x24,0x40,0x07,0x00,0x78,0xE0}},
  {0x8D34, {0x00,0x00,0x78,0x80,0x48,0x80,0x58,0xF0,0x58,0x80,0x58,0x80,0x58,0x80,0x6B,0xE0,0x32,0x20,0x2A,0x20,0x4F,0xE0,0x82,0x20}},
  {0x8D37, {0x00,0x00,0x12,0x40,0x33,0x60,0x6F,0x80,0xA1,0x90,0x20,0x60,0x3F,0xC0,0x22,0x40,0x26,0x40,0x26,0x40,0x1D,0x80,0x70,0x60}},
  {0x8D39, {0x00,0x00,0x09,0x00,0x7F,0xE0,0x09,0x20,0x7F,0xE0,0x49,0x00,0x7F,0xF0,0x11,0x20,0x7F,0xE0,0x26,0x40,0x27,0x40,0x78,0xE0}},
  {0x8D3C, {0x00,0x00,0x78,0xA0,0x48,0xA0,0x6F,0xF0,0x68,0x80,0x6A,0xA0,0x6A,0xA0,0x6F,0xC0,0x3A,0x40,0x32,0xD0,0x5D,0xD0,0x81,0x30}},
  {0x8D44, {0x00,0x00,0x44,0x00,0x2F,0xE0,0x11,0x20,0x63,0x80,0xCC,0x60,0x3F,0xC0,0x20,0x40,0x26,0x40,0x26,0x40,0x1F,0x80,0x70,0x60}},
  {0x8D4F, {0x00,0x00,0x36,0xC0,0x7F,0xE0,0x40,0x20,0x7F,0xE0,0x20,0x40,0x3F,0xC0,0x00,0x00,0x3F,0xC0,0x24,0x40,0x0C,0x00,0x71,0xE0}},
  {0x8D50, {0x00,0x00,0x7B,0xE0,0x4A,0x20,0x6B,0xE0,0x6A,0x20,0x6B,0xE0,0x6A,0x20,0x6E,0x00,0x67,0xE0,0x33,0xE0,0x55,0xA0,0x8B,0xE0}},
  {0x8D56, {0x00,0x00,0x11,0x00,0xFF,0xE0,0x12,0x40,0x7B,0xE0,0x5A,0x20,0x5A,0xA0,0x7A,0xA0,0x32,0xA0,0x78,0x80,0x9D,0x60,0x16,0x30}},
  {0x8D5B, {0x00,0x00,0x04,0x00,0x7F,0xE0,0x49,0x20,0x3F,0xC0,0x09,0x00,0x7F,0xE0,0x10,0x80,0x3F,0xE0,0xD4,0xB0,0x17,0xC0,0x78,0xE0}},
  {0x8D5E, {0x00,0x00,0x50,0x80,0x7F,0xE0,0x12,0x80,0x7F,0xF0,0x2D,0x40,0x4A,0x70,0xC0,0x00,0x3F,0xC0,0x22,0x40,0x27,0xC0,0x78,0xE0}},
  {0x8D60, {0x00,0x00,0x7A,0x40,0x4F,0xE0,0x6C,0x80,0x6E,0xE0,0x6F,0xE0,0x68,0x00,0x6B,0xE0,0x6A,0x20,0x33,0xE0,0x5A,0x20,0xCF,0xE0}},
  {0x8D66, {0x00,0x00,0x10,0x80,0x11,0x00,0x7D,0xF0,0x11,0x20,0xFF,0x20,0x29,0x60,0x6C,0xC0,0xEE,0xC0,0xAA,0xC0,0x49,0x60,0x9A,0x10}},
  {0x8D70, {0x00,0x00,0x04,0x00,0x04,0x00,0x3F,0xC0,0x04,0x00,0x04,0x00,0x7F,0xE0,0x02,0x00,0x23,0xE0,0x22,0x00,0x76,0x00,0xCF,0xF0}},
  {0x8D77, {0x00,0x00,0x13,0xE0,0x10,0x20,0x7C,0x20,0x13,0xE0,0x12,0x00,0xFE,0x00,0x52,0x10,0x5E,0x30,0x51,0xE0,0xF0,0x00,0x9F,0xF0}},
  {0x8D8A, {0x00,0x00,0x30,0xC0,0x30,0xA0,0x7F,0xF0,0x32,0x80,0xFE,0xA0,0x52,0xC0,0x53,0xD0,0x5F,0xF0,0x71,0x60,0xB0,0x00,0x8F,0xF0}},
  {0x8D8B, {0x00,0x00,0x21,0x00,0x23,0xC0,0x7E,0x40,0x24,0x40,0xFF,0xE0,0x10,0x20,0x53,0xE0,0x58,0x20,0x77,0xE0,0xF0,0x00,0x9F,0xF0}},
  {0x8DA3, {0x00,0x00,0x2F,0x00,0x25,0xE0,0x77,0x20,0x25,0xA0,0xFD,0x60,0x27,0x60,0x7D,0x60,0x67,0xE0,0x6D,0x80,0xF0,0x00,0x9F,0xF0}},
  {0x8DB3, {0x00,0x00,0x3F,0xC0,0x20,0x40,0x20,0x40,0x3F,0xC0,0x22,0x40,0x02,0x00,0x23,0xE0,0x22,0x00,0x62,0x00,0x5E,0x00,0x8F,0xF0}},
  {0x8DCB, {0x00,0x00,0x7B,0x40,0x4A,0x20,0x4F,0xF0,0x72,0x00,0x23,0xE0,0x62,0x20,0x7D,0x40,0x65,0x40,0x69,0x80,0x7B,0xC0,0xE4,0x30}},
  {0x8DCC, {0x00,0x00,0x7A,0x80,0x4A,0x80,0x4F,0xE0,0x78,0x80,0x20,0x80,0x67,0xF0,0x78,0x80,0x61,0x40,0x79,0x40,0xC2,0x20,0x04,0x10}},
  {0x8DD1, {0x00,0x00,0x7A,0x00,0x4B,0xE0,0x4C,0x20,0x7F,0xA0,0x64,0xA0,0x24,0xA0,0x7F,0xA0,0x64,0x20,0x65,0xD0,0x7C,0x30,0xE3,0xE0}},
  {0x8DDF, {0x00,0x00,0x7F,0xE0,0x4C,0x20,0x4F,0xE0,0x74,0x20,0x64,0x20,0x27,0xE0,0x7D,0x20,0x64,0xE0,0x64,0xC0,0x7F,0x60,0xE6,0x30}},
  {0x8DE8, {0x00,0x00,0x71,0x00,0x5F,0xF0,0x52,0x40,0x77,0xF0,0x68,0x00,0x27,0xE0,0x72,0x00,0x63,0xE0,0x60,0x60,0x78,0x40,0xE3,0xC0}},
  {0x8DE9, {0x00,0x00,0x70,0x80,0x57,0xE0,0x54,0xA0,0x77,0xE0,0x24,0xA0,0x24,0xA0,0x7F,0xE0,0x60,0xA0,0x60,0xD0,0xF3,0xD0,0x04,0x60}},
  {0x8DEF, {0x00,0x00,0x79,0x00,0x4B,0xE0,0x4E,0x60,0x79,0xC0,0x51,0xC0,0x16,0x30,0x5B,0xE0,0x52,0x20,0x52,0x20,0x7B,0xE0,0xC0,0x00}},
  {0x8DF3, {0x00,0x00,0x72,0x80,0x5A,0xA0,0x5E,0xA0,0x76,0xC0,0x62,0x80,0x22,0xC0,0x7E,0xA0,0x6A,0x80,0x66,0x90,0xFC,0x90,0x08,0x60}},
  {0x8E05, {0x00,0x00,0x20,0xE0,0x7B,0xC0,0x22,0x00,0x7B,0xF0,0x24,0x40,0x6C,0x40,0x3F,0xC0,0x20,0x40,0x3F,0xE0,0x76,0x00,0x1F,0xF0}},
  {0x8E35, {0x00,0x00,0x77,0xE0,0x51,0x00,0x5F,0xF0,0x71,0x00,0x27,0xE0,0x25,0x20,0x3F,0xE0,0x25,0x20,0x27,0xE0,0x71,0x00,0xCF,0xF0}},
  {0x8E39, {0x00,0x00,0x75,0x20,0x55,0x20,0x57,0xE0,0x70,0x00,0x2F,0xF0,0x21,0x00,0x3F,0xE0,0x24,0xA0,0x24,0xA0,0x7C,0xA0,0xFC,0xE0}},
  {0x8E48, {0x00,0x00,0x70,0x60,0x5F,0xC0,0x55,0x20,0x74,0xA0,0x26,0xE0,0x64,0x20,0x77,0xE0,0x64,0x20,0x64,0x20,0x7F,0xE0,0xE0,0x00}},
  {0x8E6D, {0x00,0x00,0x72,0x40,0x5F,0xE0,0x5F,0x60,0x7B,0xE0,0x27,0xE0,0x20,0x00,0x37,0xE0,0x24,0x20,0x27,0xE0,0x74,0x20,0xC3,0xC0}},
  {0x8E74, {0x00,0x00,0x74,0xA0,0x1F,0xA0,0x10,0x80,0x6F,0xF0,0x29,0xC0,0xB9,0xC0,0xAE,0xC0,0xAF,0xC0,0xF5,0xD0,0xD5,0x50,0x0D,0x20}},
  {0x8E76, {0x00,0x00,0x7F,0xF0,0x58,0xC0,0x5B,0x40,0x7F,0xF0,0x2D,0x00,0x3D,0x40,0x2D,0xC0,0x2B,0xC0,0x6A,0x60,0xFA,0xA0,0x14,0x90}},
  {0x8E7F, {0x00,0x00,0x71,0x00,0x5F,0xF0,0x5E,0x70,0x70,0x00,0x27,0xE0,0x34,0x20,0x27,0xE0,0x24,0x20,0x7F,0xE0,0xC0,0x00,0x00,0x00}},
  {0x8E81, {0x00,0x00,0x77,0xE0,0x54,0x20,0x5F,0xE0,0x78,0xE0,0x28,0xA0,0xB0,0xA0,0xA6,0xE0,0xAF,0xF0,0xF3,0x80,0xC7,0x40,0x09,0x30}},
  {0x8E9C, {0x00,0x00,0x7C,0xC0,0x1E,0xE0,0x1C,0x40,0x7C,0x40,0x2E,0xF0,0x23,0xA0,0x3F,0xE0,0x29,0x20,0x69,0x20,0xE3,0xC0,0x0C,0x30}},
  {0x8EAB, {0x00,0x00,0x04,0x00,0x3F,0xC0,0x20,0x40,0x3F,0xC0,0x20,0x40,0x3F,0xF0,0x20,0x60,0xFF,0xC0,0x03,0x40,0x1C,0x40,0x63,0x80}},
  {0x8EAC, {0x00,0x00,0x33,0xE0,0x7C,0x20,0x44,0x20,0x7F,0xE0,0x46,0x00,0x7E,0x00,0x47,0xE0,0xFC,0x20,0x1C,0x20,0x24,0x20,0xD9,0xE0}},
  {0x8EAF, {0x00,0x00,0x27,0xF0,0x7F,0x00,0x4F,0x20,0x7E,0xE0,0x4E,0xC0,0x7E,0xC0,0x4E,0xE0,0xFF,0x20,0x2F,0x20,0xCE,0x00,0x33,0xF0}},
  {0x8EB2, {0x00,0x00,0x23,0xC0,0x7A,0x40,0x4C,0x40,0x78,0x30,0x48,0x80,0x7F,0xF0,0x49,0xC0,0xFB,0xC0,0x3E,0xA0,0xCC,0x90,0x30,0x80}},
  {0x8F66, {0x00,0x00,0x08,0x00,0x08,0x00,0x7F,0xE0,0x10,0x00,0x22,0x00,0x3F,0xC0,0x02,0x00,0x02,0x00,0xFF,0xF0,0x02,0x00,0x02,0x00}},
  {0x8F68, {0x00,0x00,0x22,0x00,0x22,0x00,0xFA,0x00,0x47,0xC0,0x52,0x40,0x7A,0x40,0x12,0x40,0x3A,0x40,0xF2,0x50,0x16,0x50,0x14,0x60}},
  {0x8F69, {0x00,0x00,0x23,0xF0,0xF8,0x80,0x40,0x80,0x50,0x80,0x50,0x80,0xFF,0xF0,0x10,0x80,0x10,0x80,0x38,0x80,0xF0,0x80,0x10,0x80}},
  {0x8F6C, {0x00,0x00,0x20,0x80,0x21,0x00,0xFF,0xE0,0x41,0x00,0x57,0xF0,0x52,0x00,0xFB,0xE0,0x10,0x60,0xFF,0x40,0x11,0x80,0x10,0x40}},
  {0x8F6E, {0x00,0x00,0x21,0x80,0x21,0x80,0xFA,0x40,0x44,0x60,0x5C,0x30,0xD2,0x40,0xFA,0x80,0x13,0x00,0xFA,0x20,0x12,0x20,0x13,0xE0}},
  {0x8F70, {0x00,0x00,0x08,0x00,0x7F,0xE0,0x22,0x00,0x3F,0xE0,0x02,0x00,0xFF,0xF0,0x02,0x00,0x7F,0xE0,0x69,0x40,0x39,0xC0,0xEF,0x70}},
  {0x8F74, {0x00,0x00,0x20,0x80,0x20,0x80,0xFF,0xE0,0x44,0xA0,0x74,0xA0,0xFF,0xE0,0x34,0xA0,0xFC,0xA0,0x34,0xA0,0x37,0xE0,0x34,0x20}},
  {0x8F7B, {0x00,0x00,0x27,0xE0,0x20,0x40,0xF8,0x80,0x63,0x60,0x64,0x30,0xF8,0x00,0x27,0xE0,0x38,0x80,0x70,0x80,0xA0,0x80,0x2F,0xF0}},
  {0x8F7D, {0x00,0x00,0x11,0x40,0x7D,0x20,0x11,0x00,0xFF,0xF0,0x31,0x00,0x7F,0x20,0x51,0x40,0x7E,0xC0,0x1E,0x90,0x3B,0xD0,0x52,0x60}},
  {0x8F7E, {0x00,0x00,0x27,0xF0,0xF9,0x00,0x42,0x40,0x66,0x60,0x67,0xE0,0xF8,0x80,0x20,0x80,0x37,0xE0,0xF8,0x80,0x20,0x80,0x2F,0xF0}},
  {0x8F88, {0x00,0x00,0x09,0x00,0xF9,0xF0,0x09,0x00,0x79,0xF0,0x09,0x00,0x7F,0xE0,0x32,0x00,0x3F,0xE0,0x02,0x00,0xFF,0xF0,0x02,0x00}},
  {0x8F8D, {0x00,0x00,0x4F,0xF0,0xF2,0xA0,0x46,0x60,0x66,0x60,0xAB,0x90,0xFF,0xF0,0x22,0xA0,0x72,0xA0,0xE6,0x40,0x26,0xE0,0x29,0x10}},
  {0x8F8F, {0x00,0x00,0x21,0x00,0xFF,0xE0,0x41,0x00,0x6F,0xF0,0xE6,0x40,0xFB,0xB0,0x21,0x00,0x27,0xE0,0xF1,0x80,0x22,0x40,0x2C,0x20}},
  {0x8F93, {0x00,0x00,0x21,0x80,0x66,0x40,0xFF,0xF0,0x60,0x00,0x6F,0x20,0xA9,0x20,0xFF,0x20,0x29,0x20,0xFF,0x20,0x29,0x20,0x2E,0x60}},
  {0x8F9B, {0x00,0x00,0x04,0x00,0x02,0x00,0x7F,0xE0,0x10,0x80,0x19,0x80,0xFF,0xF0,0x06,0x00,0x06,0x00,0x7F,0xE0,0x06,0x00,0x06,0x00}},
  {0x8F9E, {0x00,0x00,0x39,0x00,0xE0,0x80,0x27,0xE0,0xFA,0x60,0x23,0x40,0x27,0xF0,0x78,0x80,0x4F,0xE0,0x48,0x80,0x78,0x80,0x48,0x80}},
  {0x8F9F, {0x00,0x00,0x7C,0x80,0x47,0xE0,0x44,0x20,0x7D,0x60,0x45,0x40,0x43,0xF0,0x7C,0x80,0x64,0x80,0xA7,0xE0,0xBC,0x80,0x24,0x80}},
  {0x8FA8, {0x00,0x00,0x22,0x40,0xF3,0xF0,0x06,0x00,0x5A,0x20,0x5A,0xA0,0xFB,0xF0,0x2A,0x40,0xF2,0x40,0x65,0xF0,0x4C,0x40,0x88,0x40}},
  {0x8FA9, {0x00,0x00,0x24,0x40,0x24,0x40,0xF5,0xF0,0x51,0x20,0x5C,0xE0,0xFD,0xF0,0x24,0x40,0xF5,0xF0,0x64,0x40,0x47,0x40,0x46,0x40}},
  {0x8FB1, {0x00,0x00,0x7F,0xF0,0x40,0x00,0x7F,0xF0,0x51,0xC0,0x5E,0x60,0x18,0x80,0x00,0x80,0x7F,0xE0,0x10,0x80,0x08,0x80,0x07,0x80}},
  {0x8FB8, {0x00,0x00,0x4F,0xE0,0x64,0x40,0x04,0x40,0x04,0xC0,0xE4,0xE0,0x24,0x20,0x2C,0x20,0x28,0x20,0x79,0xE0,0x60,0x00,0x9F,0xF0}},
  {0x8FB9, {0x00,0x00,0x42,0x00,0x62,0x00,0x2F,0xE0,0x02,0x20,0xE2,0x20,0x26,0x20,0x24,0x20,0x2C,0x20,0x39,0xC0,0x70,0x00,0x9F,0xF0}},
  {0x8FBE, {0x00,0x00,0x41,0x00,0x61,0x00,0x21,0x00,0x1F,0xE0,0xE3,0x00,0x23,0x00,0x22,0x80,0x24,0x40,0x28,0x20,0x70,0x00,0x9F,0xF0}},
  {0x8FC1, {0x00,0x00,0x41,0xE0,0x6F,0x00,0x21,0x00,0x01,0x00,0x01,0x00,0xEF,0xF0,0x21,0x00,0x21,0x00,0x21,0x00,0x60,0x00,0x9F,0xF0}},
  {0x8FC7, {0x00,0x00,0x40,0x40,0x60,0x40,0x2F,0xF0,0x00,0x40,0xE8,0x40,0x24,0x40,0x22,0x40,0x20,0xC0,0x23,0x80,0x60,0x00,0x9F,0xF0}},
  {0x8FCE, {0x00,0x00,0x46,0x00,0x6D,0xE0,0x29,0x20,0x09,0x20,0xE9,0x20,0x29,0x20,0x2B,0x20,0x2D,0xE0,0x69,0x00,0x61,0x00,0x9F,0xF0}},
  {0x8FD1, {0x00,0x00,0x40,0xE0,0x67,0x80,0x24,0x00,0x04,0x00,0xE7,0xF0,0x24,0x80,0x2C,0x80,0x28,0x80,0x28,0x80,0x60,0x00,0x9F,0xF0}},
  {0x8FD4, {0x00,0x00,0x40,0xE0,0x6F,0x80,0x28,0x00,0x0F,0xE0,0xE8,0x20,0x2A,0x40,0x2B,0xC0,0x39,0xC0,0x73,0x60,0x64,0x20,0x9F,0xF0}},
  {0x8FD8, {0x00,0x00,0x4F,0xF0,0x21,0x00,0x03,0x00,0x03,0x80,0xE5,0x40,0x29,0x20,0x31,0x30,0x21,0x00,0x61,0x00,0x60,0x00,0x9F,0xF0}},
  {0x8FDB, {0x00,0x00,0x44,0xC0,0x64,0xC0,0x2F,0xE0,0x04,0xC0,0xE4,0xC0,0x3F,0xF0,0x24,0xC0,0x2C,0xC0,0x68,0xC0,0x60,0x00,0x9F,0xF0}},
  {0x8FDC, {0x00,0x00,0x4F,0xE0,0x60,0x00,0x20,0x00,0x1F,0xF0,0xE4,0x80,0x24,0x80,0x24,0x90,0x2C,0xB0,0x78,0xE0,0x60,0x00,0x9F,0xF0}},
  {0x8FDD, {0x00,0x00,0x41,0x00,0x6F,0xE0,0x21,0x00,0x0F,0xE0,0xE1,0x00,0x3F,0xF0,0x21,0x30,0x21,0x20,0x61,0xE0,0x61,0x00,0x9F,0xF0}},
  {0x8FDE, {0x00,0x00,0x42,0x00,0x62,0x00,0x2F,0xE0,0x04,0x00,0xE9,0x00,0x2F,0xE0,0x21,0x00,0x3F,0xF0,0x61,0x00,0x61,0x00,0x9F,0xF0}},
  {0x8FDF, {0x00,0x00,0x47,0xE0,0x64,0x20,0x24,0x20,0x04,0x20,0xE7,0xE0,0x2D,0x20,0x28,0x80,0x28,0x60,0x38,0x20,0x70,0x00,0x9F,0xF0}},
  {0x8FE2, {0x00,0x00,0x4F,0xE0,0x62,0x20,0x26,0x20,0x08,0xE0,0x00,0x00,0xEF,0xE0,0x28,0x20,0x2F,0xE0,0x20,0x20,0x60,0x00,0x9F,0xF0}},
  {0x8FE9, {0x00,0x00,0x44,0x00,0x67,0xE0,0x28,0x20,0x11,0x20,0xE5,0x40,0x2D,0x60,0x29,0x20,0x31,0x10,0x27,0x00,0x70,0x00,0x9F,0xF0}},
  {0x8FEB, {0x00,0x00,0x41,0x00,0x63,0x00,0x2F,0xE0,0x08,0x20,0xEF,0xE0,0x28,0x20,0x28,0x20,0x2F,0xE0,0x60,0x00,0x60,0x00,0x9F,0xF0}},
  {0x8FED, {0x00,0x00,0x45,0x00,0x6D,0x00,0x2F,0xE0,0x09,0x00,0xE1,0x00,0x3F,0xF0,0x23,0x00,0x26,0xC0,0x2C,0x20,0x70,0x00,0x9F,0xF0}},
  {0x8FF0, {0x00,0x00,0x41,0x40,0x21,0x20,0x0F,0xE0,0x03,0x00,0xE7,0x80,0x25,0xC0,0x29,0x60,0x31,0x30,0x21,0x00,0x70,0x00,0x9F,0xF0}},
  {0x8FF7, {0x00,0x00,0x41,0x00,0x69,0x20,0x25,0x40,0x01,0x00,0xFF,0xF0,0x23,0x00,0x27,0x80,0x2D,0x60,0x39,0x20,0x60,0x00,0x9F,0xF0}},
  {0x8FF9, {0x00,0x00,0x41,0x00,0x61,0x00,0x2F,0xF0,0x0A,0xA0,0xFA,0xA0,0x32,0x90,0x26,0x80,0x24,0x80,0x6B,0x80,0x60,0x00,0x9F,0xF0}},
  {0x8FFD, {0x00,0x00,0x42,0x00,0x6F,0xE0,0x28,0x20,0x0F,0xE0,0xE8,0x00,0x2F,0xE0,0x28,0x20,0x2F,0xE0,0x68,0x20,0x60,0x00,0x9F,0xF0}},
  {0x9000, {0x00,0x00,0x4F,0xC0,0x28,0x40,0x0F,0xC0,0x08,0x40,0xEF,0xC0,0x2A,0x20,0x29,0x40,0x2D,0xC0,0x6E,0x60,0x6C,0x20,0x9F,0xF0}},
  {0x9001, {0x00,0x00,0x44,0x40,0x66,0xC0,0x0F,0xE0,0x01,0x00,0xE1,0x00,0x3F,0xF0,0x23,0x00,0x22,0xC0,0x2C,0x20,0x70,0x00,0x9F,0xF0}},
  {0x9002, {0x00,0x00,0x41,0xE0,0x6F,0x00,0x21,0x00,0x1F,0xF0,0xE1,0x00,0x2F,0xE0,0x2C,0x20,0x2C,0x20,0x67,0xC0,0x60,0x00,0x9F,0xF0}},
  {0x9003, {0x00,0x00,0x42,0x80,0x62,0xA0,0x2A,0xE0,0x0E,0xC0,0xE6,0xC0,0x2E,0xE0,0x34,0x80,0x24,0xB0,0x68,0xE0,0x60,0x00,0x9F,0xF0}},
  {0x9009, {0x00,0x00,0x45,0x00,0x2F,0xE0,0x09,0x00,0xE1,0x00,0x3F,0xF0,0x26,0x80,0x24,0x90,0x2C,0x90,0x68,0xE0,0xE0,0x00,0x9F,0xF0}},
  {0x900A, {0x00,0x00,0x5E,0x40,0x64,0x40,0x09,0x60,0x09,0x60,0xEF,0x60,0x3A,0x50,0x2A,0x50,0x28,0x40,0x79,0x80,0x60,0x00,0x9F,0xF0}},
  {0x900F, {0x00,0x00,0x41,0xE0,0x6F,0x00,0x21,0x00,0x1F,0xE0,0xF9,0x60,0x20,0x00,0x2F,0xC0,0x24,0xC0,0x24,0xE0,0x7C,0x20,0x9F,0xF0}},
  {0x9010, {0x00,0x00,0x4F,0xF0,0x62,0x00,0x2F,0x20,0x1B,0x40,0xED,0x80,0x7B,0xC0,0x66,0xE0,0x78,0x90,0x67,0x00,0x60,0x00,0x9F,0xF0}},
  {0x901A, {0x00,0x00,0x4F,0xE0,0x23,0x80,0x0F,0xE0,0x09,0x20,0xEF,0xE0,0x29,0x20,0x2F,0xE0,0x29,0x20,0x69,0xE0,0x60,0x00,0x9F,0xF0}},
  {0x901E, {0x00,0x00,0x4F,0xE0,0x48,0x20,0x2F,0xE0,0x00,0x00,0x0F,0xE0,0xE1,0x00,0x2F,0xE0,0x21,0x00,0x2F,0xE0,0x60,0x00,0x9F,0xF0}},
  {0x901F, {0x00,0x00,0x41,0x00,0x6F,0xF0,0x21,0x00,0x0F,0xE0,0xE9,0x20,0x2F,0xE0,0x23,0x00,0x25,0xC0,0x79,0x20,0x60,0x00,0x9F,0xF0}},
  {0x9020, {0x00,0x00,0x45,0x00,0x2F,0xE0,0x09,0x00,0x0F,0xF0,0xE0,0x00,0x2F,0xE0,0x2C,0x20,0x2C,0x20,0x6F,0xE0,0x60,0x00,0x9F,0xF0}},
  {0x9021, {0x00,0x00,0x43,0x00,0x4C,0x40,0x2F,0xE0,0x04,0x40,0x1A,0x20,0xEF,0xC0,0x28,0xC0,0x2F,0xE0,0x20,0x00,0x60,0x00,0x9F,0xF0}},
  {0x9022, {0x00,0x00,0x44,0x00,0x6F,0xC0,0x3A,0xC0,0x03,0x80,0x1C,0xE0,0xE1,0x00,0x2F,0xE0,0x21,0x00,0x7F,0xE0,0x61,0x00,0x9F,0xF0}},
  {0x9038, {0x00,0x00,0x46,0x00,0x67,0xC0,0x28,0x80,0x0F,0xE0,0xE9,0x20,0x2F,0xE0,0x2B,0x40,0x25,0x30,0x38,0xE0,0x60,0x00,0x9F,0xF0}},
  {0x903E, {0x00,0x00,0x43,0x00,0x66,0xC0,0x1F,0xB0,0x00,0x00,0xEE,0x20,0x2A,0xA0,0x2E,0xA0,0x2A,0xA0,0x2E,0xA0,0x7A,0x20,0x9F,0xF0}},
  {0x9042, {0x00,0x00,0x44,0x40,0x6F,0xE0,0x22,0x00,0x07,0x60,0xEB,0x80,0x25,0xC0,0x3B,0xE0,0x24,0xB0,0x7F,0x00,0x60,0x00,0x9F,0xF0}},
  {0x9047, {0x00,0x00,0x4F,0xE0,0x69,0x20,0x2F,0xE0,0x09,0x20,0xEF,0xE0,0x21,0x00,0x2F,0xE0,0x29,0x60,0x6F,0xE0,0x60,0x20,0x9F,0xF0}},
  {0x904D, {0x00,0x00,0x41,0x00,0x4F,0xE0,0x28,0x20,0x0F,0xE0,0xE8,0x00,0x2F,0xE0,0x3D,0x20,0x37,0xE0,0x35,0x20,0x64,0x20,0x9F,0xF0}},
  {0x9051, {0x00,0x00,0x43,0x00,0x4F,0xE0,0x28,0x20,0x0F,0xE0,0xE8,0x20,0x2F,0xE0,0x21,0x00,0x2F,0xE0,0x61,0x00,0x61,0x00,0x9F,0xF0}},
  {0x9053, {0x44,0x40,0x5F,0xF0,0x21,0x00,0x0F,0xE0,0xE8,0x20,0x2F,0xE0,0x28,0x20,0x2F,0xE0,0x28,0x20,0x6F,0xE0,0x60,0x00,0x9F,0xF0}},
  {0x9057, {0x00,0x00,0x41,0x00,0x2F,0xE0,0x09,0x20,0x0F,0xE0,0xE1,0x00,0x3F,0xF0,0x29,0x20,0x29,0x20,0x62,0xC0,0x7C,0x20,0x9F,0xF0}},
  {0x906A, {0x00,0x00,0x06,0x00,0x4F,0xE0,0x0A,0xA0,0x1F,0xE0,0xE3,0x80,0x3F,0xE0,0x2F,0x80,0x28,0x40,0x6F,0x00,0x60,0x00,0x9F,0xF0}},
  {0x907F, {0x00,0x00,0x4E,0x40,0x2B,0xF0,0x0A,0x00,0x1E,0xA0,0xF0,0xA0,0x3F,0xF0,0x3A,0x40,0x2F,0xF0,0x6A,0x40,0x60,0x00,0x9F,0xF0}},
  {0x9080, {0x00,0x00,0x44,0x80,0x5E,0x80,0x32,0xF0,0x1F,0xA0,0xF3,0x20,0x7E,0x20,0x64,0xA0,0x7F,0xC0,0x6A,0x40,0x72,0xA0,0x9F,0xF0}},
  {0x90A3, {0x00,0x00,0xFD,0xF0,0x25,0x20,0x25,0x20,0xFD,0x60,0x25,0x40,0x25,0x20,0xFD,0x30,0x25,0x10,0x65,0x30,0x45,0xE0,0x99,0x00}},
  {0x90A6, {0x00,0x00,0x11,0xF0,0x7D,0x20,0x11,0x20,0x11,0x60,0x7D,0x40,0x11,0x20,0x11,0x30,0xFD,0x10,0x31,0x30,0x61,0xE0,0x41,0x00}},
  {0x90AA, {0x00,0x00,0x7F,0xF0,0x49,0x20,0x49,0x20,0x49,0x60,0x7F,0x40,0x19,0x20,0x19,0x30,0x29,0x10,0x49,0x30,0x89,0xE0,0x39,0x00}},
  {0x90B1, {0x00,0x00,0x0F,0xF0,0x71,0x20,0x41,0x20,0x41,0x40,0x7D,0x60,0x49,0x20,0x49,0x10,0x49,0x30,0x7F,0xE0,0xF1,0x00,0x01,0x00}},
  {0x90CE, {0x00,0x00,0x11,0xF0,0x7D,0x20,0x45,0x20,0x7D,0x40,0x45,0x60,0x7D,0x20,0x41,0x10,0x49,0x30,0x5D,0xE0,0x65,0x00,0x41,0x00}},
  {0x90E8, {0x00,0x00,0x11,0xF0,0x7F,0x20,0x45,0x20,0x29,0x40,0xFF,0x60,0x01,0x30,0x7D,0x10,0x45,0x10,0x45,0xE0,0x7D,0x00,0x45,0x00}},
  {0x90FD, {0x00,0x00,0x13,0xF0,0x7D,0x20,0x1D,0x20,0xFF,0x40,0x11,0x20,0x7D,0x30,0xC5,0x10,0x7D,0x10,0x45,0xE0,0x7D,0x00,0x45,0x00}},
  {0x914D, {0x00,0x00,0xFF,0xE0,0x28,0x20,0x7C,0x20,0x6C,0x20,0x6D,0xE0,0x6D,0x20,0x45,0x00,0x7D,0x10,0x45,0x10,0x7D,0x30,0x44,0xE0}},
  {0x9152, {0x00,0x00,0x5F,0xF0,0x22,0x80,0x0F,0xE0,0xCA,0xA0,0x6C,0xA0,0x08,0xE0,0x28,0x20,0x6F,0xE0,0x48,0x20,0x4F,0xE0,0x00,0x00}},
  {0x9178, {0x00,0x80,0xFD,0x40,0x33,0x20,0x7F,0xF0,0x37,0x60,0x6D,0x10,0x65,0xE0,0x47,0x20,0x07,0x40,0x7C,0xC0,0x05,0xC0,0x7E,0x30}},
  {0x917E, {0x00,0x00,0xFF,0xF0,0x30,0x00,0xFB,0x70,0xBA,0x50,0xFB,0x70,0xDB,0x70,0x8B,0x70,0xFA,0x50,0x8A,0x50,0xFB,0x50,0x8B,0x60}},
  {0x917F, {0x00,0x00,0xFC,0x80,0x33,0xE0,0x7E,0x20,0x77,0xE0,0x76,0x20,0x7F,0xE0,0x4E,0xA0,0x06,0xB0,0x7E,0x40,0x7F,0xA0,0x07,0x10}},
  {0x918B, {0x00,0x00,0xFD,0x40,0x33,0xF0,0x79,0x40,0x77,0xF0,0x78,0x00,0x4B,0xE0,0x02,0x20,0x7B,0xE0,0x02,0x20,0x7B,0xE0,0x00,0x00}},
  {0x9192, {0x00,0x00,0xFF,0xE0,0x32,0x20,0x7B,0xE0,0x32,0x20,0x7B,0xE0,0x4A,0x80,0x07,0xE0,0x7C,0x80,0x03,0xE0,0x78,0x80,0x07,0xF0}},
  {0x91A0, {0x00,0x00,0xF8,0x80,0x33,0xE0,0x32,0xA0,0xFA,0xA0,0xFF,0xF0,0xDB,0x40,0x88,0x30,0xFB,0xE0,0x8B,0x60,0xFB,0x60,0x8F,0xF0}},
  {0x91B8, {0x00,0x00,0xF8,0x80,0x37,0xF0,0x33,0x60,0xFF,0xF0,0xD9,0x40,0xDF,0xE0,0x89,0x40,0xFF,0xF0,0x8B,0xA0,0xFE,0x60,0x0B,0x30}},
  {0x91C7, {0x00,0x00,0x01,0xE0,0x7E,0x00,0x44,0x20,0x26,0x40,0x12,0x80,0x06,0x00,0xFF,0xF0,0x0F,0x00,0x36,0xC0,0xC6,0x30,0x06,0x00}},
  {0x91CA, {0x00,0x00,0x3F,0xE0,0xE2,0x20,0x69,0xC0,0x21,0xC0,0xFE,0x30,0x20,0x80,0x7F,0xE0,0x60,0x80,0xA7,0xF0,0xA0,0x80,0x20,0x80}},
  {0x91CC, {0x00,0x00,0x7F,0xE0,0x46,0x20,0x7F,0xE0,0x46,0x20,0x46,0x20,0x7F,0xE0,0x06,0x00,0x06,0x00,0x7F,0xE0,0x06,0x00,0xFF,0xF0}},
  {0x91CD, {0x00,0x00,0x7F,0xC0,0x06,0x00,0xFF,0xF0,0x66,0x20,0x7F,0xE0,0x66,0x20,0x7F,0xE0,0x06,0x00,0x7F,0xE0,0x06,0x00,0xFF,0xF0}},
  {0x91CF, {0x00,0x00,0x3F,0xC0,0x20,0x40,0x3F,0xC0,0x00,0x00,0xFF,0xF0,0x26,0x40,0x3F,0xC0,0x26,0x40,0x7F,0xE0,0x06,0x00,0xFF,0xF0}},
  {0x91D1, {0x00,0x00,0x06,0x00,0x0F,0x00,0x19,0x80,0x20,0x40,0xFF,0xF0,0x06,0x00,0x7F,0xE0,0x06,0x00,0x26,0x40,0x16,0x80,0x7F,0xF0}},
  {0x91F0, {0x00,0x00,0x37,0xE0,0x79,0x20,0xC9,0x20,0xF1,0x20,0x25,0x20,0xFD,0x20,0x69,0x20,0x79,0x20,0xFA,0x20,0x06,0x20,0x04,0xE0}},
  {0x9224, {0x00,0x00,0x33,0xE0,0x7A,0x20,0x4E,0x20,0xF2,0x20,0x22,0x20,0xFB,0xE0,0x2A,0x20,0x6A,0x20,0x6A,0x20,0x3F,0xE0,0xE2,0x20}},
  {0x9299, {0x00,0x00,0x21,0x00,0x57,0xF0,0x4A,0x40,0xF7,0xF0,0x20,0x00,0x7F,0xE0,0x22,0x00,0x73,0xE0,0x60,0x20,0x78,0x20,0x01,0xC0}},
  {0x92E2, {0x00,0x00,0x37,0xF0,0x75,0x30,0x4E,0xA0,0xF2,0x00,0x23,0xE0,0x78,0x40,0x20,0x80,0x6F,0xF0,0x70,0x80,0x38,0x80,0x43,0x80}},
  {0x9317, {0x00,0x00,0x37,0xE0,0x70,0x80,0x4F,0xF0,0xF3,0xC0,0x26,0xB0,0x79,0x00,0x2F,0xF0,0x6A,0x40,0x63,0xC0,0x79,0xE0,0x46,0x30}},
  {0x9339, {0x00,0x00,0x20,0x80,0x52,0xE0,0x4A,0x80,0xF7,0xF0,0x27,0xE0,0xFC,0x20,0x2F,0xE0,0x6C,0x20,0x67,0xE0,0x2C,0x20,0x74,0xE0}},
  {0x9392, {0x00,0x00,0x27,0xE0,0x54,0x00,0x57,0xE0,0xF4,0x00,0x27,0xF0,0xF4,0xE0,0x27,0xF0,0xF4,0x20,0x7F,0xF0,0xF9,0x20,0x08,0xC0}},
  {0x939F, {0x00,0x00,0x27,0xE0,0x53,0xC0,0x57,0x60,0xF7,0xF0,0x26,0xE0,0xF6,0xE0,0x30,0x80,0x7F,0xF0,0x63,0xC0,0x7C,0xB0,0x00,0x80}},
  {0x9405, {0x00,0x00,0x54,0x80,0x15,0xF0,0x7F,0x20,0x7E,0xC0,0x57,0x20,0x4E,0x00,0x7F,0xE0,0x02,0x00,0x3F,0xC0,0x12,0x80,0xFF,0xF0}},
  {0x941E, {0x00,0x00,0x27,0xE0,0x50,0x20,0xD7,0xE0,0xF0,0x20,0x27,0xE0,0xFF,0xF0,0x22,0x90,0x3F,0xF0,0x3F,0xF0,0x72,0x20,0x00,0xC0}},
  {0x9467, {0x00,0x00,0x21,0x00,0x6F,0xF0,0xD8,0x10,0xFF,0xF0,0x27,0xE0,0xF4,0x20,0xB7,0xE0,0x74,0x20,0x37,0xE0,0xF2,0x90,0x0C,0x70}},
  {0x9486, {0x00,0x00,0x21,0x00,0x61,0x00,0x7D,0x00,0xC1,0x00,0xF9,0x00,0x21,0x00,0xFD,0x00,0x21,0x10,0x21,0x10,0x39,0x30,0x21,0xE0}},
  {0x9488, {0x00,0x00,0x20,0x80,0x60,0x80,0x7C,0x80,0xC0,0x80,0xFF,0xF0,0x20,0x80,0xF8,0x80,0x20,0x80,0x20,0x80,0x38,0x80,0x30,0x80}},
  {0x9495, {0x00,0x00,0x21,0x00,0x41,0x00,0x79,0x00,0xC7,0xF0,0xF2,0x20,0x22,0x20,0xFE,0x40,0x23,0x40,0x21,0x80,0x33,0x60,0x2C,0x30}},
  {0x949E, {0x00,0x00,0x61,0x80,0x41,0x80,0x7B,0xE0,0xC5,0xA0,0xF5,0x90,0x25,0x80,0xF9,0xA0,0x20,0x60,0x28,0xC0,0x33,0x00,0x2C,0x00}},
  {0x949F, {0x00,0x00,0x20,0x80,0x40,0x80,0x70,0x80,0x87,0xE0,0xF4,0xA0,0x24,0xA0,0xF4,0xA0,0x27,0xE0,0x24,0xA0,0x30,0x80,0x20,0x80}},
  {0x94A2, {0x00,0x00,0x4F,0xE0,0x7C,0x20,0x4E,0x60,0xFE,0x60,0x2D,0xA0,0x2D,0xA0,0xFD,0xA0,0x2F,0x60,0x3E,0x60,0x3C,0x20,0x2C,0xE0}},
  {0x94A7, {0x00,0x00,0x22,0x00,0x66,0x00,0x7F,0xE0,0x84,0x20,0xFA,0x20,0x21,0x20,0xF8,0xE0,0x23,0xA0,0x24,0x20,0x30,0x20,0x31,0xE0}},
  {0x94A9, {0x00,0x00,0x22,0x00,0x66,0x00,0x7F,0xE0,0x84,0x20,0xFB,0x20,0x22,0x20,0xFF,0xA0,0x24,0xA0,0x2F,0xE0,0x30,0x20,0x21,0xE0}},
  {0x94B1, {0x00,0x00,0x22,0x80,0x62,0x40,0x7B,0xE0,0x47,0x00,0xF2,0x00,0x23,0xE0,0xFF,0x00,0x21,0x60,0x29,0xD0,0x33,0x90,0x26,0x60}},
  {0x94BA, {0x00,0x00,0x20,0xC0,0x40,0xA0,0x77,0xF0,0xC4,0x80,0xF4,0xA0,0x24,0xA0,0xFC,0xE0,0x24,0xC0,0x26,0xD0,0x2D,0xF0,0x31,0x20}},
  {0x94BB, {0x00,0x00,0x21,0x00,0x61,0x00,0x79,0x00,0x01,0xF0,0xF1,0x00,0x21,0x00,0x27,0xE0,0xFC,0x20,0x24,0x20,0x3F,0xE0,0x24,0x20}},
  {0x94C1, {0x00,0x00,0x20,0x80,0x66,0x80,0x74,0x80,0xC7,0xE0,0x7C,0x80,0x20,0x80,0xFF,0xF0,0x21,0x80,0x21,0x40,0x2A,0x60,0x2C,0x30}},
  {0x94C5, {0x00,0x00,0x43,0xC0,0x7A,0x40,0x42,0x60,0xF4,0x30,0x24,0x00,0x27,0xE0,0xFC,0x20,0x24,0x20,0x2C,0x20,0x37,0xE0,0x24,0x20}},
  {0x94D0, {0x00,0x00,0x41,0x20,0x77,0xE0,0x01,0x40,0xFF,0xF0,0x21,0x00,0x23,0xE0,0xFE,0x00,0x23,0xE0,0x20,0x20,0x30,0x20,0x31,0xC0}},
  {0x94D3, {0x00,0x00,0x42,0x40,0x7F,0xF0,0x42,0x40,0xF1,0x00,0x20,0x80,0x2F,0xF0,0xF4,0x00,0x24,0x00,0x24,0x00,0x34,0x00,0x27,0xE0}},
  {0x94E5, {0x00,0x00,0x60,0xE0,0x47,0xE0,0x71,0x80,0xC7,0xE0,0xF1,0x80,0x21,0x80,0xFF,0xF0,0x23,0x40,0x26,0x60,0x36,0xE0,0x20,0x10}},
  {0x94EA, {0x00,0x00,0x21,0x80,0x41,0x80,0x7A,0x40,0x86,0x20,0x7F,0xF0,0x20,0x00,0xF7,0xE0,0x24,0x20,0x24,0x20,0x37,0xE0,0x34,0x20}},
  {0x94F2, {0x00,0x00,0x21,0x00,0x40,0x80,0x7F,0xF0,0x82,0x20,0xF2,0x40,0x27,0xF0,0xFC,0x00,0x24,0x00,0x3C,0x00,0x38,0x00,0x08,0x00}},
  {0x94F6, {0x00,0x00,0x27,0xE0,0x74,0x20,0x07,0xE0,0xF4,0x20,0x27,0xE0,0x25,0x00,0xF5,0x20,0x24,0xC0,0x24,0xC0,0x3D,0x60,0x26,0x30}},
  {0x94F8, {0x00,0x00,0x41,0x00,0x4F,0xE0,0x71,0x00,0x87,0xE0,0xF2,0x00,0x2F,0xF0,0xF2,0x40,0x27,0xF0,0x26,0x40,0x39,0x40,0x79,0xC0}},
  {0x94FA, {0x00,0x00,0x41,0x40,0x41,0x60,0x7F,0xF0,0xC1,0x00,0xFF,0xE0,0x29,0x20,0xFF,0xE0,0x29,0x20,0x3F,0xE0,0x39,0x20,0x49,0xE0}},
  {0x94FD, {0x00,0x00,0x40,0xE0,0x70,0x80,0x4F,0xF0,0xF6,0xC0,0x25,0xC0,0xFD,0xC0,0x2C,0xC0,0x2C,0x50,0x35,0x50,0x67,0x30,0x00,0x00}},
  {0x9500, {0x00,0x00,0x21,0x00,0x45,0x20,0x75,0x40,0x87,0xE0,0x74,0x20,0x27,0xE0,0xFC,0x20,0x27,0xE0,0x24,0x20,0x3C,0x20,0x24,0xE0}},
  {0x9501, {0x00,0x00,0x21,0x80,0x4D,0xA0,0x75,0xA0,0x87,0xE0,0x74,0x20,0x25,0xA0,0xFD,0xA0,0x25,0x20,0x3D,0xA0,0x22,0x60,0x0C,0x00}},
  {0x9505, {0x00,0x00,0x47,0xE0,0x74,0x20,0x04,0x20,0xF7,0xE0,0x21,0x00,0x2F,0xE0,0xF9,0x20,0x2B,0xA0,0x2E,0x60,0x3C,0x20,0x68,0xE0}},
  {0x9508, {0x00,0x00,0x47,0xE0,0x71,0x80,0x8F,0xF0,0xF3,0xC0,0x25,0xA0,0x29,0x90,0xF7,0xC0,0x22,0x40,0x22,0x60,0x34,0x20,0x68,0xE0}},
  {0x9509, {0x00,0x00,0x41,0x00,0x75,0x20,0x85,0x40,0xFD,0x60,0x2F,0xE0,0x2B,0x90,0xF1,0x00,0x2F,0xE0,0x31,0x00,0x71,0x00,0x6F,0xF0}},
  {0x950A, {0x00,0x00,0x20,0x60,0x47,0xC0,0x79,0x20,0x84,0xA0,0x70,0x40,0x20,0x40,0xFF,0xF0,0x20,0x40,0x24,0x40,0x32,0x40,0x31,0xC0}},
  {0x950B, {0x00,0x00,0x42,0x00,0x77,0xE0,0x8A,0x40,0x73,0x80,0x2D,0x30,0x27,0xE0,0xF1,0x00,0x27,0xE0,0x31,0x00,0x6F,0xE0,0x01,0x00}},
  {0x9515, {0x00,0x00,0x4F,0xF0,0x7A,0x20,0x8D,0xE0,0xED,0x60,0x4D,0x60,0x4B,0x60,0xFB,0x60,0x4B,0xE0,0x5F,0x20,0x69,0x20,0x68,0xE0}},
  {0x9519, {0x00,0x00,0x42,0x40,0x42,0x40,0x7F,0xE0,0xC2,0x40,0xFF,0xF0,0x20,0x00,0xF7,0xE0,0x24,0x20,0x27,0xE0,0x74,0x20,0x03,0xC0}},
  {0x952D, {0x00,0x00,0x40,0x80,0x7F,0xF0,0x04,0x30,0xF0,0x00,0x2F,0xF0,0x20,0x80,0xF4,0x80,0x24,0xE0,0x34,0x80,0x3F,0x80,0x69,0xF0}},
  {0x955C, {0x00,0x00,0x41,0x00,0x7F,0xE0,0x02,0x40,0xFF,0xF0,0x28,0x20,0x2F,0xE0,0xF8,0x20,0x2F,0xE0,0x32,0xA0,0x34,0x90,0x68,0xE0}},
  {0x957F, {0x00,0x00,0x20,0x40,0x21,0x80,0x23,0x00,0x2C,0x00,0x20,0x00,0xFF,0xF0,0x22,0x00,0x23,0x00,0x21,0x80,0x3C,0xC0,0x38,0x30}},
  {0x95A0, {0x00,0x00,0x79,0xE0,0x49,0x20,0x79,0xE0,0x49,0x20,0x7F,0xE0,0x46,0x20,0x5F,0xA0,0x47,0x20,0x5F,0xA0,0x40,0x20,0x40,0xE0}},
  {0x95B7, {0x00,0x00,0x1F,0xE0,0x75,0x80,0x77,0xE0,0xDD,0x80,0x27,0xE0,0xFC,0x00,0x24,0x80,0x7D,0x80,0xAE,0x60,0xA4,0x20,0x64,0x60}},
  {0x95E8, {0x00,0x00,0x37,0xE0,0x00,0x20,0x40,0x20,0x40,0x20,0x40,0x20,0x40,0x20,0x40,0x20,0x40,0x20,0x40,0x20,0x40,0x20,0x41,0xE0}},
  {0x95E9, {0x00,0x00,0x2F,0xE0,0x30,0x20,0x40,0x20,0x40,0x20,0x40,0x20,0x5F,0xA0,0x40,0x20,0x40,0x20,0x40,0x20,0x40,0x20,0x40,0xE0}},
  {0x95ED, {0x00,0x00,0x2F,0xE0,0x30,0x20,0x41,0x20,0x5F,0xE0,0x43,0x20,0x47,0x20,0x49,0x20,0x51,0x20,0x63,0x20,0x46,0x20,0x40,0xE0}},
  {0x95EE, {0x00,0x00,0x2F,0xE0,0x30,0x20,0x40,0x20,0x5F,0xA0,0x50,0xA0,0x50,0xA0,0x50,0xA0,0x5F,0xA0,0x50,0x20,0x40,0x20,0x40,0xE0}},
  {0x95F0, {0x00,0x00,0x2F,0xE0,0x30,0x20,0x40,0x20,0x5F,0xA0,0x46,0x20,0x5F,0xA0,0x46,0x20,0x46,0x20,0x7F,0xE0,0x40,0x20,0x40,0xE0}},
  {0x95F4, {0x00,0x00,0x2F,0xE0,0x30,0x20,0x5F,0xA0,0x50,0xA0,0x50,0xA0,0x5F,0xA0,0x50,0xA0,0x50,0xA0,0x5F,0x20,0x40,0x20,0x40,0xE0}},
  {0x95F7, {0x00,0x00,0x27,0xE0,0x00,0x20,0x46,0x20,0x42,0x20,0x58,0xA0,0x58,0xA0,0x69,0xE0,0x49,0x20,0x47,0x20,0x40,0x20,0x41,0xE0}},
  {0x95F9, {0x00,0x00,0x2F,0xE0,0x20,0x20,0x44,0x20,0x7F,0xE0,0x46,0x20,0x5F,0xA0,0x56,0xA0,0x56,0xA0,0x57,0xA0,0x46,0x20,0x40,0xE0}},
  {0x95FA, {0x00,0x00,0x2F,0xE0,0x20,0x20,0x46,0x20,0x5F,0xA0,0x46,0x20,0x7F,0xE0,0x46,0x20,0x5F,0xA0,0x46,0x20,0x7F,0xE0,0x40,0xE0}},
  {0x95FB, {0x00,0x00,0x2F,0xE0,0x20,0x20,0x5F,0xA0,0x51,0x20,0x5F,0x20,0x51,0x20,0x5F,0x20,0x51,0x20,0x7F,0xA0,0x41,0x20,0x40,0xE0}},
  {0x9601, {0x00,0x00,0x2F,0xE0,0x2C,0x20,0x5F,0xA0,0x79,0x20,0x46,0x20,0x4D,0x20,0x70,0xE0,0x5F,0xA0,0x50,0xA0,0x5F,0xA0,0x40,0xE0}},
  {0x9614, {0x00,0x00,0x2F,0xE0,0x50,0xA0,0x5F,0xA0,0x41,0x20,0x6F,0xE0,0x41,0x20,0x47,0xA0,0x54,0xA0,0x74,0xA0,0x67,0xA0,0x40,0xE0}},
  {0x961F, {0x00,0x00,0x79,0x00,0x59,0x00,0x51,0x00,0x51,0x00,0x51,0x00,0x51,0x80,0x4A,0x80,0x5A,0x80,0x74,0x40,0x4C,0x60,0x58,0x30}},
  {0x9633, {0x00,0x00,0x77,0xE0,0x54,0x20,0x54,0x20,0x54,0x20,0x77,0xE0,0x54,0x20,0x54,0x20,0x54,0x20,0x74,0x20,0x47,0xE0,0x44,0x20}},
  {0x9634, {0x00,0x00,0x7F,0xE0,0x54,0x20,0x54,0x20,0x57,0xE0,0x54,0x20,0x54,0x20,0x5F,0xE0,0x5C,0x20,0x74,0x20,0x48,0x20,0x48,0xE0}},
  {0x9635, {0x00,0x00,0x71,0x00,0x53,0x00,0x5F,0xF0,0x62,0x00,0x64,0x80,0x57,0xE0,0x50,0x80,0x5F,0xF0,0x70,0x80,0x40,0x80,0x40,0x80}},
  {0x9636, {0x00,0x00,0x71,0x00,0x51,0x80,0x52,0x40,0x64,0x60,0x78,0x30,0x52,0x40,0x56,0x40,0x56,0x40,0x74,0x40,0x44,0x40,0x48,0x40}},
  {0x963F, {0x00,0x00,0x7F,0xF0,0x50,0x20,0x50,0x20,0x67,0xA0,0x64,0xA0,0x54,0xA0,0x54,0xA0,0x57,0xA0,0x74,0x20,0x40,0x20,0x41,0xC0}},
  {0x9644, {0x00,0x00,0x72,0x40,0x54,0x40,0x57,0xF0,0x6C,0x40,0x5D,0x40,0x55,0x40,0x54,0xC0,0x74,0x40,0x44,0x40,0x44,0x40,0x45,0xC0}},
  {0x9645, {0x00,0x00,0x7F,0xE0,0x50,0x00,0x50,0x00,0x6F,0xF0,0x71,0x00,0x55,0x40,0x55,0x20,0x5D,0x20,0x79,0x20,0x49,0x10,0x47,0x00}},
  {0x9648, {0x00,0x00,0x71,0x00,0x52,0x00,0x5F,0xF0,0x66,0x80,0x64,0x80,0x57,0xF0,0x50,0x80,0x56,0xA0,0x74,0xA0,0x49,0x90,0x43,0x00}},
  {0x964D, {0x00,0x00,0x72,0x00,0x57,0xE0,0x5E,0x40,0x61,0xC0,0x7E,0x70,0x50,0x80,0x57,0xE0,0x54,0x80,0x77,0xF0,0x40,0x80,0x40,0x80}},
  {0x9650, {0x00,0x00,0x77,0xE0,0x54,0x20,0x57,0xE0,0x64,0x20,0x54,0x20,0x57,0xE0,0x55,0x20,0x75,0xE0,0x45,0xC0,0x46,0x40,0x44,0x30}},
  {0x9662, {0x00,0x00,0x71,0x00,0x5F,0xE0,0x58,0x20,0x67,0xE0,0x60,0x00,0x5F,0xE0,0x52,0x80,0x52,0x80,0x76,0x90,0x44,0x90,0x48,0xE0}},
  {0x9664, {0x00,0x00,0x71,0x00,0x53,0x80,0x52,0x40,0x64,0x60,0x7F,0xF0,0x51,0x00,0x5F,0xE0,0x51,0x00,0x75,0x60,0x49,0x30,0x43,0x00}},
  {0x9669, {0x00,0x00,0x71,0x80,0x53,0x80,0x54,0x60,0x68,0x30,0x67,0xC0,0x50,0x20,0x55,0x20,0x55,0x40,0x75,0x40,0x40,0x40,0x4F,0xF0}},
  {0x966A, {0x00,0x00,0x71,0x00,0x57,0xE0,0x64,0x40,0x62,0x40,0x5F,0xF0,0x50,0x00,0x57,0xE0,0x64,0x20,0x44,0x20,0x47,0xE0,0x44,0x20}},
  {0x9675, {0x00,0x00,0x71,0x80,0x57,0xE0,0x51,0x80,0x6F,0xF0,0x64,0x40,0x5B,0x30,0x53,0xE0,0x56,0x40,0x79,0x80,0x43,0xC0,0x4C,0x30}},
  {0x9676, {0x00,0x00,0x74,0x00,0x57,0xE0,0x7E,0x20,0x7F,0xA0,0x6B,0x20,0x5F,0xE0,0x53,0x20,0x57,0xA0,0x77,0xA0,0x40,0x20,0x41,0xE0}},
  {0x967E, {0x00,0x00,0x7F,0xF0,0x51,0x00,0x77,0xF0,0x65,0x10,0x65,0x10,0x54,0x60,0x51,0x80,0x5F,0xF0,0x61,0x80,0x46,0x60,0x4C,0x30}},
  {0x9685, {0x00,0x00,0x7F,0xE0,0x59,0x20,0x7F,0xE0,0x69,0x20,0x6F,0xE0,0x51,0x00,0x5F,0xF0,0x59,0x50,0x7F,0xF0,0x48,0x30,0x48,0x60}},
  {0x968F, {0x00,0x00,0x78,0x80,0x57,0xF0,0x61,0x00,0x6D,0xE0,0x6F,0x20,0x5D,0xE0,0x5D,0x20,0x5D,0xE0,0x7D,0x20,0x4D,0x20,0x53,0xF0}},
  {0x9694, {0x00,0x00,0x7F,0xF0,0x50,0x00,0x67,0xE0,0x64,0x20,0x5F,0xE0,0x58,0x20,0x5A,0x60,0x7A,0xA0,0x4F,0xE0,0x49,0x20,0x49,0xE0}},
  {0x9699, {0x00,0x00,0x71,0x00,0x55,0x70,0x79,0x00,0x67,0xE0,0x64,0x20,0x57,0xE0,0x54,0x20,0x53,0xC0,0x71,0x00,0x4D,0x70,0x43,0x00}},
  {0x969C, {0x00,0x00,0x71,0x00,0x5F,0xE0,0x72,0x40,0x6F,0xF0,0x64,0x20,0x57,0xE0,0x54,0x20,0x57,0xE0,0x71,0x00,0x4F,0xF0,0x00,0x00}},
  {0x96A2, {0x00,0x00,0x71,0x00,0x5F,0xE0,0x61,0x00,0x6F,0xF0,0x74,0x40,0x5F,0xF0,0x50,0x00,0x5F,0xF0,0x62,0x80,0x44,0x90,0x58,0x60}},
  {0x96B6, {0x00,0x00,0x04,0x00,0x7F,0xE0,0x04,0x60,0xFF,0xF0,0x04,0x60,0x7F,0xE0,0x46,0x00,0x2E,0x60,0x17,0x80,0x64,0xC0,0xDC,0x30}},
  {0x96BE, {0x00,0x00,0xF2,0x80,0x14,0x80,0x57,0xE0,0x5C,0x80,0x7F,0xE0,0x24,0x80,0x37,0xE0,0x74,0x80,0x54,0x80,0xC7,0xF0,0x84,0x00}},
  {0x96C0, {0x00,0x00,0x16,0x80,0x26,0xE0,0x46,0x30,0x39,0x00,0xFF,0xE0,0x22,0x00,0x3F,0xE0,0x22,0x00,0x3F,0xE0,0x22,0x00,0x1F,0xF0}},
  {0x96C4, {0x00,0x00,0x22,0x80,0x22,0xC0,0xFF,0xF0,0x24,0x80,0x4F,0xE0,0x54,0x80,0xE7,0xE0,0xB4,0x80,0x7C,0x80,0x7F,0xF0,0x04,0x00}},
  {0x96C5, {0x00,0x00,0xFA,0x80,0x12,0x80,0x57,0xF0,0x5C,0x80,0x7F,0xE0,0x34,0x80,0x37,0xE0,0x54,0x80,0x94,0x80,0x14,0x80,0x67,0xF0}},
  {0x96C6, {0x00,0x00,0x12,0x00,0x3F,0xE0,0x62,0x00,0xFF,0xE0,0x22,0x00,0x3F,0xE0,0x22,0x00,0x3F,0xE0,0x7F,0xE0,0x1F,0x80,0x66,0x70}},
  {0x96C7, {0x00,0x00,0x06,0x00,0x7F,0xE0,0x40,0x20,0x7F,0xE0,0x49,0x00,0x4F,0xE0,0x51,0x00,0x7F,0xE0,0x51,0x00,0xDF,0xF0,0x00,0x00}},
  {0x96CC, {0x00,0x00,0x29,0x40,0x28,0x40,0x6B,0xF0,0x7E,0x40,0x6E,0x40,0x6F,0xF0,0x6B,0xF0,0x6A,0x40,0x6A,0x40,0x7F,0xF0,0xCA,0x00}},
  {0x96D5, {0x00,0x00,0x7D,0x40,0x55,0x40,0x7D,0xF0,0x57,0x40,0x7F,0xE0,0x45,0x40,0x7D,0xE0,0xAD,0x40,0xB5,0x40,0xA5,0xF0,0x0D,0x00}},
  {0x96E8, {0x00,0x00,0xFF,0xF0,0x06,0x00,0x7F,0xE0,0x46,0x20,0x57,0x20,0x4E,0xA0,0x46,0x20,0x57,0x20,0x4E,0xA0,0x46,0x20,0x44,0xE0}},
  {0x96EA, {0x00,0x00,0x3F,0xC0,0x06,0x00,0x7F,0xE0,0x46,0x20,0x3F,0xC0,0x00,0x00,0x7F,0xE0,0x00,0x20,0x3F,0xE0,0x00,0x20,0x7F,0xE0}},
  {0x96EC, {0x00,0x00,0x3F,0xC0,0x06,0x00,0x7F,0xE0,0x7F,0xE0,0x06,0x00,0x39,0xC0,0x00,0x00,0xFF,0xF0,0x1F,0x00,0x76,0xE0,0xC6,0x00}},
  {0x96F6, {0x00,0x00,0x7F,0xE0,0x06,0x00,0x7F,0xE0,0x06,0x00,0x3F,0xC0,0x0D,0x00,0x22,0xC0,0xFF,0xF0,0x01,0x80,0x0E,0x00,0x03,0x00}},
  {0x96F7, {0x00,0x00,0x7F,0xE0,0x06,0x00,0xFF,0xF0,0xC6,0x30,0xFF,0xF0,0x06,0x00,0x7F,0xE0,0x46,0x20,0x7F,0xE0,0x46,0x20,0x3F,0xC0}},
  {0x9700, {0x00,0x00,0x7F,0xE0,0x06,0x00,0x7F,0xE0,0x46,0x20,0x3F,0xC0,0x00,0x00,0xFF,0xF0,0x04,0x00,0x7F,0xE0,0x49,0x20,0x49,0xE0}},
  {0x9704, {0x00,0x00,0x7F,0xE0,0x06,0x00,0x7F,0xE0,0x66,0x60,0x16,0x80,0x7F,0xE0,0x40,0x20,0x7F,0xE0,0x40,0x20,0x7F,0xE0,0x41,0xC0}},
  {0x970E, {0x00,0x00,0x7F,0xE0,0x02,0x00,0x7F,0xE0,0x40,0x20,0x7F,0xE0,0x10,0x80,0x09,0x80,0xFF,0xF0,0x1D,0x00,0x0F,0x80,0x70,0xE0}},
  {0x971C, {0x00,0x00,0x7F,0xE0,0x06,0x00,0x7F,0xE0,0x26,0x00,0x20,0x00,0x7F,0xE0,0x24,0x20,0x7F,0xE0,0xA4,0x20,0x27,0xE0,0x00,0x00}},
  {0x9732, {0x00,0x00,0x7F,0xE0,0x06,0x00,0xFF,0xF0,0xC6,0x30,0x7F,0xE0,0x49,0x40,0x7D,0xC0,0x16,0x30,0x5B,0xE0,0x52,0x20,0xFB,0xE0}},
  {0x9752, {0x06,0x00,0x7F,0xE0,0x06,0x00,0x7F,0xE0,0x06,0x00,0xFF,0xF0,0x20,0x40,0x3F,0xC0,0x20,0x40,0x3F,0xC0,0x20,0x40,0x21,0xC0}},
  {0x975E, {0x00,0x00,0x09,0x00,0x09,0x00,0xF9,0xF0,0x09,0x00,0x09,0x00,0x79,0xE0,0x09,0x00,0x09,0x00,0xF9,0xF0,0x09,0x00,0x09,0x00}},
  {0x9760, {0x00,0x00,0x16,0x00,0x3F,0xE0,0x46,0x00,0xFF,0xF0,0x20,0x40,0x3F,0xC0,0x09,0x00,0x79,0xF0,0x09,0x00,0xF9,0xF0,0x09,0x00}},
  {0x9762, {0x00,0x00,0xFF,0xF0,0x04,0x00,0x7F,0xE0,0x49,0x20,0x4F,0x20,0x49,0x20,0x49,0x20,0x4F,0x20,0x49,0x20,0x7F,0xE0,0x00,0x00}},
  {0x9776, {0x00,0x00,0x4B,0xE0,0xFE,0xA0,0x4A,0xA0,0x7A,0xA0,0x22,0xA0,0x7B,0xE0,0x2A,0x00,0x7A,0x00,0x22,0x10,0xFE,0x10,0x23,0xE0}},
  {0x978B, {0x00,0x00,0x48,0x80,0xFF,0xE0,0x48,0x80,0x78,0x80,0x7F,0xF0,0x28,0x80,0x78,0x80,0x23,0xE0,0xFC,0x80,0x20,0x80,0x27,0xF0}},
  {0x978E, {0x00,0x00,0x4B,0xE0,0xFE,0x20,0x4A,0x20,0x7B,0xE0,0x7E,0x20,0x57,0xE0,0x7E,0xB0,0x12,0xE0,0xFE,0x40,0x13,0xA0,0x12,0x00}},
  {0x97A5, {0x00,0x00,0x48,0x80,0xFD,0x40,0x4F,0xF0,0x70,0x00,0xFB,0xE0,0xAA,0x20,0xFB,0xE0,0x2A,0x40,0xFF,0xF0,0x22,0x40,0x24,0x40}},
  {0x97AD, {0x00,0x00,0x53,0xF0,0xFC,0x00,0x55,0xE0,0x7C,0x00,0x2D,0xE0,0xFC,0x80,0xAD,0xE0,0xFD,0x80,0x25,0x80,0xFD,0xC0,0x27,0x30}},
  {0x97EA, {0x00,0x00,0x78,0x80,0x4F,0xE0,0x78,0x80,0x4B,0xE0,0x78,0x80,0x03,0xE0,0xF8,0xA0,0x10,0xA0,0x5C,0xE0,0xF0,0x80,0x9F,0xF0}},
  {0x97F3, {0x06,0x00,0x7F,0xE0,0x10,0x80,0x19,0x80,0xFF,0xF0,0x00,0x00,0x3F,0xC0,0x20,0x40,0x3F,0xC0,0x20,0x40,0x3F,0xC0,0x00,0x00}},
  {0x9861, {0x00,0x00,0x13,0xF0,0x7C,0x80,0x29,0xE0,0x29,0x00,0xFF,0xE0,0x31,0x00,0x9D,0xE0,0x79,0x00,0x3F,0xE0,0xC9,0x20,0x33,0x30}},
  {0x9875, {0x00,0x00,0xFF,0xF0,0x04,0x00,0x04,0x00,0x3F,0xE0,0x20,0x60,0x26,0x60,0x26,0x60,0x24,0x60,0x07,0x00,0x18,0xC0,0xE0,0x20}},
  {0x9877, {0x00,0x00,0x47,0xF0,0x41,0x00,0x47,0xE0,0x7C,0x20,0x45,0xA0,0x45,0xA0,0x45,0x20,0x45,0x20,0x7D,0xA0,0x62,0x40,0x0C,0x20}},
  {0x9879, {0x00,0x00,0x07,0xF0,0xF1,0x00,0x27,0xE0,0x24,0x20,0x25,0xA0,0x25,0xA0,0x25,0x20,0x3D,0x20,0xE1,0x80,0x06,0x60,0x0C,0x30}},
  {0x987A, {0x00,0x00,0x4B,0xF0,0x68,0x80,0x6B,0xE0,0x6A,0x20,0x6A,0xA0,0x6A,0xA0,0x6A,0xA0,0x6A,0xA0,0x69,0xC0,0xA9,0x60,0x8E,0x30}},
  {0x987B, {0x00,0x00,0x1F,0xF0,0x21,0x00,0x61,0x00,0x87,0xE0,0x15,0xA0,0x65,0xA0,0xD5,0x20,0x35,0x20,0x21,0x80,0x42,0x60,0x8C,0x30}},
  {0x987E, {0x00,0x00,0x7F,0xF0,0x40,0x80,0x5F,0xE0,0x56,0x20,0x56,0xA0,0x56,0xA0,0x5A,0xA0,0x52,0xA0,0x54,0xC0,0xB9,0x60,0xB2,0x30}},
  {0x9886, {0x00,0x00,0x37,0xF0,0x38,0x80,0x6F,0xE0,0x92,0xA0,0x02,0xA0,0x7A,0xA0,0x0A,0xA0,0x53,0xA0,0x31,0xC0,0x32,0x60,0x14,0x30}},
  {0x988C, {0x00,0x00,0x37,0xF0,0x30,0x80,0x4B,0xE0,0xCE,0x20,0x7A,0xA0,0x02,0xA0,0x7A,0xA0,0x4A,0xA0,0x49,0xC0,0x79,0x60,0x4E,0x30}},
  {0x988F, {0x00,0x00,0x13,0xF0,0xFC,0x80,0x2B,0xE0,0x4A,0xA0,0x72,0xA0,0x26,0xA0,0x4E,0xA0,0x0A,0xA0,0x1B,0xC0,0x25,0x20,0xC2,0x10}},
  {0x9893, {0x00,0x00,0x1B,0xF0,0xF0,0x80,0x13,0xE0,0xFA,0x20,0x7A,0xA0,0x92,0xA0,0x7A,0xA0,0x4A,0xA0,0x4D,0xC0,0x5B,0x60,0x86,0x10}},
  {0x9898, {0x00,0x00,0x7B,0xF0,0x48,0x80,0x7B,0xE0,0x4A,0x20,0x7A,0xA0,0x02,0xA0,0xFE,0xA0,0x10,0x80,0x5D,0x40,0xF2,0x20,0x9F,0xF0}},
  {0x989A, {0x00,0x00,0x6F,0xF0,0x2C,0x80,0x6D,0xE0,0x01,0x00,0x7D,0x40,0x01,0x40,0xFF,0x40,0x41,0x40,0x41,0xC0,0x79,0xE0,0x3B,0x10}},
  {0x989C, {0x00,0x00,0x13,0xF0,0x7C,0x80,0x2B,0xE0,0x2A,0x20,0x7E,0xA0,0x4A,0xA0,0x76,0xA0,0x5A,0xA0,0x64,0xC0,0x99,0x60,0xA2,0x30}},
  {0x98A0, {0x10,0x00,0x13,0xF0,0x7C,0x80,0x7D,0xE0,0x75,0x20,0x7D,0xA0,0x45,0xA0,0x45,0xA0,0x7D,0xA0,0xFC,0xC0,0x69,0x60,0xC6,0x10}},
  {0x98A1, {0x00,0x00,0x7F,0xF0,0x38,0x80,0x39,0xE0,0x45,0x20,0x7F,0x60,0x2D,0x60,0x7D,0x60,0xA1,0xA0,0xFC,0xC0,0x31,0xE0,0xD7,0x10}},
  {0x98A6, {0x00,0x00,0x5F,0xE0,0x50,0x80,0x7F,0xE0,0x5A,0xA0,0xE1,0x60,0x3F,0xC0,0x22,0x40,0x3F,0xC0,0x24,0x40,0xFF,0xF0,0x02,0x00}},
  {0x98CE, {0x00,0x00,0x7F,0xC0,0x41,0x40,0x51,0x40,0x4A,0x40,0x4E,0x40,0x46,0x40,0x4E,0x40,0x49,0x40,0x51,0x50,0xD0,0x70,0x80,0x20}},
  {0x98D8, {0x00,0x00,0xFF,0xE0,0x22,0x20,0xFF,0x60,0xA7,0x60,0xFE,0xA0,0x02,0xA0,0x7A,0xA0,0x02,0xA0,0x7F,0x70,0x53,0x70,0xED,0x30}},
  {0x98DE, {0x00,0x00,0xFE,0x20,0x02,0x40,0x02,0x80,0x03,0x00,0x03,0x00,0x02,0xC0,0x02,0x20,0x02,0x00,0x01,0x10,0x01,0xB0,0x00,0xE0}},
  {0x98DF, {0x00,0x00,0x06,0x00,0x0D,0x00,0x32,0xC0,0xFF,0xF0,0x20,0x40,0x3F,0xC0,0x20,0x40,0x3F,0xC0,0x26,0xC0,0x25,0xC0,0x38,0x60}},
  {0x9910, {0x10,0x00,0x1D,0xE0,0x71,0x60,0x7C,0xC0,0x39,0x20,0x66,0x00,0x0F,0x00,0x30,0xC0,0x9F,0xB0,0x10,0x40,0x1F,0x80,0x30,0xE0}},
  {0x992A, {0x00,0x00,0x37,0xF0,0x58,0x80,0xAF,0xF0,0xF5,0x50,0x45,0x50,0x74,0x20,0x40,0x80,0x77,0xF0,0x51,0x80,0x7A,0x60,0x44,0x30}},
  {0x9965, {0x00,0x00,0x27,0xC0,0x7E,0x40,0x4E,0x40,0x96,0x40,0xA6,0x40,0x24,0x40,0x24,0x40,0x24,0x50,0x3C,0x50,0x38,0x50,0x08,0x60}},
  {0x996D, {0x00,0x00,0x40,0x20,0x47,0xE0,0x7C,0x00,0x94,0x00,0xF7,0xE0,0x47,0x20,0x45,0x20,0x45,0x40,0x78,0xC0,0x69,0x40,0x16,0x30}},
  {0x996E, {0x00,0x00,0x22,0x00,0x7B,0xF0,0x54,0x20,0xDD,0x20,0x21,0x80,0x21,0x80,0x21,0x80,0x23,0xC0,0x36,0x40,0x7C,0x20,0x08,0x10}},
  {0x9971, {0x00,0x00,0x42,0x00,0x46,0x00,0x77,0xE0,0x9C,0x20,0x9F,0xA0,0x44,0xA0,0x44,0xA0,0x47,0xA0,0x45,0xD0,0x74,0x10,0x67,0xE0}},
  {0x9976, {0x00,0x00,0x42,0x00,0x43,0xE0,0x7F,0x40,0xD1,0xD0,0xB3,0xD0,0x24,0x60,0x20,0x00,0x2F,0xE0,0x32,0x90,0x34,0x90,0x68,0x60}},
  {0x997C, {0x00,0x00,0x22,0x60,0x42,0x40,0x7F,0xF0,0xDA,0x40,0x92,0x40,0x22,0x40,0x2F,0xF0,0x22,0x40,0x26,0x40,0x3C,0x40,0x28,0x40}},
  {0x997F, {0x00,0x00,0x4F,0xC0,0x76,0xA0,0x56,0x80,0x9F,0xF0,0xE6,0x80,0x67,0xA0,0x6E,0xE0,0x66,0x40,0x76,0xD0,0x77,0x50,0x6C,0x20}},
  {0x9981, {0x00,0x00,0x40,0xF0,0x7F,0x80,0x55,0x20,0x94,0xE0,0xA2,0x00,0x2F,0xF0,0x26,0x40,0x26,0x40,0x31,0x80,0x33,0x40,0x6C,0x20}},
  {0x9988, {0x00,0x00,0x41,0x00,0x4F,0xE0,0x79,0x20,0xDF,0xE0,0xF1,0x00,0x2F,0xF0,0x25,0x20,0x25,0x20,0x35,0xA0,0x72,0x40,0x6C,0x20}},
  {0x9996, {0x00,0x00,0x10,0x80,0xFF,0xF0,0x04,0x00,0x3F,0xC0,0x20,0x40,0x3F,0xC0,0x20,0x40,0x3F,0xC0,0x20,0x40,0x3F,0xC0,0x20,0x40}},
  {0x9999, {0x00,0x00,0x00,0x00,0x3F,0xC0,0x06,0x00,0x7F,0xE0,0x1F,0x80,0x66,0x70,0x3F,0xC0,0x20,0x40,0x3F,0xC0,0x20,0x40,0x3F,0xC0}},
  {0x9A53, {0x00,0x00,0x7A,0x40,0x57,0xE0,0x7C,0xE0,0x55,0xC0,0x7F,0xE0,0x54,0x00,0x7F,0xE0,0x0A,0x20,0xFB,0xE0,0xCA,0x20,0x3B,0xE0}},
  {0x9A6C, {0x00,0x00,0x7F,0xC0,0x00,0xC0,0x20,0x80,0x20,0x80,0x20,0x80,0x3F,0xE0,0x00,0x20,0x00,0x20,0xFF,0xA0,0x00,0x20,0x01,0xE0}},
  {0x9A6E, {0x00,0x00,0xF8,0x80,0x10,0x80,0x57,0xF0,0x50,0x80,0x51,0x80,0x79,0x80,0x09,0x40,0x79,0x40,0xCA,0x60,0x0A,0x20,0x74,0x30}},
  {0x9A71, {0x00,0x00,0xF7,0xF0,0x14,0x00,0x57,0x20,0x55,0x60,0x54,0xC0,0x7C,0xC0,0x0C,0xC0,0x3D,0x60,0xCF,0x20,0x1C,0x00,0x77,0xF0}},
  {0x9A72, {0x00,0x00,0xF3,0xE0,0x12,0x20,0x52,0x20,0x52,0x20,0x52,0x20,0x7B,0xE0,0x0A,0x20,0x7A,0x20,0x8A,0x20,0x0B,0xE0,0x72,0x20}},
  {0x9A73, {0x00,0x00,0xF6,0x20,0x13,0xC0,0x51,0xC0,0x56,0x60,0x52,0x60,0x7A,0x40,0x09,0x40,0xF9,0x80,0x09,0xC0,0x1E,0x60,0x7C,0x30}},
  {0x9A84, {0x00,0x00,0xF7,0xE0,0x11,0x00,0x51,0x00,0x57,0xF0,0x51,0xC0,0x72,0x40,0x1E,0x70,0x32,0x40,0xD2,0x40,0x14,0x40,0x7C,0x40}},
  {0x9A97, {0x00,0x00,0xF1,0x00,0x57,0xE0,0x54,0x20,0x57,0xE0,0x54,0x00,0x77,0xE0,0x17,0x40,0x77,0xE0,0x9F,0x40,0x1B,0x40,0x6A,0x60}},
  {0x9A9B, {0x00,0x00,0x7D,0x00,0x09,0xE0,0x7F,0x40,0x34,0xC0,0x53,0x20,0x3F,0xC0,0x30,0x40,0x3F,0xE0,0x00,0x20,0x7F,0xA0,0x01,0xC0}},
  {0x9AA8, {0x00,0x00,0x3F,0xC0,0x20,0x40,0x3E,0x40,0x22,0x40,0x7F,0xE0,0x60,0x60,0x3F,0xC0,0x20,0x40,0x3F,0xC0,0x20,0x40,0x21,0x80}},
  {0x9ACB, {0x00,0x00,0x78,0x80,0x4F,0xF0,0x6D,0x50,0x6B,0xF0,0xFD,0x40,0x83,0xE0,0x7A,0xA0,0x4A,0xA0,0x79,0x90,0x4B,0x90,0x56,0x60}},
  {0x9AD8, {0x00,0x00,0x04,0x00,0xFF,0xF0,0x20,0x40,0x3F,0xC0,0x00,0x00,0x7F,0xE0,0x40,0x20,0x5F,0xA0,0x50,0xA0,0x5F,0xA0,0x40,0xE0}},
  {0x9AFD, {0x00,0x00,0x7C,0x60,0x41,0xE0,0x7F,0x20,0x69,0xC0,0x7C,0x00,0x36,0xC0,0x77,0xE0,0x46,0x00,0x7F,0xE0,0x06,0x00,0xFF,0xF0}},
  {0x9B0A, {0x00,0x00,0x7C,0x60,0x41,0xE0,0xFF,0x20,0x69,0x80,0x7F,0xE0,0x04,0x00,0xFF,0xF0,0x30,0xC0,0x7F,0xF0,0x20,0x40,0x3F,0xC0}},
  {0x9B13, {0x00,0x00,0x7C,0x20,0x40,0xC0,0x7D,0x60,0x49,0x80,0x7F,0xE0,0x60,0x00,0x20,0x00,0x3F,0xE0,0xFF,0xF0,0x00,0x00,0x70,0xE0}},
  {0x9B19, {0x00,0x00,0x7C,0x60,0x41,0xE0,0xFF,0x60,0x49,0x80,0x7F,0xE0,0x56,0xA0,0x7F,0xE0,0x40,0x00,0x3F,0xC0,0x20,0x40,0x3F,0xC0}},
  {0x9B3C, {0x00,0x00,0x04,0x00,0x7F,0xC0,0x44,0x40,0x7F,0xC0,0x44,0x40,0x7F,0xC0,0x08,0x80,0x0F,0x40,0x17,0xF0,0x66,0x10,0xC3,0xE0}},
  {0x9B40, {0x00,0x00,0x20,0x80,0x7C,0xC0,0x15,0x20,0x7E,0x30,0x15,0x40,0x7D,0x40,0x31,0x40,0x3D,0x40,0x7E,0x50,0x52,0x10,0x9F,0xE0}},
  {0x9B42, {0x00,0x00,0x01,0x00,0x7F,0xE0,0x0D,0x20,0x0F,0xE0,0xFD,0x20,0x4F,0xE0,0x53,0x40,0x53,0xA0,0xF5,0xF0,0x09,0x90,0x10,0xE0}},
  {0x9B44, {0x00,0x00,0x21,0x00,0x77,0xE0,0x55,0x20,0x57,0xE0,0x75,0x20,0x57,0xE0,0x53,0x40,0x53,0xA0,0x75,0xF0,0x4D,0x90,0x10,0xE0}},
  {0x9BBE, {0x00,0x00,0x20,0xF0,0x77,0x80,0xD0,0xA0,0xFA,0xA0,0x69,0x00,0x7F,0xF0,0x6A,0x40,0x7A,0x40,0x09,0xC0,0xBB,0x60,0x86,0x10}},
  {0x9BD8, {0x00,0x00,0x27,0xE0,0x70,0x80,0xD7,0xF0,0xF9,0xC0,0x6E,0xB0,0x7D,0x00,0x6F,0xF0,0x7A,0x40,0x0B,0xC0,0xF9,0xE0,0x86,0x30}},
  {0x9C61, {0x00,0x00,0x4E,0x40,0x7A,0x40,0xAB,0xF0,0xFE,0x40,0x3A,0x40,0x7F,0xE0,0x3A,0x60,0x7F,0x40,0x11,0x50,0xFB,0xF0,0x88,0x30}},
  {0x9C7C, {0x00,0x00,0x18,0x00,0x3F,0x80,0x61,0x00,0xFF,0xC0,0x26,0x40,0x3F,0xC0,0x26,0x40,0x3F,0xC0,0x20,0x00,0x00,0x00,0xFF,0xF0}},
  {0x9C81, {0x10,0x00,0x3F,0x00,0x63,0x00,0xFF,0xE0,0x42,0x20,0x7F,0xE0,0x42,0x20,0xFF,0xF0,0x20,0x40,0x3F,0xC0,0x20,0x40,0x3F,0xC0}},
  {0x9C97, {0x00,0x00,0x47,0x00,0x75,0x40,0x87,0x40,0xFF,0x40,0x2F,0x40,0x7F,0x40,0x2F,0x40,0x72,0x40,0x07,0x00,0x3D,0xA0,0xC8,0x60}},
  {0x9C9C, {0x00,0x00,0x22,0x20,0x79,0x40,0x53,0xF0,0xF8,0x80,0x58,0x80,0x7B,0xE0,0x58,0x80,0x78,0x80,0x4F,0xF0,0x00,0x80,0xFC,0x80}},
  {0x9C9F, {0x00,0x00,0x23,0xE0,0x78,0x20,0x53,0xE0,0xF8,0x20,0x4B,0xE0,0x78,0x20,0x4F,0xF0,0x7A,0x20,0x01,0x20,0x38,0x60,0xE1,0xC0}},
  {0x9CDE, {0x00,0x00,0x44,0xA0,0x72,0xC0,0x17,0xF0,0xF3,0xC0,0x2C,0xB0,0x74,0x20,0x27,0xF0,0x79,0xA0,0x02,0xF0,0x02,0x20,0x3C,0x20}},
  {0x9D00, {0x00,0x00,0x78,0x80,0x23,0xE0,0x22,0x20,0x33,0xE0,0x72,0x00,0x7B,0xF0,0x6A,0x00,0xA7,0xF0,0x24,0xD0,0x25,0xA0,0x20,0xE0}},
  {0x9E1F, {0x00,0x00,0x04,0x00,0x3F,0xC0,0x20,0x40,0x24,0xC0,0x27,0x80,0x20,0x00,0x3F,0xE0,0x00,0x20,0xFF,0xA0,0x00,0x20,0x03,0xC0}},
  {0x9E21, {0x00,0x00,0x01,0x00,0xFF,0xE0,0x15,0x20,0x54,0x20,0x54,0xC0,0x34,0x00,0x37,0xE0,0x30,0x20,0x4F,0xE0,0x80,0x20,0x01,0xE0}},
  {0x9E23, {0x00,0x00,0x01,0x00,0x77,0xE0,0x55,0x20,0x54,0x20,0x54,0xC0,0x54,0x00,0x57,0xE0,0x50,0x20,0x7F,0xE0,0x00,0x20,0x01,0xE0}},
  {0x9E3E, {0x00,0x00,0x06,0x00,0xFF,0xF0,0x09,0x60,0x69,0x00,0x04,0x00,0x3F,0xC0,0x24,0x40,0x3F,0xE0,0x00,0x20,0x7F,0xA0,0x01,0xE0}},
  {0x9E4F, {0x00,0x00,0x6E,0x80,0x6B,0xE0,0x6B,0x60,0x6F,0x20,0x6B,0xE0,0x6B,0x00,0x6F,0xE0,0x6A,0x20,0x2B,0xE0,0xBA,0x20,0xFC,0xE0}},
  {0x9E64, {0x00,0x00,0x10,0x80,0xFF,0xE0,0xA7,0xA0,0x29,0x20,0x7D,0xC0,0x49,0x00,0xFD,0xF0,0x48,0x20,0x7F,0xE0,0x48,0x20,0x7D,0xE0}},
  {0x9E7F, {0x00,0x00,0x02,0x00,0x7F,0xF0,0x6D,0x00,0x7F,0xE0,0x6D,0x20,0x7F,0xE0,0x51,0x00,0x5D,0x20,0x51,0xD0,0x57,0x10,0x98,0xE0}},
  {0x9EA6, {0x00,0x00,0x06,0x00,0x7F,0xE0,0x06,0x00,0x7F,0xE0,0x06,0x00,0xFF,0xF0,0x10,0x00,0x3F,0xC0,0x59,0x80,0x0F,0x00,0x79,0xF0}},
  {0x9EC1, {0x00,0x00,0x02,0x00,0x7F,0xF0,0x48,0x80,0x7F,0xE0,0x49,0xE0,0x5F,0xC0,0x7F,0xF0,0x58,0xE0,0x5F,0xE0,0xD0,0x20,0x9F,0xE0}},
  {0x9EC4, {0x00,0x00,0x10,0x80,0x7F,0xE0,0x10,0x80,0xFF,0xF0,0x06,0x00,0x3F,0xC0,0x26,0x40,0x3F,0xC0,0x26,0x40,0x3F,0xE0,0x60,0x60}},
  {0x9ECD, {0x00,0x00,0x7F,0xE0,0x06,0x00,0x7F,0xE0,0x1F,0x80,0x66,0x60,0x0B,0x00,0x32,0xC0,0x52,0xB0,0x1F,0x80,0x66,0x40,0x1C,0x00}},
  {0x9ED1, {0x00,0x00,0x7F,0xE0,0x56,0xA0,0x5F,0x20,0x7F,0xE0,0x06,0x00,0x7F,0xE0,0x06,0x00,0xFF,0xF0,0x00,0x00,0x4B,0x60,0x49,0x20}},
  {0x9ED2, {0x00,0x00,0x7F,0xE0,0x46,0x20,0x7F,0xE0,0x46,0x20,0x7F,0xE0,0x06,0x00,0x7F,0xE0,0x06,0x00,0xFF,0xF0,0x40,0x40,0x49,0x20}},
  {0x9F0E, {0x00,0x00,0x1F,0x80,0x50,0xA0,0x5F,0xA0,0x50,0xA0,0x5F,0xA0,0x50,0xA0,0x7F,0xE0,0x09,0x00,0xF9,0xE0,0x29,0x20,0x49,0x20}},
  {0x9F20, {0x00,0x00,0x18,0x00,0x63,0xC0,0x40,0x40,0x7B,0xC0,0x40,0x40,0x7F,0xC0,0x44,0x40,0x56,0x40,0x4D,0x50,0x55,0x70,0x66,0x30}},
  {0x9F50, {0x00,0x00,0x06,0x00,0xFF,0xF0,0x10,0x80,0x0F,0x00,0x0F,0x00,0x70,0xE0,0x10,0x80,0x10,0x80,0x10,0x80,0x20,0x80,0x40,0x80}},
  {0x9F7F, {0x00,0x00,0x02,0x00,0x23,0xE0,0x22,0x00,0xFF,0xF0,0x40,0x20,0x42,0x20,0x46,0x20,0x4D,0x20,0x70,0xA0,0x40,0x20,0x7F,0xC0}},
  {0x9F99, {0x00,0x00,0x09,0x80,0x08,0xC0,0xFF,0xF0,0x0A,0x00,0x0A,0x20,0x1A,0x40,0x12,0x80,0x13,0x10,0x26,0x10,0x6A,0x30,0xC1,0xE0}},
  {0x9F9F, {0x00,0x00,0x18,0x00,0x3F,0x80,0x61,0x00,0xFF,0xC0,0x64,0x40,0x7F,0xC0,0x64,0x40,0x7F,0xC0,0x64,0x10,0x06,0x30,0x03,0xE0}},
  {0xFF01, {0x00,0x00,0x00,0x00,0x30,0x00,0x30,0x00,0x30,0x00,0x30,0x00,0x30,0x00,0x30,0x00,0x00,0x00,0x00,0x00,0x30,0x00,0x00,0x00}},
  {0xFF03, {0x00,0x00,0x00,0x00,0x05,0x00,0x05,0x00,0x1F,0xC0,0x09,0x00,0x09,0x00,0x3F,0x80,0x0A,0x00,0x0A,0x00,0x00,0x00,0x00,0x00}},
  {0xFF08, {0x00,0x00,0x00,0x00,0x00,0x60,0x00,0x40,0x00,0xC0,0x00,0x80,0x00,0x80,0x00,0x80,0x00,0x80,0x00,0x80,0x00,0xC0,0x00,0x40}},
  {0xFF09, {0x00,0x00,0x00,0x00,0x60,0x00,0x20,0x00,0x30,0x00,0x10,0x00,0x10,0x00,0x10,0x00,0x10,0x00,0x10,0x00,0x30,0x00,0x20,0x00}},
  {0xFF0A, {0x00,0x00,0x00,0x00,0x06,0x00,0x0F,0x00,0x06,0x00,0x09,0x00,0x00,0x00,0x00,0x00,0x00,0x00,0x00,0x00,0x00,0x00,0x00,0x00}},
  {0xFF0B, {0x00,0x00,0x00,0x00,0x00,0x00,0x00,0x00,0x06,0x00,0x06,0x00,0x1F,0x80,0x06,0x00,0x06,0x00,0x06,0x00,0x00,0x00,0x00,0x00}},
  {0xFF0C, {0x00,0x00,0x00,0x00,0x00,0x00,0x00,0x00,0x00,0x00,0x00,0x00,0x00,0x00,0x00,0x00,0x00,0x00,0x30,0x00,0x20,0x00,0x20,0x00}},
  {0xFF0D, {0x00,0x00,0x00,0x00,0x00,0x00,0x00,0x00,0x00,0x00,0x00,0x00,0x00,0x00,0x0F,0x00,0x00,0x00,0x00,0x00,0x00,0x00,0x00,0x00}},
  {0xFF0F, {0x00,0x00,0x00,0x00,0x01,0x80,0x01,0x00,0x03,0x00,0x02,0x00,0x02,0x00,0x06,0x00,0x04,0x00,0x04,0x00,0x08,0x00,0x08,0x00}},
  {0xFF1A, {0x00,0x00,0x00,0x00,0x00,0x00,0x00,0x00,0x00,0x00,0x30,0x00,0x00,0x00,0x00,0x00,0x00,0x00,0x00,0x00,0x30,0x00,0x00,0x00}},
  {0xFF1B, {0x00,0x00,0x00,0x00,0x00,0x00,0x00,0x00,0x00,0x00,0x30,0x00,0x00,0x00,0x00,0x00,0x00,0x00,0x30,0x00,0x20,0x00,0x20,0x00}},
  {0xFF1C, {0x00,0x00,0x00,0x00,0x00,0x00,0x00,0x00,0x00,0x80,0x03,0x00,0x0C,0x00,0x0C,0x00,0x07,0x00,0x01,0x80,0x00,0x00,0x00,0x00}},
  {0xFF1D, {0x00,0x00,0x00,0x00,0x00,0x00,0x00,0x00,0x00,0x00,0x1F,0x80,0x00,0x00,0x00,0x00,0x1F,0x80,0x00,0x00,0x00,0x00,0x00,0x00}},
  {0xFF1E, {0x00,0x00,0x00,0x00,0x00,0x00,0x00,0x00,0x10,0x00,0x0C,0x00,0x03,0x00,0x03,0x00,0x0E,0x00,0x18,0x00,0x00,0x00,0x00,0x00}},
  {0xFF1F, {0x00,0x00,0x00,0x00,0x78,0x00,0x4C,0x00,0x0C,0x00,0x08,0x00,0x10,0x00,0x20,0x00,0x00,0x00,0x00,0x00,0x20,0x00,0x00,0x00}},
  {0xFF20, {0x00,0x00,0x00,0x00,0x0F,0x80,0x30,0x40,0x67,0x20,0x49,0x20,0x59,0x20,0x51,0x20,0x4B,0x60,0x6C,0xC0,0x30,0x00,0x0F,0x00}},
  {0xFF3C, {0x00,0x00,0x00,0x00,0x18,0x00,0x08,0x00,0x08,0x00,0x04,0x00,0x04,0x00,0x06,0x00,0x02,0x00,0x02,0x00,0x01,0x00,0x01,0x00}},
  {0xFF3F, {0x00,0x00,0x00,0x00,0x00,0x00,0x00,0x00,0x00,0x00,0x00,0x00,0x00,0x00,0x00,0x00,0x00,0x00,0x00,0x00,0x00,0x00,0x00,0x00}},
  {0xFF5C, {0x00,0x00,0x06,0x00,0x06,0x00,0x06,0x00,0x06,0x00,0x06,0x00,0x06,0x00,0x06,0x00,0x06,0x00,0x06,0x00,0x06,0x00,0x06,0x00}},
  {0xFF5E, {0x00,0x00,0x00,0x00,0x00,0x00,0x00,0x00,0x00,0x00,0x00,0x00,0x1C,0x80,0x13,0x80,0x00,0x00,0x00,0x00,0x00,0x00,0x00,0x00}},
  {0xFFE5, {0x00,0x00,0x00,0x00,0x10,0x80,0x19,0x80,0x09,0x00,0x06,0x00,0x1F,0x80,0x06,0x00,0x1F,0x80,0x06,0x00,0x06,0x00,0x00,0x00}},
};
